שירותי רב-קו אופקים	אופקים	הרצל 37, הבניין האדום; מול העירייה	דן בדרום	*5467	08:00-17:00|08:00-17:00|08:00-17:00|08:00-17:00|09:00-17:00|08:00-12:00|	1	1	1	31.314789	34.621366
שירותי רב-קו אור יהודה	אור יהודה	אליהו סעדון 120, קומה 1 (בתוך הקניון)	מטרופולין	*5900	08:00-21:00|08:00-21:00|08:00-21:00|08:00-21:00|08:00-21:00|08:00-13:00 בימי ו בלבד|	1	1	0	32.025492	34.858076
שירותי רב-קו אור עקיבא	אור עקיבא	רוטשילד 1, מרכז מסחרי, חנות מספר 14	קווים	*2060	08:00-13:00, 13:30-17:00|08:00-13:00, 13:30-17:00|08:00-13:00, 13:30-17:00|08:00-13:00, 13:30-17:00|08:00-13:00, 13:30-17:00|08:00-13:00|	1	1	1	32.507087	34.919294
שירותי רב-קו איכסל	איכסל	רחוב אחד 1	סופרבוס	1700-700-181	08:00-20:00|08:00-20:00|08:00-20:00|08:00-20:00|08:00-20:00|יום ו בלבד 08:00-13:00|	1	1	1	32.673480	35.314485
שירותי רב-קו אילות	אילות	מועצה אזורית אילות - אגף תחבורה, משרדי אגף תחבורה - מועצה אזורית חבל אילות	מועצה אזורית אילות	054-7880000	08:00-14:00|08:00-14:00|08:00-14:00|08:00-14:00|08:00-14:00||	1	1	1	29.935376	35.047045
שירותי רב-קו אילת	אילת	שדרות התמרים, מרכז מסחרי סנטר, מרכז מסחרי סנטר חנות 5	אגד	*2800	08:00-13:15,14:00-16:50|08:00-13:15,14:00-16:50|08:00-13:15,14:00-16:50|08:00-13:15,14:00-16:50|08:00-13:15,14:00-16:50||	1	1	1	29.556470	34.952908
שירותי רב-קו אלעד	אלעד	רחוב אבן גבירול 23	מטרופולין	*5900	08:00-21:00|08:00-21:00|08:00-21:00|08:00-21:00|08:00-21:00|בימי ו בלבד 08:00-13:00|	1	1	0	32.054022	34.960564
שירותי רב-קו אריאל	אריאל	דרך הציונות 56, מרכז אלמוג	תנופה	*8797	08:00-14:00|08:00-14:00|08:00-14:00|08:00-14:00|08:00-14:00|08:00-12:00|	1	1	1	32.107194	35.191412
שירותי רב-קו אשדוד	אשדוד	המסחר 182 רובע א, (מרכזון)	אלקטרה אפיקים	*6686	07:00-20:00|07:00-20:00|07:00-20:00|07:00-20:00|07:00-20:00|07:00-12:00|	1	1	1	31.807659	34.645499
שירותי רב-קו אשדוד	אשדוד	הרב לוין 33/הורקנוס 7 אשדוד	אלקטרה אפיקים	*6686	07:00-20:00|07:00-20:00|07:00-20:00|07:00-20:00|07:00-20:00|07:00-12:00|	1	1	1	31.791316	34.660682
שירותי רב-קו אשדוד	אשדוד	מתחם ביג אשדוד, מסוף תחבורה ציבורית, מסוף תחבורה ציבורית מתחם ביג אשדוד	אלקטרה אפיקים	*6686	07:00-20:00|07:00-20:00|07:00-20:00|07:00-20:00|07:00-20:00|07:00-12:00|	1	1	1	31.771917	34.624269
שירותי רב-קו אשדוד	אשדוד	רחוב אבנר בן נר 2,הנביאים 18, מרכזון	אלקטרה אפיקים	*6686	07:00-20:00|07:00-20:00|07:00-20:00|07:00-20:00|07:00-20:00|07:00-12:00|	1	1	1	31.782881	34.648028
שירותי רב-קו אשדוד	אשדוד	תחנה מרכזית, רחבת רציפים,קניון הסיטי	אלקטרה אפיקים	*6686	07:00-21:00|07:00-21:00|07:00-21:00|07:00-21:00|07:00-21:00|07:00-13:00|	1	1	1	31.609476	34.770130
שירותי רב-קו אשקלון	אשקלון	רחוב רמז 7, מרכז דוד רמז	דן בדרום	*5467	08:00-17:00|08:00-17:00|08:00-17:00|08:00-17:00|09:00-17:00||	1	1	1	31.663370	34.583844
שירותי רב-קו אשקלון	אשקלון	תחנה מרכזית, מתחם החנויות תחנה מרכזית	דן בדרום	*5467	08:00-19:00|08:00-19:00|08:00-19:00|08:00-19:00|08:00-19:00|08:00-13:00|	1	1	1	31.609476	34.770130
שירותי רב-קו נמל תעופה רמון	באר אורה	נמל תעופה רמון	אגד	*2800	07:00-18:50|07:00-18:50|07:00-18:50|07:00-18:50|07:00-18:50|07:00-12:50|18:00-21:50	1	1	1	29.725338	35.005829
שירותי רב-קו באר שבע	באר שבע	יוהנה זבוטינסקי 30, מרכז מסחרי נווה זאב	דן באר שבע	*3527	09:00-17:00|09:00-17:00|09:00-17:00|09:00-17:00|09:00-17:00||	1	1	1	31.239174	34.774013
שירותי רב-קו באר שבע	באר שבע	רחוב התקווה 4, קניון קרית הממשלה,בקומת הקרקע בסמוך למתחם ההסעדה	דן באר שבע	*3527	09:00-17:00|09:00-17:00|09:00-17:00|09:00-17:00|09:00-17:00||	1	1	1	31.245638	34.799511
שירותי רב-קו באר שבע	באר שבע	תחנה מרכזית, מתחם החנויות	דן באר שבע	*3527	08:00-19:00|08:00-19:00|08:00-19:00|08:00-19:00|08:00-19:00|08:00-13:00|	1	1	1	31.609476	34.770130
שירותי רב-קו באר שבע	באר שבע	שדרות בן גוריון תחנת רכבת באר שבע צפון/האוניברסיטה	רכבת ישראל	*5770	07:00-19:00|07:00-19:00|07:00-19:00|07:00-19:00|07:00-19:00||	0	1	1	31.257329	34.812031
שירותי רב-קו בית גאן	בית גאן	רחוב שייח' אמין טאריף, בית זאיד חמזה	נתיב אקספרס	*3553	08:00-11:30;12:00-16:00|08:00-11:30;12:00-16:00|07:30-11:30;12:00-15:30|08:00-11:30;12:00-16:00|08:00-11:30;12:00-16:00|08:00-11:30;12:00-13:00|	1	1	1	32.972030	35.377469
שירותי רב-קו בית שאן	בית שאן	מסוף בית שאן תחנה מרכזית	סופרבוס	1700-700-181	08:00-18:00|08:00-18:00|08:00-18:00|08:00-18:00|08:00-18:00|08:00-12:00 יום ו בלבד|	1	1	1	32.498359	35.504987
שירותי רב-קו בית שמש	בית שמש	יצחק רבין 17	בית שמש אקספרס	*3343	08:00-11:30;12:00-17:30;18:00-21:00|08:00-11:30;12:00-17:30;18:00-21:00|08:00-11:30;12:00-17:30;18:00-21:00|08:00-11:30;12:00-17:30;18:00-21:00|08:00-11:30;12:00-17:30;18:00-21:00|08:00-13:00|	1	1	1	31.746663	34.993563
שירותי רב-קו בית שמש	בית שמש	שדרות נהר הירדן 1, קניון לב הרמה [קומת כניסה]	בית שמש אקספרס	*3343	08:00-11:30;12:00-17:30;18:00-21:00|08:00-11:30;12:00-17:30;18:00-21:00|08:00-11:30;12:00-17:30;18:00-21:00|08:00-11:30;12:00-17:30;18:00-21:00|08:00-11:30;12:00-17:30;18:00-21:00|08:00-13:00|	1	1	1	31.736631	34.993076
שירותי רב-קו בית שמש	בית שמש	רמת בית בית שמש ג, מרכז מסחרי רימונים	בית שמש אקספרס	*3343	08:00-11:30;12:00-17:30;18:00-21:00|08:00-11:30;12:00-17:30;18:00-21:00|08:00-11:30;12:00-17:30;18:00-21:00|08:00-11:30;12:00-17:30;18:00-21:00|08:00-11:30;12:00-17:30;18:00-21:00|08:00-13:00|	1	1	1	31.704854	34.992484
שירותי רב-קו בית שמש	בית שמש	קישון פינת נחל צאלים 2, מרכז משולשים רמת בית שמש	בית שמש אקספרס	*3343	08:00-11:30;12:00-17:30;18:00-21:00|08:00-11:30;12:00-17:30;18:00-21:00|08:00-11:30;12:00-17:30;18:00-21:00|08:00-11:30;12:00-17:30;18:00-21:00|08:00-11:30;12:00-17:30;18:00-21:00|08:00-13:00|	1	1	1	31.713509	34.988773
שירותי רב-קו ביתר עילית	ביתר עילית	הר"ן 6, מרכז מסחרי כיכר העיר	קווים	*2060	10:00-15:00, 15:45-19:00|10:00-15:00, 15:45-19:00|10:00-15:00, 15:45-19:00|10:00-15:00, 15:45-19:00|10:00-15:00, 15:45-19:00|09:30-13:00|	1	1	1	31.705030	35.116959
שירותי רב-קו ביתר עילית	ביתר עילית	ישמח ישראל 2, מרכז מסחרי חיים תמרים (זקן)	קווים	*2060	10:00-15:30, 16:15-19:00|10:00-15:30, 16:15-19:00|10:00-15:30, 16:15-19:00|10:00-15:30, 16:15-19:00|10:00-15:30, 16:15-19:00|09:30-13:00|	1	1	1	31.700697	35.108319
שירותי רב-קו ביתר עילית	ביתר עילית	רבי עקיבא 9	קווים	*2060	10:00-13:30, 14:15-19:00|10:00-13:30, 14:15-19:00|10:00-13:30, 14:15-19:00|10:00-13:30, 14:15-19:00|10:00-13:30, 14:15-19:00|09:30-13:00|	1	1	1	31.697781	35.122243
שירותי רב-קו בני ברק	בני ברק	רחוב בן גוריון 31	דן	*3456	08:00-18:00|08:00-18:00|08:00-18:00|08:00-18:00|08:00-18:00|08:00-13:00|	1	1	1	32.090221	34.822806
שירותי רב-קו בני ברק	בני ברק	רחוב ירושלים 53	דן	*3456	08:00-18:00|08:00-18:00|08:00-18:00|08:00-18:00|08:00-18:00|08:00-13:00|	1	1	1	32.082879	34.827759
שירותי רב-קו בנימינה	בנימינה	הטחנה 46, תחנת רכבת בנימינה	רכבת ישראל	*5770	07:00-19:00|07:00-19:00|07:00-19:00|07:00-19:00|07:00-19:00||	0	1	1	32.513614	34.951439
שירותי רב-קו בת ים	בת ים	בלפור 45 (בפסאג')	אגד	*2800	07:00-18:50|07:00-18:50|07:00-18:50|07:00-18:50|07:00-18:50|08:00-12:50|	1	1	1	32.028275	34.748475
שירותי רב-קו בת ים	בת ים	רחוב הרב ניסנבאום 33, קניון בתימון; קומה 2	דן	*3456	08:00-18:00|08:00-18:00|08:00-18:00|08:00-18:00|08:00-18:00|08:00-13:00|	1	1	1	32.012536	34.752276
שירותי רב-קו גבעת זאב	גבעת זאב	רחוב קדרון 10, מרכז מסחרי	דרך אגד	*3112	08:00-16:50|08:00-16:50|08:00-16:50|08:00-16:50|08:00-16:50|08:00-12:50|	1	1	1	31.862901	35.174938
שירותי רב-קו גדרה	גדרה	תחנה מרכזית, צמוד לרולדין	מטרופולין	*5900	08:00-14:00;14:30-17:00|10:00-14:00;14:30-19:00|08:00-14:00;14:30-17:00|10:00-14:00;14:30-19:00|08:00-14:00;14:30-17:00|אחת לחודש - לסרוגין 08:00-13:00|	1	1	1	31.609476	34.770130
שירותי רב-קו גוש עציון	גוש עציון	קניון הרים גוש עציון, , קומה 1 מול מסעדת גרג	אלקטרה אפיקים	*6686	09:00-17:00|09:00-19:00|09:00-17:00|09:00-17:00|09:00-17:00|08:30-12:00|	1	1	1	31.645322	35.130481
שירותי רב-קו גן יבנה	גן יבנה	רחוב הרצל 42	אלקטרה אפיקים	*6686	07:00-21:00|07:00-21:00|07:00-21:00|07:00-21:00|07:00-21:00|07:00-13:00|	1	1	1	31.783960	34.706029
שירותי רב-קו דימונה	דימונה	מ"ג המעפילים 215, מרכז מסחרי	אגד	*2800	07:45-13:00,13:30-16:20|07:45-13:00,13:30-16:20|07:45-13:00,13:30-15:20|07:45-13:00,13:30-16:20|07:45-13:00,13:30-16:20||	1	1	1	31.066520	35.030949
שירותי רב-קו הוד השרון	הוד השרון	רחוב רמתיים 35	מטרופולין	*5900	09:00-13:30;14:00-18:00|09:00-13:30;14:00-18:00|09:00-13:30;14:00-18:00|09:00-13:30;14:00-18:00|09:00-13:30;14:00-18:00||	1	1	1	32.159765	34.894536
שירותי רב-קו הרצליה	הרצליה	רחוב בן גוריון 2, פינת סוקולוב; בתוך מתחם לב העיר (קומת כניסה)	מטרופולין	*5900	07:00-20:00|07:00-20:00|07:00-20:00|07:00-20:00|07:00-20:00|ימי ו בלבד 08:00-13:00|	1	1	1	32.167158	34.842408
שירותי רב-קו זכרון יעקב	זכרון יעקב	המייסדים 51, מדרחוב	אגד	*2800	08:00-10:00,10:30-17:00,17:30-19:50|08:00-10:00,10:30-17:00,17:30-19:50|08:00-10:00,10:30-17:00,17:30-19:50|08:00-10:00,10:30-17:00,17:30-19:50|08:00-10:00,10:30-17:00,17:30-19:50|08:00-12:50|	1	1	1	32.573883	34.953977
שירותי רב-קו זרזיר	זרזיר	זרזיר 7626, מרכז מסחרי זרזיר,קומת קרקע	נסיעות ותיירות נצרת	*3553	08:00-16:00|08:00-16:00|08:00-16:00|08:00-16:00|08:00-16:00||08:00-14:00	1	1	1	32.730822	35.225445
שירותי רב-קו חדרה	חדרה	תחנה מרכזית-מלחמת ששת הימים, תחנה מרכזית; רציף הורדה מזרחי [סמוך לקופות]	אגד	*2800	07:00-9:00,9:30-17:00,17:30-18:50|07:00-9:00,9:30-17:00,17:30-18:50|07:00-9:00,9:30-17:00,17:30-18:50|07:00-9:00,9:30-17:00,17:30-18:50|07:00-9:00,9:30-17:00,17:30-18:50|08:00-12:50|	1	1	1	32.435963	34.914455
שירותי רב-קו חדרה	חדרה	רחוב אחד העם 2, תחנה מרכזית	קווים	*2060	08:00-13:30, 14:00-17:00|08:00-13:30, 14:00-17:00|08:00-13:30, 14:00-17:00|08:00-13:30, 14:00-17:00|08:00-13:30, 14:00-17:00|08:00-13:00|	1	1	1	32.435379	34.914413
שירותי רב-קו חולון	חולון	שדרות קוגל 27	אגד	*2800	07:00-18:50|07:00-18:50|07:00-18:50|07:00-18:50|07:00-18:50|08:00-12:50|	1	1	1	32.024373	34.774754
שירותי רב-קו חולון	חולון	רחוב קרן היסוד 1	מטרופולין	*5900	08:00-21:00|08:00-21:00|08:00-21:00|08:00-21:00|08:00-21:00|08:00-13:00|	1	1	1	32.008638	34.791806
שירות רב-קו חורה	חורה	רח' אלסלאם שכונה 5, מול הכניסה לאזור התעשייה	גלים	*6657	08:00-16:00|08:00-16:00|08:00-16:00|08:00-16:00|08:00-16:00||	1	1	1	31.294113	34.925731
שירותי רב-קו חיפה	חיפה	מכרזית המפרץ-ההסתדרות 55, מרכזית המפרץ	אגד	*2800	07:00-18:50|07:00-18:50|07:00-18:50|07:00-18:50|07:00-18:50|07:30-12:50|	1	1	1	32.793132	35.034303
שירותי רב-קו חיפה	חיפה	מרכזית חוף הכרמל - מאיר זורע 1	אגד	*2800	07:00-18:50|07:00-18:50|07:00-18:50|07:00-18:50|07:00-18:50|07:30-12:50|	1	1	1	32.793873	34.959318
שירותי רב-קו חיפה	חיפה	רחוב הגליל 76 פינת הבריכה, נווה שאנן [פינת רח' הבריכה]	אגד	*2800	07:00-18:50|07:00-18:50|07:00-18:50|07:00-18:50|07:00-18:50|08:00-12:50|	1	1	1	32.789445	35.018615
שירותי רב-קו חיפה	חיפה	אבן סינא 2	אגד	*2800	07:00-18:50|07:00-18:50|07:00-18:50|07:00-18:50|07:00-18:50||	1	1	1	32.814621	34.997786
שירותי רב-קו חיפה	חיפה	שדרות הנשיא 122, בתוך הכרמלית במרכז הכרמל, תחנת מרכז הכרמל כרמלית	כרמלית	43730010	08:30-14:00|08:30-14:00|08:30-14:00|08:30-14:00|08:30-14:00||	1	1	0	32.814200	34.979857
שירותי רב קו מרכזית המפרץ חיפה	חיפה	מרכזית המפרץ, חיפה, מרכזית המפרץ סמוך לעמדת המודיעין	סופרבוס	1700-700-181	07:00-20:00|07:00-20:00|07:00-20:00|07:00-20:00|07:00-20:00|07:00-14:00 יום ו בלבד|	1	1	1	32.793132	35.034303
שירותי רב-קו חצור הגלילית	חצור הגלילית	דרך הבנים/קניון הגליל העליון	נתיב אקספרס	*3553	08:00-12:30;13:00-15:30|08:00-12:30;13:00-15:30|08:00-12:30;13:00-15:30|08:00-12:30;13:00-15:30|08:00-12:30;13:00-15:30|08:00-12:00|	1	1	1	32.981170	35.555885
שירותי רב-קו טבריה	טבריה	רובע ד - רחוב אור החיים 21, ליד הדואר	סופרבוס	1700-700-181	07:00-19:00|07:00-19:00|07:00-19:00|07:00-19:00|07:00-19:00|יום ו בלבד 08:00-12:00|	1	1	1	32.778919	35.514245
שירותי רב-קו טבריה	טבריה	תחנה מרכזית	סופרבוס	1700-700-181	07:00-19:15|07:00-19:15|07:00-19:15|07:00-19:15|07:00-19:15|07:00-12:15 יום ו בלבד|19:00-21:00	1	1	1	31.609476	34.770130
שירותי רב-קו טירת הכרמל	טירת הכרמל	העצמאות 48, מרכז מסחרי	אגד	*2800	07:00-18:50|07:00-18:50|07:00-18:50|07:00-18:50|07:00-18:50|08:00-12:50|	1	1	1	32.761516	34.973632
מרכזי שירות על-הקו טמרה	טמרה	קניון טמרה טמרה	נתיב אקספרס	*3553	08:00-11:30;12:00-16:00|08:00-11:30;12:00-16:00|08:00-11:30;12:00-16:00|08:00-11:30;12:00-16:00|08:00-11:30;12:00-16:00||08:00-11:30;12:00-14:00	1	1	1	32.856369	35.178797
שירותי רב-קו יבנה	יבנה	תחנה מרכזית, Transport; vacation and parking center	אלקטרה אפיקים	*6686	07:00-21:00|07:00-21:00|07:00-21:00|07:00-21:00|07:00-21:00|07:00-13:00|	1	1	1	31.609476	34.770130
שירותי רב-קו יהוד	יהוד מונוסון	רחוב ויצמן 45	מטרופולין	*5900	08:00-21:00|08:00-21:00|08:00-21:00|08:00-21:00|08:00-21:00|בימי ו בלבד 08:00-13:00|	1	1	0	32.032872	34.892658
שירותי רב-קו יוקנעם	יקנעם	התמר 2, מתחם G יוקנעם עילית	סופרבוס	1700-700-181	07:00-19:00|07:00-19:00|07:00-19:00|07:00-19:00|07:00-19:00|יום ו בלבד 07:00-12:00|	1	1	1	32.660215	35.102652
שירותי רב-קו ירוחם	ירוחם	רחוב צבי בורנשטיין 658, מול המתנ"ס	מטרופולין	*5900	08:00-14:00;14:30-17:00|10:00-14:00;14:30-19:00|08:00-14:00;14:30-17:00|10:00-14:00;14:30-19:00|08:00-14:00;14:30-17:00|אחת לחודש - לסרוגין 08:00-13:00|	1	1	1	30.986964	34.932518
שירותי רב-קו ירושלים	ירושלים	קניון גילה- צביה ויצחק, בקומת הכניסה; מול אופטיקה מני	אגד	*2800	08:00-15:50|08:00-15:50|08:00-15:50|08:00-15:50|08:00-15:50|08:00-12:50|	1	1	1	31.731763	35.187359
שירותי רב-קו ירושלים	ירושלים	קניון הדר-גנרל פייר 26, בקומה מינוס 1; סמוך לאופטיקה הלפרין	אגד	*2800	08:00-19:50|08:00-19:50|08:00-19:50|08:00-19:50|08:00-19:50|09:00-12:50|	1	1	1	31.753753	35.213513
שירותי רב-קו ירושלים	ירושלים	קניון פסגת זאב-משה דיין 148, ממוקמת בקומה השנייה מול קופת חולים מאוחדת	אגד	*2800	08:00-19:50|08:00-19:50|08:00-19:50|08:00-19:50|08:00-19:50|09:00-12:50|	1	1	1	31.824477	35.237098
שירותי רב-קו ירושלים	ירושלים	קניון רב שפע-שמגר 16, קומה 2	אגד	*2800	09:00-20:10|09:00-20:10|09:00-20:10|09:00-20:10|09:00-20:10|08:30-11:50|	1	1	1	31.794916	35.208322
שירותי רב-קו ירושלים	ירושלים	קניון רמות-שדרות גולדה מאיר 255, בקומת הכניסה,סמוך לקפה נאמן,מול בנק לאומי	אגד	*2800	08:00-19:50|08:00-19:50|08:00-19:50|08:00-19:50|08:00-19:50|09:00-12:50|	1	1	1	31.818571	35.194426
שירותי רב-קו ירושלים	ירושלים	קניון הפעמון- רחוב המלך גורג 3	אגד	*2800	08:30-19:30|08:30-19:30|08:30-19:30|08:30-19:30|08:30-19:30|08:00-12:50|	1	1	1	31.782890	35.217872
שירותי רב-קו ירושלים	ירושלים	תחנה מרכזית- יפו 224, מול רציף 22	אגד	*2800	07:00-18:50|07:00-18:50|07:00-18:50|07:00-18:50|07:00-18:50|07:00-12:20|	1	1	1	31.789228	35.203145
שירותי רב-קו ירושלים	ירושלים	רחוב יפו 97, בניין כלל קומה 17	כפיר	*2779	09:00-17:00|09:00-17:00|09:00-17:00|09:00-17:00|09:00-17:00|09:00-13:00|	1	1	1	31.784062	35.217798
שירותי רב-קו ירושלים	ירושלים	רחוב דרך שכם (מסוף שכם), שער שכם - ת"מ מסוף שכם	תוכנית אב לתחבורה ירושלים		09:00-18:00|09:00-18:00|09:00-18:00|09:00-18:00|09:00-18:00|09:00-18:00|	0	0	1	31.783742	35.228812
שירותי רב-קו ירושלים	ירושלים	מעבר קלנדיה, חנות בקומה הראשונה בקניון אדהאר	תוכנית אב לתחבורה ירושלים		09:00-16:00||09:00-16:00||||	0	0	1	31.861637	35.225099
שירותי רב-קו ירושלים	ירושלים	סולטאן סולימאן 13, תחנה מרכזית	תוכנית אב לתחבורה ירושלים		09:00-18:00|09:00-18:00|09:00-18:00|09:00-18:00|09:00-18:00|09:00-18:00|	0	0	1	31.782627	35.233160
שירותי רב-קו ירושלים	ירושלים	סולטאן סולימאן 9, תחנת מוניות טקסי אלנג'מה	תוכנית אב לתחבורה ירושלים		09:00-18:00|09:00-18:00|09:00-18:00|09:00-18:00|09:00-18:00|09:00-18:00|	0	0	1	31.782957	35.232638
שירותי רב-קו ירכא	ירכא	בית ספר מקיף ליד מול הנוף	נתיב אקספרס	*3553	08:00-12:00;12:30-17:00|08:00-12:00;12:30-17:00|08:00-12:00;12:30-17:00|08:00-12:00;12:30-17:00|08:00-12:00;12:30-17:00|08:00-11:30;12:00-13:30|	1	1	1	32.953065	35.183520
שירותי רב-קו כסיפה	כסיפה	שכונה 42 בית 15	גלים	*6657	08:00-16:00|08:00-16:00|08:00-16:00|08:00-16:00|08:00-16:00||	1	1	1	31.242712	35.095967
שירותי רב-קו כפר סבא	כפר סבא	הצומת 9 כפר סבא, Above Shufersal	מטרופולין	*5900	08:00-17:00|08:00-17:00|08:00-17:00|08:00-17:00|08:00-17:00||	1	1	1	32.174590	34.891209
שירותי רב-קו כפר סבא	כפר סבא	תחנה מרכזית ויצמן 153, בחזית	מטרופולין	*5900	07:00-20:00|07:00-20:00|07:00-20:00|07:00-20:00|07:00-20:00|בימי ו בלבד 08:00-13:00|	1	1	1	32.174494	34.914982
שירותי רב-קו כרמיאל	כרמיאל	קניון לב כרמיאל - מורד הגיא 100, קניון לב כרמיאל,קומה 1	אגד	*2800	08:00-11:00,11:15-17:00,17:15-19:50|08:00-11:00,11:15-17:00,17:15-19:50|08:00-11:00,11:15-17:00,17:15-19:50|08:00-11:00,11:15-17:00,17:15-19:50|08:00-11:00,11:15-17:00,17:15-19:50|08:00-12:50|	1	1	1	32.908019	35.293955
שירותי רב-קו כרמיאל	כרמיאל	שד' נשיאי ישראל 100 כרמיאל., קניון לב כרמיאל	נתיב אקספרס	*3553	08:00-11:30;12:00-16:00|08:00-11:30;12:00-16:00|08:00-11:30;12:00-16:00|08:00-11:30;12:00-16:00|08:00-11:30;12:00-16:00|08:00-10:30;11:00-14:00|	1	1	1	32.927619	35.324345
שירותי רב-קו לוד	לוד	כיכר הפלמח, תחנה מרכזית	קווים	*2060	08:00-13:30, 14:00-17:00|08:00-13:30, 14:00-17:00|08:00-13:30, 14:00-17:00|08:00-13:30, 14:00-17:00|08:00-13:30, 14:00-17:00|08:00-13:00|	1	1	1	31.956505	34.897254
שירותי רב-קו מבשרת ציון	מבשרת ציון	יסמין 125, מרכז מסחרי	דרך אגד	*3112	08:00-15:50|08:00-15:50|08:00-15:50|08:00-15:50|08:00-15:50|08:00-12:50|	1	1	1	31.801498	35.143883
שירותי רב-קו מגאר	מג'אר	מג'אר ראס אלחאביה, ליד בי"ס אלמופתאן	נסיעות ותיירות נצרת	*3553	08:00-16:00|08:00-16:00|08:00-16:00|08:00-16:00|08:00-16:00||08:00-14:00	1	1	1	32.883348	35.420216
שירותי רב-קו מגדל העמק	מגדל העמק	הראשונים 31, Migdal HaEmek transport terminal	סופרבוס	1700-700-181	07:00-19:00|07:00-19:00|07:00-19:00|07:00-19:00|07:00-19:00|07:00-12:00 יום ו בלבד|	1	1	1	32.679173	35.235929
שירותי רב-קו מודיעין	מודיעין מכבים רעות	תחנה מרכזית חדשה	קווים	*2060	08:00-12:30, 13:00-17:00|08:00-12:30, 13:00-17:00|08:00-12:30, 13:00-17:00|08:00-12:30, 13:00-17:00|08:00-12:30, 13:00-17:00|08:00-13:00|	1	1	1	31.900074	35.006744
שירותי רב-קו מודיעין עילית	מודיעין עילית	מסילת ישרים, המסוף העירוני	קווים	*2060	10:00-19:00|10:00-19:00|10:00-19:00|10:00-19:00|10:00-19:00|08:00-13:00|	1	1	1	31.932432	35.037659
שירותי רב-קו מודיעין עילית	מודיעין עילית	חפץ חיים 5	קווים	*2060	10:00-15:30, 16:15-19:00|10:00-15:30, 16:15-19:00|10:00-15:30, 16:15-19:00|10:00-15:30, 16:15-19:00|10:00-15:30, 16:15-19:00|09:30-13:00|	1	1	0	31.933784	35.046470
שירותי רב-קו מעלה אדומים	מעלה אדומים	דרך קדם 5, קניון עופר אדומים	אלקטרה אפיקים	*6686	08:00-19:00|08:00-19:00|08:00-19:00|08:00-19:00|08:00-19:00|08:00-13:00|	1	1	1	31.778863	35.316200
שירותי רב-קו מעלות	מעלות	רח' ז'בוטינסקי 22, מרכז מסחרי סנטריון	נתיב אקספרס	*3553	08:00-11:30;12:00-16:00|08:00-11:30;12:00-16:00|08:00-11:30;12:00-16:00|08:00-11:30;12:00-16:00|08:00-11:30;12:00-16:00|08:00-13:30|	1	1	1	33.013588	35.281970
שירותי רב-קו נהריה	נהריה	תחנה מרכזית נהריה	נתיב אקספרס	*3553	07:00-12:00;12:30-17:00|07:00-12:00;12:30-17:00|07:00-12:00;12:30-17:00|07:00-12:00;12:30-17:00|07:00-12:00;12:30-17:00|07:00-11:30;12:00-14:00|	1	1	1	33.005762	35.097105
שירותי רב-קו נוף הגליל	נוף הגליל	רחוב עצמון 90 (נוף הגליל), מרכז רסקו [מול הדואר]	ש.א.מ	*3553	08:00-16:00|08:00-16:00|08:00-16:00|08:00-16:00|08:00-16:00|08:00-13:00|	1	1	1	32.707527	35.322733
שירותי רב-קו לוד; נמל התעופה בן גוריון	נמל התעופה בן גוריון	נמל התעופה בן גוריון, [אולם הנוחתים]	מטרופולין	*5900	46197|46197|46197|46197|46197|שעון קיץ: עד השעה 15:00, שעון חורף עד השעה 14:00|שעון קיץ החל מ-21:00, שעון חורף החל מהשעה 20:00	1	1	0	32.000154	34.870533
שירותי רב-קו נס ציונה	נס ציונה	רחוב רוטשילד 4	אגד	*2800	07:00-9:30,10:00-17:00,17:30-18:50|07:00-9:30,10:00-17:00,17:30-18:50|07:00-9:30,10:00-17:00,17:30-18:50|07:00-9:30,10:00-17:00,17:30-18:50|07:00-9:30,10:00-17:00,17:30-18:50|08:00-9:00,9:30-12:50|	1	1	1	31.928575	34.797752
שירותי רב-קו נצרת	נצרת	תאופיק זאייד 8, בניין אלוופא סנטר קומה 3	גי בי טורס	04-6036100	|08:00-18:00|08:00-18:00|08:00-14:00|08:00-18:00|08:00-18:00|08:00-14:00	1	1	1	32.699572	35.297018
שירותי רב-קו נצרת	נצרת	רחוב 4066 פאולוס השישי, מול תחנת אוטובוסים נצרת חיפה	ש.א.מ	*3553	|08:00-16:00|08:00-16:00|08:00-16:00|08:00-16:00|08:00-16:00|08:00-16:00	1	1	1	32.700762	35.298068
שירותי רב-קו נתיבות	נתיבות	שדרות ירושלים 1, כניסה לעיר נתיבות	דן בדרום	*5467	08:00-17:00|08:00-17:00|08:00-17:00|08:00-17:00|09:00-17:00|08:00-12:00|	1	1	1	31.424973	34.600770
שירותי רב-קו נתניה	נתניה	תחנה מרכזית	אקסטרה	*6747	07:00-20:00|07:00-20:00|07:00-20:00|07:00-20:00|07:00-20:00|07:00-13:00|	1	1	1	31.609476	34.770130
שירותי רב-קו נתניה	נתניה	רחוב טום לנטוס 26, מרכז קריית השרון (קומת כניסה אחורית)	מטרופולין	*5900	08:00-21:00|08:00-21:00|08:00-21:00|08:00-21:00|08:00-21:00|בימי ו בלבד 08:00-13:00|	1	1	1	32.306935	34.869660
שירותי רב-קו סכנין	סכנין	קניון חוצות הזיתים, ליד עומר אלמוכתאר	נסיעות ותיירות נצרת	*3553	08:00-16:00|08:00-16:00|08:00-16:00|08:00-16:00|08:00-16:00||08:00-16:00	1	1	1	32.860225	35.311515
שירותי רב-קו עכו	עכו	תחנה מרכזית עכו	נתיב אקספרס	*3553	07:00-12:00;12:30-17:00|07:00-12:00;12:30-17:00|07:00-12:00;12:30-17:00|07:00-12:00;12:30-17:00|07:00-12:00;12:30-17:00|07:00-12:00;12:30-14:00|	1	1	1	32.927080	35.080616
שירותי רב-קו עוספייה	עספיא	כביש דליה עוספיא 30090, מתחם מכללת דליה	סופרבוס	1700-700-181	07:00-19:00|07:00-19:00|07:00-19:00|07:00-19:00|07:00-19:00|07:00-12:00 יום ו בלבד|	1	1	1	32.718336	35.045858
שירותי רב-קו עפולה	עפולה	שפרינצק 2, התחנה המרכזית החדשה	סופרבוס	1700-700-181	07:00-19:15|07:00-19:15|07:00-19:15|07:00-19:15|07:00-19:15|07:00-12:15 יום ו בלבד|19:00-21:00	1	1	1	32.609088	35.291804
שירותי רב-קו עפולה	עפולה	רחוב קפלן 9, מתחם מסחרי עפולה עילית	סופרבוס	1700-700-181	07:00-19:00|07:00-19:00|07:00-19:00|07:00-19:00|07:00-19:00|07:00-12:15 יום ו בלבד|	1	1	1	32.631470	35.323545
שירותי רב-קו ערד	ערד	תחנה מרכזית, מול תחנת המשטרה	מטרופולין	*5900	08:00-14:00;14:30-17:00|10:00-14:00;14:30-19:00|08:00-14:00;14:30-17:00|10:00-14:00;14:30-19:00|08:00-14:00;14:30-17:00|אחת לחודש - לסרוגין 08:00-13:00|	1	1	1	31.609476	34.770130
שירותי רב-קו פרדס חנה	פרדס חנה	קניונית שדרות הדקלים 86	קווים	*2060	08:00-13:00, 13:30-17:00|08:00-13:00, 13:30-17:00|08:00-13:00, 13:30-17:00|08:00-13:00, 13:30-17:00|08:00-13:00, 13:30-17:00|08:00-13:00|	1	1	1	31.256476	35.211161
שירותי רב-קו פתח תקווה	פתח תקווה	מסוף התחבורה ציבורית אבנת (יותם ויואב), בסמוך לקניון אבנת מול הכניסה מרח זבוטינסקי	אלקטרה אפיקים	*6686	07:00-21:00|07:00-21:00|07:00-21:00|07:00-21:00|07:00-21:00|07:00-13:00|	1	1	1	32.091486	34.867788
שירותי רב-קו פתח תקווה	פתח תקווה	רחוב צאלח שלום 30, שכונת עמישב, מרכז מסחרי צאלח שלום; שכונת עמישב	אלקטרה אפיקים	*6686	07:00-21:00|07:00-21:00|07:00-21:00|07:00-21:00|07:00-21:00|07:00-13:00|	1	1	1	32.076030	34.911103
שירותי רב-קו פתח תקווה	פתח תקווה	רחוב זאב אורלוב 84, סמוך לתחנה המרכזית	דן	*3456	08:00-18:00|08:00-18:00|08:00-18:00|08:00-18:00|08:00-18:00|08:00-13:00|	1	1	1	32.094855	34.888076
שירותי רב-קו צפת	צפת	תחנה מרכזית צפת	נתיב אקספרס	*3553	08:00-12:30;13:00-18:00|08:00-12:30;13:00-18:00|08:00-12:30;13:00-18:00|08:00-12:30;13:00-18:00|08:00-12:30;13:00-18:00|08:00-12:00|	1	1	1	32.959328	35.489685
שירותי רב-קו קצרין	קצרין	מבנה קסם הגולן חוצות קצרין, ליד "קפה-קפה"	החברה הכלכלית לישובי הגולן	04-6851011	08:00-13:00;14:00-16:30|08:00-13:00;14:00-16:30|08:00-13:00;14:00-16:30|08:00-13:00;14:00-16:30|08:00-13:00;14:00-16:30||	1	1	1	32.987207	35.707498
שירותי רב-קו קריית אונו	קריית אונו	שלמה המלך 37, קניון קרית אונו; קומה 7,מגדל A	מטרופולין	*5900	08:00-21:00|08:00-21:00|08:00-21:00|08:00-21:00|08:00-21:00|בימי ו בלבד 08:00-13:00|	1	1	0	32.055617	34.863607
שירותי רב-קו קרית ארבע	קרית ארבע	תחנת דלק פז; כניסה לישוב קרית ארבע; קומת קרקע בסמוך לכניסה לחנות Yellow, תחנת דלק פז ליד yellow	אלקטרה אפיקים	*6686	08:00-19:00|08:00-17:00|08:00-17:00|08:00-17:00|08:00-17:00|08:00-12:00|	1	1	1	31.529048	35.119100
שירותי רב-קו קרית גת	קרית גת	תחנה מרכזית, מול התחנה לבאר שבע	מטרופולין	*5900	08:00-14:00;14:30-17:00|10:00-14:00;14:30-19:00|08:00-14:00;14:30-17:00|10:00-14:00;14:30-19:00|08:00-14:00;14:30-17:00|אחת לחודש -לסרוגין 08:00-13:00|	1	1	1	31.609476	34.770130
שירותי רב-קו קרית טבעון	קרית טבעון	אלכסנדר זייד 1, מרכז מסחרי	סופרבוס	1700-700-181	07:00-19:00|07:00-19:00|07:00-19:00|07:00-19:00|07:00-19:00|07:00-12:00 יום ו בלבד|	1	1	1	32.711642	35.123677
שירותי רב-קו קרית מוצקין	קרית מוצקין	שדרות בן גוריון 82, קניון "רבמד" - קומה 2	אגד	*2800	07:00-19:50|07:00-19:50|07:00-19:50|07:00-19:50|07:00-19:50|08:00-12:50|	1	1	1	32.839838	35.080791
שירותי רב-קו קרית מלאכי	קרית מלאכי	מסוף קסטינה	דן בדרום	*5467	08:00-17:00|08:00-17:00|08:00-17:00|08:00-17:00|09:00-17:00|08:00-12:00|	1	1	1	31.731596	34.756335
שירותי רב-קו קרית שמונה	קרית שמונה	תחנה מרכזית-הרב עובדיה יוסף 1	אגד	*2800	08:30-16:50|08:30-16:50|08:30-16:50|08:30-16:50|08:30-16:50||	1	1	1	33.210127	35.569126
שירותי רב-קו ראש העין	ראש העין	שבזי 26, קומה 1	אלקטרה אפיקים	*6686	07:00-21:00|07:00-21:00|07:00-21:00|07:00-21:00|07:00-21:00|07:00-13:00|	1	1	1	32.096533	34.943596
שירותי רב-קו ראשון לציון	ראשון לציון	ראשון לציון מרכז- הרצל 63, תחנה מרכזית הישנה	אגד	*2800	07:00-9:00,9:30-17:00,17:30-18:50|07:00-9:00,9:30-17:00,17:30-18:50|07:00-9:00,9:30-17:00,17:30-18:50|07:00-9:00,9:30-17:00,17:30-18:50|07:00-9:00,9:30-17:00,17:30-18:50|8:00-9:00,9:30-12:50|	1	1	1	31.966763	34.803033
שירותי רב-קו ראשון לציון	ראשון לציון	תחנה מרכזית החדשה-גולדה מאיר 1, סמוך לקופות	אגד	*2800	07:00-9:00,9:30-17:00,17:30-18:50|07:00-9:00,9:30-17:00,17:30-18:50|07:00-9:00,9:30-17:00,17:30-18:50|07:00-9:00,9:30-17:00,17:30-18:50|07:00-9:00,9:30-17:00,17:30-18:50|08:00-9:00,9:30-12:50|	1	1	1	31.970397	34.785666
שירותי רב-קו רהט	רהט	רחוב אלסלאם שכונה 18, מול החממות	גלים	*6657	08:00-16:00|08:00-16:00|08:00-16:00|08:00-16:00|08:00-16:00||	1	1	1	31.384030	34.733080
שירותי רב-קו רחובות	רחובות	תחנה מרכזית- בילו 2, סמוך לקופות	אגד	*2800	07:00-18:50|07:00-18:50|07:00-18:50|07:00-18:50|07:00-18:50|08:00-12:50|	1	1	1	31.893663	34.807649
שירותי רב-קו רכסים	רכסים	בני תורה 96	סופרבוס	1700-700-181	08:00-16:00|08:00-16:00|08:00-16:00|08:00-16:00|08:00-16:00|יום ו בלבד 08:00-12:00|	1	1	1	32.754072	35.102201
שירותי רב-קו רמלה	רמלה	רחוב אצ"ל 30, תחנה מרכזית	קווים	*2060	08:00-13:30, 14:00-17:00|08:00-13:30, 14:00-17:00|08:00-13:30, 14:00-17:00|08:00-13:30, 14:00-17:00|08:00-13:30, 14:00-17:00|08:00-13:00|	1	1	1	31.926351	34.876961
שירותי רב-קו רמת גן	רמת גן	רחוב קריניצי 5, קרוב לכיכר שאר ישוב	דן	*3456	08:00-18:00|08:00-18:00|08:00-18:00|08:00-18:00|08:00-18:00|08:00-13:00|	1	1	1	32.082066	34.819100
שירותי רב-קו רמת השרון	רמת השרון	רחוב סוקולוב 84	מטרופולין	*5900	08:30-13:30;14:00-17:30|08:30-13:30;14:00-17:30|08:30-13:30;14:00-17:30|08:30-13:30;14:00-17:30|08:30-13:30;14:00-17:30||	1	1	1	32.147581	34.839318
שירותי רב-קו רעננה	רעננה	רחוב אחוזה 68, מרכז אליאב	מטרופולין	*5900	08:00-13:30;14:00-17:00|08:00-13:30;14:00-17:00|08:00-13:30;14:00-17:00|08:00-13:30;14:00-17:00|08:00-13:30;14:00-17:00||	1	1	1	32.179415	34.880455
שירותי רב-קו שדרות	שדרות	בן יהודה 11, מרכז קניות פרץ סנטר	דן בדרום	*5467	08:00-17:00|08:00-17:00|08:00-17:00|08:00-17:00|09:00-17:00|08:00-12:00|	1	1	1	31.521726	34.595601
שירותי רב-קו שלומי	שלומי	מסוף תחבורה, אזור תעשייה שלומי	נתיב אקספרס	*3553	08:00-12:00;12:30-17:00|08:00-12:00;12:30-17:00|08:00-12:00;12:30-17:00|08:00-12:00;12:30-17:00|08:00-12:00;12:30-17:00|08:00-11:00;11:30-13:30|	1	1	1	33.085119	35.143561
שירותי רב-קו שפרעם	שפרעם	מחמוד דרוויש	נתיב אקספרס	*3553	|08:00-12:00;12:30-16:00|08:00-12:00;12:30-16:00|08:00-12:00;12:30-16:00|08:00-12:00;12:30-16:00|08:00-11:30;12:00-14:00|08:00-11:30;12:00-14:00	1	1	1	32.798833	35.170540
שירותי רב-קו תל אביב	תל אביב	אבן גבירול 35, פינת הנביאים	אגד	*2800	07:00-18:50|07:00-18:50|07:00-18:50|07:00-18:50|07:00-18:50|08:00-12:50|	1	1	1	32.075744	34.781474
שירותי רב-קו תל אביב	תל אביב	תחנה מרכזית- לוינסקי 108, קומה 6 ליד עמדת המודיעין	אגד	*2800	07:00-18:50|07:00-18:50|07:00-18:50|07:00-18:50|07:00-18:50|07:00-12:50|	1	1	1	32.055991	34.779424
שירותי רב-קו תל אביב	תל אביב	תחנה מרכזית החדשה, קומה 6	אלקטרה אפיקים	*6686	07:00-21:00|07:00-21:00|07:00-21:00|07:00-21:00|07:00-21:00|07:00-13:00|	1	1	1	32.055827	34.779424
שירותי רב-קו תל אביב	תל אביב	רחוב יצחק שדה 21, פינת המסגר	מטרופולין	*5900	08:00-21:00|08:00-21:00|08:00-21:00|08:00-21:00|08:00-21:00|בימי ו בלבד 08:00-13:00|	1	1	1	32.065523	34.786959
שירותי רב-קו תל אביב	תל אביב	דרך שלמה 4, חצרות יפו	נת"ע	*9943	08:00-20:00|08:00-20:00|08:00-20:00|08:00-20:00|08:00-20:00|09:00-13:00|	1	1	1	32.054623	34.760244
שירותי רב-קו תל אביב	תל אביב	תחנת רכבת קלה קרליבך, בסמוך למגדל סונול ומגדל לוינשטיין	נת"ע	*9943	08:00-20:00|08:00-20:00|08:00-20:00|08:00-20:00|08:00-20:00|09:00-13:00|	1	1	1	32.065276	34.782843
שירותי רב-קו תל אביב	תל אביב	תחנת הרכבת השלום	רכבת ישראל	*5770	07:00-19:00|07:00-19:00|07:00-19:00|07:00-19:00|07:00-19:00||	0	1	1	32.073521	34.793182
שירותי רב-קו תל אביב	תל אביב	סבידור	רכבת ישראל	*5770	07:00-19:00|07:00-19:00|07:00-19:00|07:00-19:00|07:00-19:00|7:00-13:00 יום ו בלבד|	0	1	1	32.083863	34.798012
שירותי רב-קו תל אביב	תל אביב	ההגנה	רכבת ישראל	*5770	07:00-19:00|07:00-19:00|07:00-19:00|07:00-19:00|07:00-19:00||	0	1	1	32.054260	34.784716
דואר מרכזי ירושלים	ירושלים	יפו 23			08:00-18:00|08:00-18:00|08:00-14:00|08:00-18:00|08:00-18:00||	1	1	1	31.780320	35.222189
סניף הדואר בית הכרם	ירושלים	בית הכרם 22			08:00-18:00|08:00-15:00|08:00-18:00|08:00-15:00|08:00-15:00||	1	1	1	31.780628	35.189544
קניון בלאדי - סוכנות	ירושלים	שוק אקרמן שכ עליה			08:00-17:00|08:00-17:00|08:00-13:00|08:00-17:00|08:00-18:00|08:00-12:00|	1	1	1	31.793681	35.200707
דואר קרית היובל- ירושלים	ירושלים	וולטה עילית 3			08:00-18:00|08:00-15:00|08:00-18:00|08:00-15:00|08:00-15:00||	1	1	1	31.759352	35.177143
סניך הדואר רסקו	ירושלים	שופן 12			08:00-18:00|08:00-15:00|08:00-18:00|08:00-15:00|08:00-15:00||	1	1	1	31.768570	35.214976
דואר הורדוס-ירושלים	ירושלים	צאלח א-דין 2			08:00-18:00|08:00-16:00|08:00-18:00|08:00-16:00|08:00-18:00||	1	1	1	31.783789	35.233456
סוכנות הדואר מגדל דוד	ירושלים	כיכר עומר אל חטיב שער יפו			09:00-15:00|09:00-15:00|09:00-15:00|09:00-15:00|09:00-18:00||	1	1	1	31.776611	35.227614
סניף הדואר שערי גאולה מאה שערי	ירושלים	דוד 7			08:00-15:30|08:00-15:30|08:00-18:00|08:00-16:00|08:00-16:00||	1	1	1	31.793917	35.219175
דואר מרכז שטנר גבעת שאול י-ם	ירושלים	מרכז שטנר גבעת שאול			08:00-18:00|08:00-15:00|08:00-15:00|08:00-16:00|08:00-16:00||	1	1	1	31.790544	35.194715
סוכן דואר אורנית	אורנית	מרכז מסחרי ד.נ אפרים			08:00-11:30|16:00-18:00|08:00-11:30|08:00-11:30|08:00-11:30||	1	1	1	32.129513	34.995623
דואר גילה ירושלים	ירושלים	מרכז מסחרי חדש			08:00-15:00|08:00-15:00|08:00-13:00|08:00-12:30;16:00-18:00|08:00-15:00|08:00-12:00|	1	1	1	31.777785	35.223819
סניף הדואר תלפיות מזרח	ירושלים	דב גרונר פינת עולי הגרדום			08:00-16:00|08:00-12:30;16:00-18:00|08:00-13:00|08:00-12:30;16:00-18:00|08:00-16:00|08:00-12:00|	1	1	1	31.752737	35.234690
דואר פסגת זאב ירושלים	ירושלים	קניון פסגת זאב			08:00-18:00|08:00-15:00|08:00-18:00|08:00-15:00|08:00-15:00||	1	1	1	31.825200	35.238169
דואר רמות ירושלים	ירושלים	הכיסופים בלוק 801 מ.מסחרי			08:00-18:00|08:00-15:00|08:00-18:00|08:00-15:00|08:00-15:00||	1	1	1	31.817244	35.196355
סוכן דואר כפר עקב קלנדיה	ירושלים	מחסום קלנדיה			08:00-13:00||08:00-13:00||08:00-13:00||	1	1	1	31.861597	35.207914
דואר רמת אשכול ירושלים	ירושלים	פארן 7 מרכז מסחרי			08:00-18:00|08:00-15:00|08:00-18:00|08:00-15:00|08:00-15:00||	1	1	1	31.800926	35.226601
דואר תלפיות ירושלים	ירושלים	קניון אחים ישראל יד חרוצים 18			12:00-20:00|12:00-20:00|12:00-20:00|12:00-20:00|12:00-20:00|08:00-13:00|	1	1	1	31.750947	35.215386
דואר נווה יעקב ירושלים	ירושלים	מרכז מסחרי חנות 11 נווה יעקב			08:00-18:00|08:00-15:00|08:00-18:00|08:00-15:00|08:00-15:00||	1	1	1	31.843919	35.240086
סוכן דואר קרני שומרון	קרני שומרון	רחבעם זאבי 1 קניון			08:00-13:00|08:00-14:00|08:00-14:00|08:00-14:00|09:00-18:00||	1	1	1	32.170206	35.084475
סוכן דואר סוכנות קניון רמי לוי עטרות	עטרות	קניון רמי לוי אזור תעשיה			08:00-22:00|08:00-22:00|08:00-22:00|07:30-23:00|07:30-23:00|08:00-13:30|20:00-23:00	1	1	1	31.858009	35.219373
בית הדואר אריאל	אריאל	יהודה 14			08:00-18:00|08:00-15:00|08:00-15:00|08:00-18:00|08:00-15:00||	1	1	1	32.105174	35.171487
סוכן דואר מעלה אפרים	מעלה אפרים	מרכז מסחרי			08:30-12:30|08:30-12:30;16:00-17:30|08:30-12:30|08:30-12:30;16:00-17:30|08:30-12:30|08:00-09:30|	1	1	1	32.070257	35.403649
סוכן דואר אפרתה	אפרתה	אפרתה			08:30-14:30|08:30-14:30|08:30-14:30|08:30-13:30;16:00-18:00|08:30-14:30|08:30-11:30|	1	1	1	31.653589	35.149934
סוכן דואר בית-אל א	בית אל א	מרכז היישוב			08:30-13:00|08:00-13:00;16:30-18:00|08:30-13:00||08:30-13:00|08:30-10:30|	1	1	1	31.941600	35.222734
דואר אילת	אילת	מרכז עירוני הקניון האדום			08:00-18:00|08:00-15:00|08:00-15:00|08:00-18:00|08:00-15:00||	1	1	1	29.557669	34.951925
בית הדואר אשקלון	אשקלון	הרצל 18			08:00-18:00|08:00-15:00|08:00-18:00|08:00-15:00|08:00-15:00||	1	1	1	31.668789	34.574252
סוכנות הדואר אפרידר אשקלון	אשקלון	אורט 24 שכונת אפרידר			08:00-18:00|08:00-13:30|08:00-18:00|08:00-13:30|08:00-18:00||	1	1	1	31.676653	34.566787
דואר שכונת שמשון-אשקלון	אשקלון	קניון לב אשקלון שכ שמשון			08:00-18:00|08:00-13:30|08:00-18:00|08:00-13:30|08:00-18:00||	1	1	1	31.654954	34.556165
דואר הנשיאים באר שבע	באר שבע	יצחק רגר הנשיאים 9			08:00-18:00|08:00-15:00|08:00-18:00|08:00-15:00|08:00-15:00||	1	1	1	31.245246	34.795596
דואר רהט מ. מסחרי	רהט	מרכזי מסחרי שוק עירוני			08:00-18:00|08:00-15:00|08:00-18:00|08:00-15:00|08:00-15:00||	1	1	1	31.395462	34.759443
דואר קרית גת	קריית גת	הגפן 7			08:00-18:00|08:00-15:00|08:00-18:00|08:00-15:00|08:00-15:00||	1	1	1	31.606682	34.770643
סוכן דואר שדרות גת	קריית גת	שדרות גת			08:00-12:30;15:30-18:00|08:00-12:30;15:30-18:00|08:00-12:00|08:00-12:30;15:30-18:00|08:00-12:30;15:30-18:00|08:00-12:00|	1	1	1	31.609841	34.763146
דואר אופקים	אופקים	גולומב 1			08:00-18:00|08:00-15:00|08:00-18:00|08:00-15:00|08:00-15:00||	1	1	1	31.315754	34.619409
היחידה המרכזית דימונה	דימונה	מג המעפילים			08:00-18:00|08:00-15:00|08:00-18:00|08:00-15:00|08:00-15:00||	1	1	1	31.069419	35.033363
היחידה המרכזית נתיבות	נתיבות	מרכז מסחרי עציון			08:00-18:00|08:00-15:00|08:00-18:00|08:00-15:00|08:00-15:00||	1	1	1	31.423196	34.595254
היחידה המרכזית ערד	ערד	בן יאיר 35			08:00-20:00|08:00-13:30|08:00-20:00|08:00-13:30|08:00-20:00|08:00-12:00|	1	1	1	31.261447	35.214862
סוכן דואר עלי	עלי	מרכז לב עלי ד.נ. אפריים			10:30-12:30;16:00-18:00|10:30-12:30;16:00-18:00|10:30-12:30|10:30-12:30|10:30-12:30;16:00-18:00|08:30-12:00|	1	1	1	32.072178	35.269045
היחידה המרכזית שדרות	שדרות	ככר הנשיא 8			08:00-18:00|08:00-15:00|08:00-12:30||08:00-15:00||	1	1	1	31.522694	34.595581
היחידה המרכזית אשדוד	אשדוד	הבושם 3			08:00-15:30|08:00-15:30|08:00-18:00|08:00-18:00|08:00-16:00||	1	1	1	31.806952	34.644250
העצמאות אשדוד	אשדוד	רחוב העצמאות 26 בתוך מינימרקט תמי			08:30-16:00|08:30-16:00|08:30-12:30|12:00-18:00|08:30-16:00|08:30-12:00|	1	1	1	31.793372	34.652737
סוכנת דואר גבעת שרת	בית שמש	רחוב ראובן 1 גבעת שרת			08:00-12:30;15:30-18:00|08:00-12:30;15:30-18:00|08:00-13:30|08:00-12:30;15:30-18:00|08:00-12:30;15:30-18:00|08:00-12:00|	1	1	1	31.738998	34.991165
דואר שכון המזרח ראשלצ	ראשון לציון	שד יעקב 43 שכון המזרח			08:00-18:00|08:00-15:00|08:00-18:00|08:00-15:00|08:00-15:00||	1	1	1	31.954718	34.821883
דואר רמת אליהו- ראשלצ	ראשון לציון	צייטלין 24 רמת אליהו			08:00-13:00;15:00-18:00|08:00-14:00|08:00-14:00|08:00-14:00|08:00-14:00||	1	1	1	31.985257	34.787648
דואר הרצל - רחובות	רחובות	הרצל 165			08:00-18:00|08:00-15:00|08:00-18:00|08:00-15:00|08:00-15:00||	1	1	1	31.897111	34.810511
נחל דולב בית שמש	בית שמש	נחל דולב 19			08:30-15:00|08:30-15:00|08:30-15:00|08:30-15:00|11:00-18:00||	1	1	1	31.713615	34.998322
סוכנות רובע ט אשדוד	אשדוד	גיא אוני 10 מרכז מסחרי רובע ט			08:00-12:30;15:30-18:00|08:00-12:30;15:30-18:00|08:00-13:00|08:00-12:30;15:30-18:00|08:00-12:30;15:30-18:00|08:00-12:30|	1	1	1	31.783763	34.660908
סוכן דואר תמר	ביתר עלית	החוזה מלובלין 2 גבעה B			08:00-16:00|08:00-12:30;16:00-18:00|08:00-16:00|08:00-12:30;16:00-18:00|08:00-16:00|08:00-12:00|	1	1	1	31.701002	35.111925
סוכנות רובע טו טופז אשדוד	אשדוד	תל חי 19 חנות מס 6			08:00-12:30;15:30-18:00|08:00-12:30;15:30-18:00|08:00-13:00|08:00-14:00|08:00-14:00|08:00-11:00|	1	1	1	31.804381	34.655314
בית הדואר גדרה	גדרה	פייבל 3			08:00-16:00|08:00-12:30;16:00-18:00|08:00-16:00|08:00-12:30;16:00-18:00|08:00-16:00|08:00-12:00|	1	1	1	31.812301	34.777019
בית הדואר יבנה	יבנה	שדרות דואני 46			08:00-18:00|08:00-13:30|08:00-18:00|08:00-13:30|08:00-16:00||	1	1	1	31.873006	34.739890
בית הדואר נס ציונה	נס ציונה	הבנים 3			08:00-18:00|08:00-15:00|08:00-18:00|08:00-15:00|08:00-15:00||	1	1	1	31.929272	34.799362
היחידה המרכזית קרית מלאכי	קריית מלאכי	רשי 1			08:00-18:00|08:00-15:00|08:00-18:00|08:00-15:00|08:00-15:00||	1	1	1	31.728530	34.748110
בית הדואר מודיעין	מודיעין-מכבים-רעות	דם המכבים 28			08:00-18:00|08:00-15:00|08:00-18:00|08:00-15:00|08:00-15:00||	1	1	1	31.906128	35.005831
סוכן דואר שכונת חבד	קרית מלאכי	נחלת הר חב"ד 4			08:30-15:00|08:30-15:00|08:00-13:00|08:30-15:00|08:00-12:30;15:30-18:00|08:00-12:00|	1	1	1	31.733300	34.733301
סוכנות הדואר גן יבנה	גן יבנה	הרצל 20 מרכז הישוב			08:00-16:00|08:00-13:00;15:00-18:00|08:00-13:00|08:00-13:00;15:00-18:00|08:00-16:00|08:00-12:00|	1	1	1	31.785184	34.707095
דואר יד אליהו תל אביב	תל אביב - יפו	השלושה 2			08:00-15:00|08:00-15:30|08:00-18:00|08:00-13:30|08:00-15:00||	1	1	1	32.061711	34.788543
דואר יפו תל אביב	תל אביב - יפו	שד ירושלים 12			08:00-18:00|08:00-13:30|08:00-18:00|08:00-13:30|08:00-15:00||	1	1	1	32.055659	34.759511
דואר הדר יוסף תל אביב	תל אביב - יפו	קהילת לבוב 24			08:00-18:00|08:00-13:30|08:00-16:00|08:00-13:30|08:00-16:00||	1	1	1	32.110647	34.821743
דואר מרכזת הצפון תל אביב	תל אביב - יפו	אבן גבירול 108			08:00-18:00|08:00-15:00|08:00-18:00|08:00-15:00|08:00-15:00||	1	1	1	32.084308	34.781776
דואר צהלה תל אביב	תל אביב - יפו	יהונתן 4 מרכז מסחרי			08:00-16:00|08:00-13:30|08:00-18:00|08:00-13:30|08:00-16:00||	1	1	1	32.122170	34.834979
דואר קרית שלום תל אביב	תל אביב - יפו	הקשת 6			10:00-18:00|08:00-14:00|08:00-14:00|08:00-14:00|08:00-14:00||	1	1	1	32.042003	34.775110
סניף הירקון המאוחד תל אביב	תל אביב - יפו	הירקון 61			08:00-15:00|08:00-15:00|08:00-18:00|08:00-15:00|08:00-15:00||	1	1	1	32.075637	34.766552
דואר שכונת התקוה תל אביב	תל אביב - יפו	האצל 16			08:00-15:00|08:00-18:00|08:00-15:00|08:00-18:00|08:00-15:00||	1	1	1	32.053405	34.791378
סוכנות הדואר תל כביר	תל אביב - יפו	אבני נזר 46/9 מודיעין			08:00-14:00|08:00-14:00|10:00-12:30||08:00-14:00||	1	1	1	32.041056	34.765703
סוכנות הדואר נוה חוף ראשלצ	ראשון לציון	הארגמן 12 נווה חוף			08:30-15:00|08:00-13:00;15:30-18:00|08:00-13:30|08:00-13:30|08:00-13:30|08:00-12:00|	1	1	1	31.973001	34.792501
סוכנות השכונה הירוקה כפר סבא	כפר סבא	רפפורט 3			09:00-15:00|09:00-13:00;15:30-18:00|09:00-13:00|09:00-15:00|09:00-13:00;15:30-18:00|09:00-12:00|	1	1	1	32.087606	34.853108
דואר רבי עקיבא בני ברק	בני ברק	רבי עקיבא 75			08:00-18:00|08:00-15:00|08:00-18:00|08:00-15:00|08:00-15:00||	1	1	1	32.086255	34.830738
סניף מגדלי ויטה	בני ברק	בן גוריון 11 מגדלי ויטה			09:00-16:00|09:00-18:00|09:00-12:00||09:00-16:00||	1	1	1	32.094143	34.822193
דואר מגדל נחום בת ים	בת ים	העצמאות 67 מגדל נחום			08:00-18:00|08:00-15:00|08:00-12:30||08:00-15:00||	1	1	1	32.013186	34.748019
דואר גבעתיים	גבעתיים	הלה 61			08:00-18:00|08:00-15:00|08:00-12:30||08:00-18:00||	1	1	1	32.072176	34.808871
דואר חולון	חולון	ההסתדרות 36			08:00-14:30|08:00-14:30|08:00-18:00|08:00-14:30|08:00-14:30||	1	1	1	32.017748	34.771258
דואר יחידה מרכזית חנקין חולון	חולון	חנקין 48 פינת סוקולוב			08:00-18:00|08:00-15:00|08:00-18:00|08:00-15:00|08:00-15:00||	1	1	1	32.022354	34.778777
דואר ביאליק רמת גן	רמת גן	ביאליק 17			12:00-17:00|12:00-17:00|12:00-17:00|12:00-17:00|12:00-17:00||	1	1	1	32.080618	34.814723
דואר רמת יצחק - רג	רמת גן	שד ירושלים 25 רמת יצחק			08:00-16:00|08:00-13:30|08:00-18:00|08:00-13:30|08:00-16:00||	1	1	1	32.053888	34.759639
דואר נוה רם רמת גן	רמת גן	האצל 6			08:00-18:00|08:00-13:30|08:00-16:00|08:00-13:30|08:00-16:00||	1	1	1	32.068424	34.824785
סניף מרכזי אור יהודה	אור יהודה	סעדון אליהו 130			08:00-18:00|08:00-15:00|08:00-18:00|08:00-15:00|08:00-15:00||	1	1	1	32.032772	34.850133
היחידה המרכזית דוד המלך	לוד	דוד המלך 1			08:00-18:00|08:00-15:00|08:00-18:00|08:00-15:00|08:00-15:00||	1	1	1	31.951014	34.888075
סוכנות הדואר נווה מונסון	יהוד-מונוסון	נוה אפרים			08:00-14:00|08:00-14:00|08:00-13:00;15:00-18:00|08:00-14:00|08:00-14:00||	1	1	1	32.030610	34.874056
סניף קיראון	קריית אונו	שלמה המלך 6 קיראון			08:00-18:00|08:00-15:00|08:00-18:00|08:00-15:00|08:00-15:00||	1	1	1	32.054863	34.858858
היחידה המרכזית הוד השרון	הוד השרון	דרך רמתיים 45			08:00-18:00|08:00-15:00|08:00-18:00|08:00-15:00|08:00-15:00||	1	1	1	32.154674	34.892903
היחידה המרכזית הרצליה	הרצליה	סוקולוב 68			08:00-18:00|08:00-15:00|08:00-18:00|08:00-15:00|08:00-15:00||	1	1	1	32.167048	34.840266
יחידה מרכזית כפר סבא	כפר סבא	התחיה 7			08:00-18:00|08:00-15:00|08:00-18:00|08:00-15:00|08:00-15:00||	1	1	1	32.175257	34.904289
סוכ הדואר טייבה דרום	טייבה	כביש מספר 24 דרומי			08:00-12:30;15:30-18:00|08:00-12:30;15:30-18:00|08:00-13:00|08:00-12:30;15:30-18:00|08:00-12:30;15:30-18:00|08:00-12:30|	1	1	1	32.178195	34.907610
היחידה המרכזית נתניה	נתניה	הרצל 59			08:00-18:00|08:00-15:00|08:00-18:00|08:00-15:00|08:00-15:00||	1	1	1	32.326966	34.862629
דואר סמילנסקי נתניה	נתניה	סמילנסקי 8			08:00-18:00|08:00-14:00|08:00-16:00|08:00-14:00|08:00-16:00||	1	1	1	32.328031	34.855849
דואר פתח תקוה	פתח תקווה	הראשונים 13			08:00-18:00|08:00-15:00|08:00-18:00|08:00-15:00|08:00-15:00||	1	1	1	32.087999	34.888255
בית הדואר כפר יונה	כפר יונה	שד יחזקאל 1			08:00-16:00|08:00-12:30;16:00-18:00|08:00-16:00|08:00-12:30;16:00-18:00|08:00-16:00|08:00-12:00|	1	1	1	32.319490	34.930104
סוכנות הדואר קלנסואה	קלנסווה	רחוב אבן רושד מול סופרמרקט סל			08:00-15:30|08:00-13:00;16:00-18:00|08:00-15:30|08:00-13:00;16:00-18:00|08:00-15:30|08:00-12:30|	1	1	1	32.285439	34.985637
דואר ראש העין	ראש העין	שבזי 27			08:00-18:00|08:00-15:00|08:00-18:00|08:00-15:00|08:00-15:00||	1	1	1	32.095838	34.952177
בית הדואר רעננה	רעננה	אופסתרלנד 4			08:00-18:00|08:00-15:00|08:00-18:00|08:00-15:00|08:00-15:00||	1	1	1	32.180800	34.870109
מנהל סניף אחוזה	חיפה	שדרות מוריה 122			08:00-18:00|08:00-13:30|08:00-16:00|08:00-13:30|08:00-16:00||	1	1	1	32.788935	34.986294
דואר נתיב חן - חיפה	חיפה	טבנקין 2			08:00-17:00|08:00-13:30|08:00-18:00|08:00-13:30|08:00-16:00||	1	1	1	32.796055	35.010045
דואר הנביאים - חיפה	חיפה	הנביאים 22 א			08:00-18:00|08:00-15:00|08:00-18:00|08:00-15:00|08:00-15:00||	1	1	1	32.812852	34.995209
סוכן דואר קרית הטכניון	חיפה	בנין הסנט			08:00-12:30|08:00-12:30|08:00-12:30|08:00-12:30|08:00-12:30||	1	1	1	32.776628	35.021743
סוכן דואר חיפה - שד הנשיא	חיפה	שד הנשיא 37			08:00-12:30|08:00-12:30;15:30-18:00|08:00-13:00|08:00-12:30;15:30-18:00|08:00-12:30|08:00-12:00|	1	1	1	32.813702	34.981557
היחידה המרכזית חדרה	חדרה	הרברט סמואל 54			08:00-18:00|08:00-15:00|08:00-18:00|08:00-15:00|08:00-15:00||	1	1	1	32.436662	34.918228
היחידה המרכזית אום אל פחם	אום אל-פחם	שכ אל ביר			08:00-18:00|08:00-15:00|08:00-18:00|08:00-15:00|08:00-15:00||	1	1	1	32.517127	35.148529
סניף מרכזי אור עקיבא	אור עקיבא	רוטשילד 18			08:00-18:00|08:00-15:00|08:00-18:00|08:00-15:00|08:00-15:00||	1	1	1	32.506725	34.915546
מרכזי באקה אל גרבייה	באקה אל-גרביה	באקה אל גרביה			08:00-18:00|08:00-15:00|08:00-18:00|08:00-15:00|08:00-15:00||	1	1	0	32.422891	35.035764
סוכנות הדואר בכרמיאל גבעת רם	כרמיאל	מרכז מסחרי גבעת רם			08:00-12:30;15:30-18:00|08:00-12:30;15:30-18:00|08:00-12:00|08:00-12:30;15:30-18:00|08:00-12:30;15:30-18:00|08:00-12:00|	1	1	1	32.915217	35.273749
סוכן דואר דלית אל כרמל	דלית אל כרמל	רחוב שייך חמוד נסראלדין			08:00-12:30;15:30-18:00|08:00-12:30;15:30-18:00|08:00-12:00|08:00-12:30;15:30-18:00|08:00-12:30;15:30-18:00|08:00-12:00|	1	1	1	32.695918	35.050400
היחידה המרכזית זכרון יעקב	זכרון יעקב	הנדיב 17			08:00-15:30|08:00-15:30|08:00-18:00|08:00-13:30|08:00-15:30||	1	1	1	32.574297	34.954471
מנהלת בית הדואר טירת הכרמל	טירת הכרמל	ששת הימים			08:00-15:00|10:00-18:00|08:00-15:00|10:00-18:00|08:00-15:00|08:00-12:00|	1	1	1	32.757796	34.972929
היחידה המרכזית יקנעם עלית	יקנעם עילית	צאלים 13			08:00-18:00|08:00-15:00|08:00-18:00|08:00-15:00|08:00-15:00||	1	1	1	32.660225	35.104606
היחידה המרכזית נשר תל חנן	נשר	דרך השלום 16 נשר תל חנן			08:00-18:00|08:00-15:00|08:00-18:00|08:00-15:00|08:00-15:00||	1	1	1	32.782065	35.033425
סוכנות ערה	ערה	מרכז הכפר ערה			08:00-16:00|08:00-12:30;16:00-18:00|08:00-16:00|08:00-12:30;16:00-18:00|08:00-16:00||08:00-12:00	1	1	1	32.504039	35.079356
סוכנות הדואר ערערה	ערערה	מרכז הכפר ערערה			08:00-16:00|08:00-12:30;16:00-18:00|08:00-16:00|08:00-12:30;16:00-18:00|08:00-16:00|08:00-12:00|	1	1	1	32.505749	35.053526
מרכזי פרדס חנה כרכור	פרדס חנה-כרכור	דרך הבנים			08:00-18:00|08:00-15:00|08:00-18:00|08:00-15:00|08:00-15:00||	1	1	1	32.474590	34.971633
היחידה המרכזית קרית אתא	קריית אתא	המייסדים 1			08:00-18:00|08:00-15:00|08:00-18:00|08:00-15:00|08:00-15:00||	1	1	1	32.805960	35.105619
היחידה המרכזית קרית ביאליק	קריית ביאליק	ירושלים 15			08:00-18:00|08:00-15:00|08:00-18:00|08:00-15:00|08:00-15:00||	1	1	1	32.837257	35.065951
בית הדואר קרית חיים	קריית חיים	אחי אילת 13 קרית חיים מזרחית			08:00-13:00|08:00-14:00|08:00-13:00|08:00-12:00;16:00-18:00|08:00-14:00|08:00-12:00|	1	1	1	32.822006	35.068407
היחידה המרכזית קרית טבעון	קריית טבעון	הרקפות 2			08:00-18:00|08:00-13:30|08:00-15:00|08:00-13:30|08:00-15:00||	1	1	1	32.722894	35.130362
בית הדואר קרית ים ב	קריית ים	שרת ככר ניצן קרית ניצן ב			08:00-18:00|08:00-15:00|08:00-18:00|08:00-15:00|08:00-15:00||	1	1	1	32.844307	35.067764
דואר שפרעם	שפרעם	שייח אמין טריף 32			08:00-13:00|08:00-18:00|08:00-14:00|08:00-18:00|08:00-14:00|08:00-12:00|	1	1	1	32.805765	35.169971
היחידה המרכזית טבריה	טבריה	אלחדיף 1 כיכר רבין			08:00-18:00|08:00-15:00|08:00-18:00|08:00-15:00|08:00-15:00||	1	1	1	32.788629	35.539754
דואר נהריה	נהריה	געתון 40			08:00-18:00|08:00-15:00|08:00-18:00|08:00-15:00|08:00-15:00||	1	1	1	33.006075	35.213831
סוכן דואר שיכון עמידר נהריה	נהריה	הרצל 1			08:00-15:00|08:00-12:30;16:00-18:00|08:00-13:00|08:00-12:30;16:00-18:00|08:00-15:00|08:00-12:00|	1	1	1	33.015735	35.096564
היחידה המרכזית עכו	עכו	העצמאות 11			08:00-18:00|08:00-15:00|08:00-18:00|08:00-15:00|08:00-15:00||	1	1	1	32.929750	35.071886
סוכן דואר ג. טרומפלדור	נהריה	טרומפלדור 33			08:00-12:30;15:30-18:00|08:00-12:30;15:30-18:00|08:00-13:00|08:00-12:30;15:30-18:00|08:00-12:30;15:30-18:00|08:00-12:00|	1	1	1	33.019358	35.107541
היחידה המרכזית עפולה	עפולה	הרב לוין 12 פינת רחוב שרת			08:00-18:00|08:00-15:00|08:00-18:00|08:00-15:00|08:00-15:00||	1	1	1	32.609639	35.287603
היחידה המרכזית צפת	צפת	הפלמח			08:00-18:00|08:00-15:00|08:00-15:00|08:00-18:00|08:00-15:00||	1	1	1	32.964648	35.495997
סוכנות נצרת עילית עופר	נצרת עילית	מרכז עופר 1/3			08:00-16:00|08:00-12:30;16:00-18:00|08:00-13:00|08:00-12:00;16:00-18:00|08:00-16:00|08:00-12:00|	1	1	1	32.699163	35.311955
בית הדואר בית שאן	בית שאן	ירושלים הבירה 1 בניין העירייה			08:00-18:00|08:00-15:00|08:00-15:00|08:00-18:00|08:00-15:00||	1	1	1	31.768319	35.213710
בית הדואר כרמיאל	כרמיאל	הגליל 2			08:00-18:00|08:00-15:00|08:00-18:00|08:00-15:00|08:00-15:00||	1	1	1	32.920595	35.303646
בית הדואר מגדל העמק	מגדל העמק	ליד המועצה המקומית			08:00-18:00|08:00-15:00|08:00-18:00|08:00-15:00|08:00-15:00||	1	1	1	32.674858	35.240318
בית הדואר מעלות תרשיחא	מעלות-תרשיחא	הרב קוק 14 מרכז הדקל			08:00-18:00|08:00-15:00|08:00-18:00|08:00-15:00|08:00-15:00||	1	1	1	33.015026	35.276017
בית הדואר נצרת עלית	נוף הגליל	עצמו מרכז רסקו			08:00-18:00|08:00-15:00|08:00-18:00|08:00-15:00|08:00-15:00||	1	1	1	32.708513	35.324707
בית הדואר סחנין	סחנין	הגליל 81			08:00-16:00|08:00-12:30;16:00-18:00|08:00-16:00|08:00-12:00;16:00-18:00|08:00-16:00|08:00-12:00|	1	1	1	32.864167	35.294547
סניף הדואר נצרת ככר העיר	נצרת	תופיק זיאד 3047			08:00-15:00|08:00-15:00|08:00-18:00|08:00-15:00|08:00-18:00||	1	1	1	32.697326	35.297812
בית הדואר ראש פינה	ראש פינה	החלוצים פינת ברנשטיין			08:00-15:00|08:00-12:00;16:00-18:00|08:00-12:00|08:00-15:00|08:00-15:00|08:00-12:00|	1	1	1	32.970422	35.542659
בית הדואר כפר תמרה	טמרה	כפר טמרה			08:00-15:00|08:00-15:00|08:00-18:00|08:00-15:00|08:00-18:00||	1	1	1	32.852247	35.201315
בית הדואר קרית שמונה	קריית שמונה	ככר צהל 110 מרכז מסחרי			08:00-18:00|08:00-15:00|08:00-18:00|08:00-15:00|08:00-15:00||	1	1	1	33.207577	35.568757
דואר מגדל שלום תל אביב	תל אביב - יפו	אחד העם 9			08:00-15:00|08:00-15:00|08:00-18:00|08:00-15:00|08:00-15:00||	1	1	1	32.064115	34.769593
שמורת זכרון זכרון יעקב	זכרון יעקב	השמורה 2			08:00-16:00|11:00-18:00|08:00-15:00|11:00-18:00|08:00-16:00|08:00-12:00|	1	1	1	32.574460	34.954471
דואר גושן קרית מוצקין	קריית מוצקין	שדרות ירושלים 1			08:00-18:00|08:00-15:00|08:00-18:00|08:00-15:00|08:00-15:00||	1	1	1	32.835235	35.065240
סוכן דואר קרית חיים מערבית	קריית חיים	זלמן ארן 56			08:00-15:00|08:00-12:30;15:30-18:00|08:00-13:00|08:00-15:00|08:00-16:00||	1	1	1	32.832995	35.059976
סוכנות הדואר שכון ותיקים-נתניה	נתניה	ויתקין 51 שיכון ותיקים			08:30-12:30||08:30-12:30||08:30-12:30||	1	1	1	32.279143	34.847047
סוכנות הדואר טבריה עילית	טבריה	ויצמן רסקו שכון ד			08:00-15:30|08:00-12:30;15:30-18:00|08:00-13:00|08:00-15:00|08:00-12:30;15:30-18:00|08:00-12:00|	1	1	1	32.788754	35.539945
סוכן דואר עופרה	ירושלים	מרכז מסחרי עפרה			08:00-13:00|16:00-18:00|08:00-13:00|08:00-13:00|16:00-18:00|08:00-10:30|	1	1	1	31.955101	35.260324
קרית ספר	מודיעין עילית	אבני נזר 46			08:00-18:00|08:00-14:30|08:00-18:00|13:30-18:00|08:00-18:00||	1	1	1	31.930686	35.038813
היחידה המרכזית בית שמש	בית שמש	בן צבי 24			08:00 - 18:00|08:00-15:00|08:00-18:00|08:00-15:00|08:00-15:00||	1	1	1	31.750023	34.989506
מרכז שירות לקוחות כפיר	ירושלים	יפו 97, בניין כלל	כפיר	*2779	09:00-17:00|09:00-17:00|09:00-17:00|09:00-17:00|09:00-17:00|09:00-13:00|	1	1	1	31.784546	35.215071
חיל האויר דרום	ירושלים	חיל האויר 70	כפיר	*2779	24/7|24/7|24/7|24/7|24/7|24/7|24/7	1	1	1	31.828965	35.238444
חיל האויר צפון	ירושלים	חיל האויר 70	כפיר	*2779	24/7|24/7|24/7|24/7|24/7|24/7|24/7	1	1	1	31.828965	35.238444
סיירת דוכיפת דרום	ירושלים	שד משה דיין 131	כפיר	*2779	24/7|24/7|24/7|24/7|24/7|24/7|24/7	1	1	1	31.826200	35.240205
סיירת דוכיפת צפון	ירושלים	שד משה דיין 131	כפיר	*2779	24/7|24/7|24/7|24/7|24/7|24/7|24/7	1	1	1	31.826124	35.240293
פסגת זאב מרכז צפון	ירושלים	שד משה דיין 106, מול קניון פסגת זאב	כפיר	*2779	24/7|24/7|24/7|24/7|24/7|24/7|24/7	1	1	1	31.823671	35.237482
פסגת זאב מרכז דרום	ירושלים	שד משה דיין 106, מול קניון פסגת זאב	כפיר	*2779	24/7|24/7|24/7|24/7|24/7|24/7|24/7	1	1	1	31.823788	35.237835
יקותיאל אדם דרום	ירושלים	אלוף יקותיאל אדם 1, מול המרכז המסחרי	כפיר	*2779	24/7|24/7|24/7|24/7|24/7|24/7|24/7	1	1	1	31.819374	35.239238
יקותיאל אדם צפון	ירושלים	אלוף יקותיאל אדם 1, מול המרכז המסחרי	כפיר	*2779	24/7|24/7|24/7|24/7|24/7|24/7|24/7	1	1	1	31.819261	35.239311
בית חנינא דרום	ירושלים	אלוף יקותיאל אדם 125	כפיר	*2779	24/7|24/7|24/7|24/7|24/7|24/7|24/7	1	1	1	31.819829	35.229100
בית חנינא צפון	ירושלים	אלוף יקותיאל אדם 125	כפיר	*2779	24/7|24/7|24/7|24/7|24/7|24/7|24/7	1	1	1	31.819709	35.229119
שועפט דרום	ירושלים	דרך שועפט 34	כפיר	*2779	24/7|24/7|24/7|24/7|24/7|24/7|24/7	1	1	1	31.814350	35.229823
שועפט צפון	ירושלים	דרך שועפט 34	כפיר	*2779	24/7|24/7|24/7|24/7|24/7|24/7|24/7	1	1	1	31.814350	35.229823
א-סהל דרום	ירושלים	דרך שועפט,שועפט דרום	כפיר	*2779	24/7|24/7|24/7|24/7|24/7|24/7|24/7	1	1	1	31.811200	35.232739
א-סהל צפון	ירושלים	דרך שועפט,שועפט דרום	כפיר	*2779	24/7|24/7|24/7|24/7|24/7|24/7|24/7	1	1	1	31.811200	35.232739
גבעת המיבתר דרום	ירושלים	דרך שועפט,ששת הימים, צומת הגבעה הצרפתית	כפיר	*2779	24/7|24/7|24/7|24/7|24/7|24/7|24/7	1	1	1	31.805355	35.234052
גבעת המיבתר צפון	ירושלים	דרך שועפט,ששת הימים, צומת הגבעה הצרפתית	כפיר	*2779	24/7|24/7|24/7|24/7|24/7|24/7|24/7	1	1	1	31.805420	35.234139
גבעת התחמושת דרום	ירושלים	שדרות חיים בר לב,שדרות לוי אשכול	כפיר	*2779	24/7|24/7|24/7|24/7|24/7|24/7|24/7	1	1	1	31.799130	35.231911
גבעת התחמושת צפון	ירושלים	שדרות חיים בר לב,שדרות לוי אשכול	כפיר	*2779	24/7|24/7|24/7|24/7|24/7|24/7|24/7	1	1	1	31.799014	35.232042
שמעון הצדיק דרום	ירושלים	שדרות חיים בר לב,שמעון הצדיק	כפיר	*2779	24/7|24/7|24/7|24/7|24/7|24/7|24/7	1	1	1	31.793048	35.226253
שמעון הצדיק צפון	ירושלים	שדרות חיים בר לב,שמעון הצדיק	כפיר	*2779	24/7|24/7|24/7|24/7|24/7|24/7|24/7	1	1	1	31.793025	35.226389
שבטי ישראל דרום	ירושלים	חיל ההנדסה 4, מול מוזיאון על התפר	כפיר	*2779	24/7|24/7|24/7|24/7|24/7|24/7|24/7	1	1	1	31.787079	35.226911
שבטי ישראל צפון	ירושלים	חיל ההנדסה 4, מול מוזיאון על התפר	כפיר	*2779	24/7|24/7|24/7|24/7|24/7|24/7|24/7	1	1	1	31.787079	35.226911
שער שכם דרום	ירושלים	חיל ההנדסה	כפיר	*2779	24/7|24/7|24/7|24/7|24/7|24/7|24/7	1	1	1	31.782426	35.227717
שער שכם צפון	ירושלים	חיל ההנדסה	כפיר	*2779	24/7|24/7|24/7|24/7|24/7|24/7|24/7	1	1	1	31.782518	35.227818
העירייה דרום	ירושלים	כיכר ספרא 1	כפיר	*2779	24/7|24/7|24/7|24/7|24/7|24/7|24/7	1	1	1	31.779563	35.224117
העירייה צפון	ירושלים	יפו 19, כיכר ספרא	כפיר	*2779	24/7|24/7|24/7|24/7|24/7|24/7|24/7	1	1	1	31.779533	35.223974
יפו מרכז דרום	ירושלים	יפו 50	כפיר	*2779	24/7|24/7|24/7|24/7|24/7|24/7|24/7	1	1	1	31.782912	35.218324
יפו מרכז צפון	ירושלים	יפו 49	כפיר	*2779	24/7|24/7|24/7|24/7|24/7|24/7|24/7	1	1	1	31.782872	35.218200
הדויד'קה דרום	ירושלים	יפו 72, מול בניין כלל	כפיר	*2779	24/7|24/7|24/7|24/7|24/7|24/7|24/7	1	1	1	31.784591	35.215151
הדויד'קה צפון	ירושלים	יפו 97, מול בניין כלל	כפיר	*2779	24/7|24/7|24/7|24/7|24/7|24/7|24/7	1	1	1	31.784546	35.215071
מחנה יהודה דרום	ירושלים	יפו 123	כפיר	*2779	24/7|24/7|24/7|24/7|24/7|24/7|24/7	1	1	1	31.786065	35.211380
מחנה יהודה צפון	ירושלים	יפו 130	כפיר	*2779	24/7|24/7|24/7|24/7|24/7|24/7|24/7	1	1	1	31.785965	35.211300
הטורים דרום	ירושלים	יפו 208	כפיר	*2779	24/7|24/7|24/7|24/7|24/7|24/7|24/7	1	1	1	31.787831	35.206935
הטורים צפון	ירושלים	יפו 208	כפיר	*2779	24/7|24/7|24/7|24/7|24/7|24/7|24/7	1	1	1	31.787800	35.206814
התחנה המרכזית דרום	ירושלים	יפו 228, מול התחנה המרכזית	כפיר	*2779	24/7|24/7|24/7|24/7|24/7|24/7|24/7	1	1	1	31.788485	35.202539
התחנה המרכזית צפון	ירושלים	יפו 228, ליד תחנת יצחק נבון	כפיר	*2779	24/7|24/7|24/7|24/7|24/7|24/7|24/7	1	1	1	31.788376	35.202538
קרית משה דרום	ירושלים	שדרות הרצל 20	כפיר	*2779	24/7|24/7|24/7|24/7|24/7|24/7|24/7	1	1	1	31.786410	35.198191
קרית משה צפון	ירושלים	שדרות הרצל 20	כפיר	*2779	24/7|24/7|24/7|24/7|24/7|24/7|24/7	1	1	1	31.786318	35.198351
החלוץ דרום	ירושלים	שדרות הרצל 87	כפיר	*2779	24/7|24/7|24/7|24/7|24/7|24/7|24/7	1	1	1	31.782794	35.191273
החלוץ צפון	ירושלים	שדרות הרצל 87	כפיר	*2779	24/7|24/7|24/7|24/7|24/7|24/7|24/7	1	1	1	31.782700	35.191289
כיכר דניה דרום	ירושלים	שדרות הרצל 100	כפיר	*2779	24/7|24/7|24/7|24/7|24/7|24/7|24/7	1	1	1	31.780550	35.188132
כיכר דניה צפון	ירושלים	שדרות הרצל 101	כפיר	*2779	24/7|24/7|24/7|24/7|24/7|24/7|24/7	1	1	1	31.780517	35.188161
יפה נוף דרום	ירושלים	שדרות הרצל 124	כפיר	*2779	24/7|24/7|24/7|24/7|24/7|24/7|24/7	1	1	1	31.776882	35.184784
יפה נוף צפון	ירושלים	שדרות הרצל 124	כפיר	*2779	24/7|24/7|24/7|24/7|24/7|24/7|24/7	1	1	1	31.776840	35.184912
הר הרצל דרום	ירושלים	שדרות הרצל, ליד הר הרצל	כפיר	*2779	24/7|24/7|24/7|24/7|24/7|24/7|24/7	1	1	1	31.770907	35.181393
הר הרצל צפון	ירושלים	שדרות הרצל, ליד הר הרצל	כפיר	*2779	24/7|24/7|24/7|24/7|24/7|24/7|24/7	1	1	1	31.770758	35.181546
אופקים - עמדת טעינה	אופקים	רבי עקיבא	דן בדרום	*5467	00:00-23:59|00:00-23:59|00:00-23:59|00:00-23:59|00:00-23:59|00:00-23:59|00:00-23:59	1	1	1	31.305778	34.624001
אופקים - עמדת טעינה	אופקים	השקד, מרכז קהילתי רבין	דן בדרום	*5467	00:00-23:59|00:00-23:59|00:00-23:59|00:00-23:59|00:00-23:59|00:00-23:59|00:00-23:59	1	1	1	31.307588	34.619494
אשכול - עמדת טעינה	אשכול	כביש 232, מועצה מקומית אשכול - מסוף תחבורה	דן בדרום	*5467	00:00-23:59|00:00-23:59|00:00-23:59|00:00-23:59|00:00-23:59|00:00-23:59|00:00-23:59	0	1	1	31.302253	34.431876
אשקלון - עמדת טעינה	אשקלון	שדרות בן גוריון, תחנה מרכזית	דן בדרום	*5467	00:00-23:59|00:00-23:59|00:00-23:59|00:00-23:59|00:00-23:59|00:00-23:59|00:00-23:59	1	1	1	31.663857	34.566846
באר שבע - עמדת טעינה	באר שבע	שלמה המלך 7, מרכז מורים באר שבע	דן בדרום	*5467	00:00-23:59|00:00-23:59|00:00-23:59|00:00-23:59|00:00-23:59|00:00-23:59|00:00-23:59	0	1	1	32.053868	34.860506
להבים - עמדת טעינה	להבים	להבים, בניין המועצה	דן בדרום	*5467	00:00-23:59|00:00-23:59|00:00-23:59|00:00-23:59|00:00-23:59|00:00-23:59|00:00-23:59	0	1	1	31.372749	34.816079
תפרח - עמדת טעינה	תפרח	מושב תפרח, ליד הדואר והמועצה	דן בדרום	*5467	00:00-23:59|00:00-23:59|00:00-23:59|00:00-23:59|00:00-23:59|00:00-23:59|00:00-23:59	1	1	1	31.326465	34.681600
מרכז שפירא - עמדת טעינה	מרכז שפירא	מרכז שפירא, בניין המועצה הישן	דן בדרום	*5467	00:00-23:59|00:00-23:59|00:00-23:59|00:00-23:59|00:00-23:59|00:00-23:59|00:00-23:59	0	1	1	31.698403	34.712821
קרית גת - עמדת טעינה	קרית גת	בית יוסף 2, מרכז מעלה; מתנס	דן בדרום	*5467	00:00-23:59|00:00-23:59|00:00-23:59|00:00-23:59|00:00-23:59|00:00-23:59|00:00-23:59	1	1	1	31.617231	34.755713
קרית מלאכי - עמדת טעינה	קרית מלאכי	זבוטינסקי - שדרות הוורדים, קניון הקריה	דן בדרום	*5467	00:00-23:59|00:00-23:59|00:00-23:59|00:00-23:59|00:00-23:59|00:00-23:59|00:00-23:59	1	1	1	31.726675	34.747236
שדרות - עמדת טעינה	שדרות	כביש 232, במבנה המכללה האקדמית ספיר	דן בדרום	*5467	00:00-23:59|00:00-23:59|00:00-23:59|00:00-23:59|00:00-23:59|00:00-23:59|00:00-23:59	1	1	1	31.510888	34.596458
שדרות - עמדת טעינה	שדרות	ברלב 4, מתנס שדרות	דן בדרום	*5467	00:00-23:59|00:00-23:59|00:00-23:59|00:00-23:59|00:00-23:59|00:00-23:59|00:00-23:59	0	1	1	31.529043	34.589390
באר שבע - עמדת טעינה	באר שבע	יס פלאנט, מול הסופר פארם	דן באר שבע	*3527	00:00-23:59|00:00-23:59|00:00-23:59|00:00-23:59|00:00-23:59|00:00-23:59|00:00-23:59	1	1	1	31.222849	34.802528
באר שבע - עמדת טעינה	באר שבע	אפרים לרון פינת דרור פלח 7	דן באר שבע	*3527	00:00-23:59|00:00-23:59|00:00-23:59|00:00-23:59|00:00-23:59|00:00-23:59|00:00-23:59	1	1	1	31.230437	34.768180
באר שבע - עמדת טעינה	באר שבע	האטד 101	דן באר שבע	*3527	00:00-23:59|00:00-23:59|00:00-23:59|00:00-23:59|00:00-23:59|00:00-23:59|00:00-23:59	1	1	1	31.230474	34.779433
באר שבע - עמדת טעינה	באר שבע	יוהנה זבוטינסקי 13	דן באר שבע	*3527	00:00-23:59|00:00-23:59|00:00-23:59|00:00-23:59|00:00-23:59|00:00-23:59|00:00-23:59	1	1	1	31.238540	34.776131
באר שבע - עמדת טעינה	באר שבע	בית אשל 518, שוק באר שבע - רציפים	דן באר שבע	*3527	00:00-23:59|00:00-23:59|00:00-23:59|00:00-23:59|00:00-23:59|00:00-23:59|00:00-23:59	1	1	1	31.240708	34.795890
באר שבע - עמדת טעינה	באר שבע	החלוץ, קפה סרוסי	דן באר שבע	*3527	00:00-23:59|00:00-23:59|00:00-23:59|00:00-23:59|00:00-23:59|00:00-23:59|00:00-23:59	1	1	1	31.240980	34.791348
באר שבע - עמדת טעינה	באר שבע	יהשוע חנקין, תחנה מרכזית ברציפים 3א	דן באר שבע	*3527	00:00-23:59|00:00-23:59|00:00-23:59|00:00-23:59|00:00-23:59|00:00-23:59|00:00-23:59	1	1	1	31.242333	34.798028
באר שבע - עמדת טעינה	באר שבע	דרך השלום, מרכז אורות	דן באר שבע	*3527	00:00-23:59|00:00-23:59|00:00-23:59|00:00-23:59|00:00-23:59|00:00-23:59|00:00-23:59	1	1	1	31.242433	34.798332
באר שבע - עמדת טעינה	באר שבע	רחוב התקווה 4, קרית הממשלה באר שבע ליד שילב	דן באר שבע	*3527	00:00-23:59|00:00-23:59|00:00-23:59|00:00-23:59|00:00-23:59|00:00-23:59|00:00-23:59	1	1	1	31.244973	34.799216
באר שבע - עמדת טעינה	באר שבע	שדרות יצחק רגר, דואר מרכזי	דן באר שבע	*3527	00:00-23:59|00:00-23:59|00:00-23:59|00:00-23:59|00:00-23:59|00:00-23:59|00:00-23:59	1	1	1	31.245021	34.795891
באר שבע - עמדת טעינה	באר שבע	התקווה 4, קרית הממשלה באר שבע ליד מעליות	דן באר שבע	*3527	00:00-23:59|00:00-23:59|00:00-23:59|00:00-23:59|00:00-23:59|00:00-23:59|00:00-23:59	1	1	1	31.245233	34.799482
באר שבע - עמדת טעינה	באר שבע	שדרות ירושלים 55	דן באר שבע	*3527	00:00-23:59|00:00-23:59|00:00-23:59|00:00-23:59|00:00-23:59|00:00-23:59|00:00-23:59	1	1	1	31.246096	34.775694
באר שבע - עמדת טעינה	באר שבע	הנרייטה סולד, קופת חולים ג	דן באר שבע	*3527	00:00-23:59|00:00-23:59|00:00-23:59|00:00-23:59|00:00-23:59|00:00-23:59|00:00-23:59	1	1	1	31.247553	34.802070
באר שבע - עמדת טעינה	באר שבע	אליהו נאוי, גלובוס מקס מרכז מסחרי ביג	דן באר שבע	*3527	00:00-23:59|00:00-23:59|00:00-23:59|00:00-23:59|00:00-23:59|00:00-23:59|00:00-23:59	1	1	1	31.247696	34.812175
באר שבע - עמדת טעינה	באר שבע	שדרות יעלים, מרכז מסחרי יעלים	דן באר שבע	*3527	00:00-23:59|00:00-23:59|00:00-23:59|00:00-23:59|00:00-23:59|00:00-23:59|00:00-23:59	1	1	1	31.251317	34.779585
באר שבע - עמדת טעינה	באר שבע	רחוב שזר 35, בית נועם בכניסה לבניין	דן באר שבע	*3527	00:00-23:59|00:00-23:59|00:00-23:59|00:00-23:59|00:00-23:59|00:00-23:59|00:00-23:59	1	1	1	31.251786	34.808158
באר שבע - עמדת טעינה	באר שבע	ביאליק 211, מרכז חן ביאליק 28	דן באר שבע	*3527	00:00-23:59|00:00-23:59|00:00-23:59|00:00-23:59|00:00-23:59|00:00-23:59|00:00-23:59	1	1	1	31.254167	34.791497
באר שבע - עמדת טעינה	באר שבע	שאול המלך 80, קניון שאול המלך קומה תחתונה	דן באר שבע	*3527	00:00-23:59|00:00-23:59|00:00-23:59|00:00-23:59|00:00-23:59|00:00-23:59|00:00-23:59	1	1	1	31.257481	34.768123
באר שבע - עמדת טעינה	באר שבע	האורגים – רחוב יהושע צורף, מבנה תעשיה	דן באר שבע	*3527	00:00-23:59|00:00-23:59|00:00-23:59|00:00-23:59|00:00-23:59|00:00-23:59|00:00-23:59	1	1	1	31.257527	34.814462
באר שבע - עמדת טעינה	באר שבע	רחוב האצל - דיקלה, מסוף יא	דן באר שבע	*3527	00:00-23:59|00:00-23:59|00:00-23:59|00:00-23:59|00:00-23:59|00:00-23:59|00:00-23:59	1	1	1	31.261259	34.763672
באר שבע - עמדת טעינה	באר שבע	אורי צבי גרינברג, בריכת אוניברסיטת בן גוריון	דן באר שבע	*3527	00:00-23:59|00:00-23:59|00:00-23:59|00:00-23:59|00:00-23:59|00:00-23:59|00:00-23:59	1	1	1	31.261310	34.806059
באר שבע - עמדת טעינה	באר שבע	שאול המלך, קניון אביה קומה 2	דן באר שבע	*3527	00:00-23:59|00:00-23:59|00:00-23:59|00:00-23:59|00:00-23:59|00:00-23:59|00:00-23:59	1	1	1	31.263705	34.778457
באר שבע - עמדת טעינה	באר שבע	רחוב התבונה ליד 29, פארק הייטק ליד גב ים	דן באר שבע	*3527	00:00-23:59|00:00-23:59|00:00-23:59|00:00-23:59|00:00-23:59|00:00-23:59|00:00-23:59	1	1	1	31.264455	34.811825
באר שבע - עמדת טעינה	באר שבע	רינגלום 15, הודו הקטנה	דן באר שבע	*3527	00:00-23:59|00:00-23:59|00:00-23:59|00:00-23:59|00:00-23:59|00:00-23:59|00:00-23:59	1	1	1	31.267567	34.800381
באר שבע - עמדת טעינה	באר שבע	הדעת 74, תיכון מקיף ז	דן באר שבע	*3527	00:00-23:59|00:00-23:59|00:00-23:59|00:00-23:59|00:00-23:59|00:00-23:59|00:00-23:59	1	1	1	31.269774	34.804295
באר שבע - עמדת טעינה	באר שבע	רחוב הר בוקר רמות, שופרסל דיל	דן באר שבע	*3527	00:00-23:59|00:00-23:59|00:00-23:59|00:00-23:59|00:00-23:59|00:00-23:59|00:00-23:59	1	1	1	31.272914	34.810649
באר שבע - עמדת טעינה	באר שבע	שדרות הערים התאומות 20, רמות מרכז ספורטיבי	דן באר שבע	*3527	00:00-23:59|00:00-23:59|00:00-23:59|00:00-23:59|00:00-23:59|00:00-23:59|00:00-23:59	1	1	1	31.280132	34.800242
באר שבע - עמדת טעינה	באר שבע	ביאליק 71, בזל ליד המכללה הטכנולוגית	דן באר שבע	*3527	00:00-23:59|00:00-23:59|00:00-23:59|00:00-23:59|00:00-23:59|00:00-23:59|00:00-23:59	1	1	1	31.250588	34.790790
באר שבע - עמדת טעינה	באר שבע	שאול המלך 80, ליד התחנה המרכזית	דן באר שבע	*3527	00:00-23:59|00:00-23:59|00:00-23:59|00:00-23:59|00:00-23:59|00:00-23:59|00:00-23:59	1	1	1	31.258110	34.768836
באר שבע - עמדת טעינה	באר שבע	החשמונאים 18, מרכז האופרה נחל עשן	דן באר שבע	*3527	00:00-23:59|00:00-23:59|00:00-23:59|00:00-23:59|00:00-23:59|00:00-23:59|00:00-23:59	1	1	1	31.265898	34.763230
באר שבע - עמדת טעינה	באר שבע	רחוב הצנחנים, נחל בקע	דן באר שבע	*3527	00:00-23:59|00:00-23:59|00:00-23:59|00:00-23:59|00:00-23:59|00:00-23:59|00:00-23:59	1	1	1	31.225506	34.781712
באר שבע - עמדת טעינה	באר שבע	כיכר מנחם בגין 1, עיריית באר שבע	דן באר שבע	*3527	00:00-23:59|00:00-23:59|00:00-23:59|00:00-23:59|00:00-23:59|00:00-23:59|00:00-23:59	1	1	1	31.249634	34.801872
מרכזית ירושלים	ירושלים	יפו 224, ירושלים	אגד		07:00–18:50|07:00–18:50|07:00–18:50|07:00–18:50|07:00–18:50|07:00–12:20|close	1	1	1	31.789000	35.203000
קניון גילה	ירושלים	צביה ויצחק 13, ירושלים	אגד		08:00–15:50|08:00–15:50|08:00–15:50|08:00–15:50|08:00–15:50|08:00–12:50|	1	1	1	31.731390	35.186390
קניון הדר	ירושלים	גנרל פייר קניג 26, ירושלים	אגד		08:00–19:40|08:00–19:40|08:00–19:40|08:00–19:40|08:00–19:40|08:00–12:50|	1	1	1	31.753076	35.213853
קניון רב שפע	ירושלים	שמגר 16, ירושלים	אגד		09:00–20:10|09:00–20:10|09:00–20:10|09:00–20:10|09:00–20:10|08:30–11:50|	1	1	1	31.794819	35.208368
קניון רמות	ירושלים	גולדה מאיר (קניון רמות), ירושלים	אגד		08:00–19:50|08:00–19:50|08:00–19:50|08:00–19:50|08:00–19:50|09:00–12:50|	1	1	1	31.817817	35.194467
קניון פסגת זאב	ירושלים	שד' משה דיין 106–148, ירושלים	אגד		08:00–19:50|08:00–19:50|08:00–19:50|08:00–19:50|08:00–19:50|09:00–12:50|	1	1	1	31.825146	35.237803
קניון הפעמון	ירושלים	המלך ג'ורג' 3, ירושלים	אגד		08:00–19:40|08:00–19:40|08:00–19:40|08:00–19:40|08:00–19:40|08:00–12:50|	1	1	1	31.781530	35.216470
אילת	אילת	שד' התמרים, אילת (מרכז סנטר)	אגד		08:00–16:50|08:00–16:50|08:00–16:50|08:00–16:50|08:00–16:50|close|close	1	1	1	29.558100	34.948200
בת ים – בלפור 45	בת ים	בלפור 45 (בפסאג'), בת ים	אגד		07:00–18:50|07:00–18:50|07:00–18:50|07:00–18:50|07:00–18:50|08:00–12:50|close	1	1	1	32.028275	34.748475
דימונה – מד המעפילים	דימונה	המעפילים 215, דימונה	אגד		07:45–16:20|07:45–16:20|07:45-15:20|07:45–16:20|07:45–16:20|close|close	1	1	1	31.066520	35.030949
חולון	חולון	שדרות קוגל 27, חולון	אגד		07:00–18:50|07:00–18:50|07:00–18:50|07:00–18:50|07:00–18:50|08:00–12:50|close	1	1	1	32.024373	34.774754
נמל התעופה רמון	שדה התעופה רמון	נמל התעופה הבינל רמון (ETM)	אגד		07:00–18:50|07:00–18:50|07:00–18:50|07:00–18:50|07:00–18:50|07:00–12:50|18:00-21:50	1	1	1	29.727361	35.004806
נס ציונה – רוטשילד 4	נס ציונה	רוטשילד 4, נס ציונה	אגד		07:00–18:50|07:00–18:50|07:00–18:50|07:00–18:50|07:00–18:50|08:00–12:50|close	1	1	1	31.932111	34.801327
ראשון לציון – מרכזית ישנה	ראשון לציון	הרצל 63, ראשון לציון	אגד		07:00–18:50|07:00–18:50|07:00–18:50|07:00–18:50|07:00–18:50|close|close	1	1	1	31.966591	34.803024
ראשון לציון – תמ חדשה	ראשון לציון	גולדה מאיר 1, ראשון לציון	אגד		07:00–18:50|07:00–18:50|07:00–18:50|07:00–18:50|07:00–18:50|08:00–12:50|close	1	1	1	31.967800	34.785000
רחובות – תחנה מרכזית	רחובות	בילו 2, רחובות (סמוך לקופות)	אגד		07:00–18:50|07:00–18:50|07:00–18:50|07:00–18:50|07:00–18:50|08:00–12:50|close	1	1	1	31.893663	34.807649
תא – אבן גבירול 35	תל אביב	אבן גבירול 35, תל אביב-יפו (פינת המעפיל)	אגד		07:00–18:50|07:00–18:50|07:00–18:50|07:00–18:50|07:00–18:50|08:00–12:50|close	1	1	1	32.090647	34.829789
תא – התחנה המרכזית	תל אביב	לוינסקי 108, תל אביב-יפו	אגד		07:00–18:50|07:00–18:50|07:00–18:50|07:00–18:50|07:00–18:50|07:00–12:50|close	1	1	1	32.055833	34.780278
קריית שמונה – תחנה מרכזית	קרית שמונה	ארלוזורוב, קריית שמונה	אגד		08:30-16:50|08:30-16:50|08:30-16:50|08:30-16:50|08:30-16:50|close|close	1	1	1	33.209087	35.569220
קניון לב כרמיאל	כרמיאל	מורד הגיא 100, כרמיאל	אגד		08:00-19:50|08:00-19:50|08:00-19:50|08:00-19:50|08:00-19:50|08:00-12:50|close	1	1	1	32.917000	35.305000
מרכזית המפרץ	חיפה	שד' ההסתדרות 55, חיפה	אגד		07:00–18:50|07:00–18:50|07:00–18:50|07:00–18:50|07:00–18:50|07:30–12:50|close	1	1	1	32.793922	35.036956
חוף הכרמל – תחנה מרכזית	חיפה	מאיר זורע, חיפה	אגד		07:00–18:50|07:00–18:50|07:00–18:50|07:00–18:50|07:00–18:50|07:30–12:50|close	1	1	1	32.793642	34.959439
חדרה – תחנה מרכזית	חדרה	ששת הימים, תחנה מרכזית חדרה	אגד		07:00–18:50|07:00–18:50|07:00–18:50|07:00–18:50|07:00–18:50|08:00-12:50|close	1	1	1	32.435556	34.913889
טירת כרמל – העצמאות 48 (מרכז מסחרי)	טירת הכרמל	העצמאות 48, טירת כרמל	אגד		07:00-18:50|07:00-18:50|07:00-18:50|07:00-18:50|07:00-18:50|08:00-12:50|close	1	1	1	32.761516	34.973632
קריית מוצקין – קניון רבמד	קרית מוצקין	שדרות בן גוריון 82, קניון רבמד, קריית מוצקין	אגד		07:00-18:50|07:00-18:50|07:00-18:50|07:00-18:50|07:00-18:50|08:00-12:50|close	1	1	1	32.839838	35.080791
קריית חיים – 'הצריף' (אחי אילת 73)	קרית חיים	אחי אילת 73, קריית חיים, חיפה	אגד		09:00-15:50|09:00-15:50|09:00-15:50|09:00-15:50|09:00-15:50|close|close	1	1	1	32.821609	35.069411
זכרון יעקב – המייסדים 51	זכרון יעקב	המייסדים 51, זכרון יעקב	אגד		08:00-17:00|08:00-17:00|08:00-17:00|08:00-17:00|08:00-17:00|08:00-12:50|close	1	1	1	32.573883	34.953977
חיפה – נווה שאנן, הגליל 76 (פינת הבריכה)	חיפה	הגליל 76 (פינת הבריכה), חיפה	אגד		07:00-18:50|07:00-18:50|07:00-18:50|07:00-18:50|07:00-18:50|08:00-12:50|close	1	1	1	32.789445	35.018615
חיפה – אבו סינא 2	חיפה	אבן סינא 2, חיפה	אגד		07:00-18:50|07:00-18:50|07:00-18:50|07:00-18:50|07:00-18:50|close|close	1	1	1	32.814091	34.996960
מרכז הנפקה גלים	רהט	רחוב אלסלאם שכונה 18	גלים		08:00-16:00|08:00-16:00|08:00-16:00|08:00-16:00|08:00-16:00||	1	1	1	31.384030	34.733080
מתחם קסם הגולן	קצרין	מתחם קסם הגולן קומת כניסה אזור התעשייה	החברה הכלכלית לישובי הגולן		08:00-13:00;14:00-16:30|08:00-13:00;14:00-16:30|08:00-13:00;14:00-16:30|08:00-13:00;14:00-16:30|08:00-13:00;14:00-16:30||	1	1	1	32.987207	35.707498
שי גדי- דף שי	תל אביב יפו	שאול המלך 39			||||||	0	1	0	32.078001	34.790576
פיצוחי משיח מאה שערים	ירושלים	יואל 1			||||||	0	1	0	31.788168	35.219681
סטוק - וואן אשקלון בע"מ	אופקים	פרי מגדים 52			||||||	1	1	0	31.311709	34.611697
שוקולנד דוד ילין	ירושלים	דוד ילין 39			||||||	1	1	0	31.786516	35.214357
סטוק בית ישראל	ירושלים	בית ישראל 8			||||||	1	1	0	31.788415	35.224333
גוד מרקט	חריש	גפן 15			||||||	1	1	0	32.465556	35.037827
יין בעיר מגדל העמק	מגדל העמק	ביג מגדל העמק			||||||	1	1	0	32.692723	35.227939
זה המקום	מודיעין מכבים רעות	יער בן שמן 2			||||||	1	1	0	31.895769	34.986074
ברכל רוזובסקי	אשדוד	רוזובסקי 5			||||||	1	1	0	31.804381	34.655314
נובה פון יפו 43	ירושלים	יפו 43			||||||	1	1	0	31.782227	35.219180
סיטי מרקט אשדוד חדש	אשדוד	חיים משה שפירא 22			||||||	1	1	0	31.800884	34.640971
סיטי מרקט רוטשילד	ראשון לציון	רוטשילד 57			||||||	1	1	0	31.963611	34.799527
אנה מרקט לוינסקי	תל אביב יפו	לוינסקי 31			||||||	1	1	0	32.059754	34.770735
מובייל נט	ירושלים	יפו 72			||||||	1	1	0	31.784283	35.215455
אקספרס מרקט הנציב	נתניה	שמואל הנציב 5			||||||	1	1	0	32.329488	34.856453
רגע מתוק כפר סבא	כפר סבא	ויצמן 108			||||||	1	1	0	32.175045	34.908684
פיצוציה של מרקט	תל אביב יפו	העלייה 22			||||||	1	1	0	32.059052	34.773444
מרי חואנה	ירושלים	גולדה מאיר 255			||||||	1	1	0	31.797475	35.217682
טריו	גבעת שמואל	בן גוריון 20			||||||	1	1	0	32.077688	34.847049
החנות של בני הישיבות	ירושלים	בית ישראל 1			||||||	1	1	0	31.788233	35.223661
שומשום פצייץ	באר שבע	יונה זבוטינסקי 13			||||||	1	1	0	31.249171	34.809117
פינת הגשר רמות	ירושלים	גולדה מאיר 255			||||||	1	1	0	31.797475	35.217682
פיצה מירון חדש	מירון	כניסה לרשבי			||||||	0	1	0	32.980786	35.440615
שדרות ירושלים 35	קרית ים	שדרות ירושלים 35			||||||	1	1	0	32.839426	35.067196
התחנה המתוקה ביתר עילית	ביתר עילית	רבי עקיבא 17			||||||	1	1	0	31.698041	35.122811
טל מרקט	רחובות	מוסקוביץ 20			||||||	1	1	0	31.897044	34.811845
טל מרקט הרצל	רחובות	הרצל 105			||||||	1	1	0	31.890637	34.812626
מזל וברכה	ביתר עילית	נדבורנא 9			||||||	0	1	0	31.693438	35.111244
מתוק בגבעה	ירושלים	חיים הלר 21			||||||	1	1	0	31.763908	35.197588
מאפיית בני ברק 2	בני ברק	זבוטינסקי 121			||||||	0	1	0	32.092815	34.839348
ביג ג'ינג'	ביתר עילית	ישמח ישראל 1			||||||	1	1	0	31.699861	35.107495
7 אקספרס שרי ישראל	ירושלים	שרי ישראל 15			||||||	1	1	0	31.789145	35.206145
סמארט פלייס בע"מ (הום פלייס ירושלים)	ירושלים	יחזקאל 14			||||||	1	1	0	31.789686	35.218939
סוויט 365 יבנה	יבנה	הרצל 19			||||||	1	1	0	31.875353	34.735010
מפגש ביאליק חדש	רמת גן	קריניצי 2			||||||	1	1	0	32.079110	34.815030
שהכל בזול מרקט	עפולה	ירושלים			||||||	1	1	0	32.610493	35.287922
ניסים ונפלאות פירות וירקות	אשדוד	רוגוזין 21			||||||	1	1	0	31.804224	34.642949
ויוה לאס וגאס	ירושלים	עמק רפאים 42			||||||	1	1	0	31.762955	35.218517
הקלייה	עמנואל	פנחס לוין 8			||||||	1	1	0	32.160688	35.136036
צדק הצפון חדש	קרית ים	בנימין 3			||||||	1	1	0	32.849640	35.066792
קיוסק מזל וברכה חדש	בני ברק	עזרא 54			||||||	1	1	0	32.076935	34.836370
מפגש קורל- יניב	תל אביב יפו	יגאל אלון 155			||||||	1	1	0	32.078308	34.797190
סיבוניס מאפייה	בית שמש	האמוראים 59			||||||	1	1	0	31.701945	34.970827
טירת המזל חדש	טירת כרמל	ביאליק 3			||||||	1	1	0	32.766129	34.970088
ללה לנד	חיפה	הנשיא 135			||||||	1	1	0	32.713094	35.130338
נתיב החסד גרטי	ראש העין	גרטי וקרל קורי 13			||||||	1	1	0	32.083975	34.969939
נתיב החסד ג'ון קנדי	ראש העין	ג'ון קנדי 36			||||||	1	1	0	32.095216	34.952580
דרך השפע	ירושלים	נחמיה 14			||||||	1	1	0	31.792223	35.216332
Puffs	פתח תקווה	חיים עוזר 1			||||||	1	1	0	32.090031	34.886189
סנאקס רחובות	רחובות	כרמל 76			||||||	1	1	0	31.905644	34.820354
מרכל הלב	בני ברק	גיבורי ישראל 11			||||||	1	1	0	32.081816	34.842478
פיצוחי מזרחי בני ברק	בני ברק	אהרונוביץ' 12			||||||	1	1	0	32.090832	34.838634
לאס וגאס חדש	בת ים	בלפור 70			||||||	1	1	0	32.021176	34.745315
רק זול	ירושלים	סן מרטין 15			||||||	1	1	0	31.754140	35.192920
מאפיית רוממה חדש	חיפה	רוממה			||||||	1	1	0	32.789269	34.995427
מסוף ארזים עמדת מודיעין	ירושלים	יגאל ידין 1			||||||	0	1	0	31.807630	35.204397
פיצוחי מזרחי קריית גת	קרית גת	האדמור מחבד 4			||||||	1	1	0	31.617178	34.752908
פיצוחי מזרחי רמות	רמות	העברה 2			||||||	1	1	0	32.850365	35.665245
פיצוחי מזרחי בר אילן	ירושלים	שמואל הנביא 101			||||||	1	1	0	31.796183	35.219266
דן בדרום תחמז אשקלון 2	אשקלון	בן יהודה 11			||||||	1	1	0	31.521271	34.595395
לב התבלינים	אשקלון	דוד רמז 66			||||||	1	1	0	31.669058	34.584455
קיוסק רמות משה לוי	ירושלים	כיסופים 801			||||||	1	1	0	31.816948	35.196525
כמה בכמה	ירושלים	אוהלי יוסף 11			||||||	1	1	0	31.795747	35.217222
פיצוחי מזרחי רבנו גרשום	ירושלים	רבנו גרשום 40			||||||	1	1	0	31.793732	35.218190
פיצוחי מזרחי יחזקאל	ירושלים	יחזקאל 30			||||||	1	1	0	31.791457	35.220132
באבי חדש 2	תל אביב יפו	דרך חיים בר לב 109			||||||	1	1	0	32.047040	34.799745
באבי חדש	תל אביב יפו	דרך חיים בר לב 109			||||||	1	1	0	32.047040	34.799745
אקספרס מרקט דימונה	דימונה	גולדה מאיר 20			||||||	1	1	0	31.065445	35.032429
ילוז סיטונאות	דימונה	מ"ד המעפילים 4			||||||	1	1	0	31.064167	35.034174
רמזור	בני ברק	ז'בוטינסקי 95			||||||	1	1	0	32.092920	34.836877
השקדיה חדש 2	בני ברק	ז'בוטינסקי 116			||||||	1	1	0	32.092204	34.833616
השקדיה חדש 1	בני ברק	ז'בוטינסקי 116			||||||	1	1	0	32.092204	34.833616
פיצוחי מזרחי נתיבות המשפט	מודיעין עילית	נתיבות המשפט 5			||||||	1	1	0	31.933196	35.047694
פיצוחי מזרחי רמבם	מודיעין עילית	רמבם			||||||	1	1	0	31.929546	35.048317
פיצוחי מזרחי ישעיהו	ירושלים	יעשיהו 26			||||||	1	1	0	31.793803	35.216182
פיצוחי מזרחי רחוב דוד	ירושלים	בר אילן 39			||||||	1	1	0	31.793803	35.216182
R61 אקספרס	ראשון לציון	רוטשילד 61			||||||	0	1	0	31.963726	34.799392
סיטי מרקט טווינס לחי חדש	תל אביב יפו	לחי 36			||||||	1	1	0	32.047048	34.791429
פיצוחי מזרחי רשבי אשדוד	אשדוד	רשבי 15			||||||	1	1	0	31.789049	34.664940
מיני מרקט עלי	לוד	שלמה המלך 44			||||||	1	1	0	31.943361	34.882799
זול בסל	ירושלים	צפניה 43			||||||	1	1	0	31.792023	35.215860
קיוסק המעשן	ירושלים	המוסכים 12			||||||	1	1	0	31.751214	35.212156
מינימרקט סרוסי	עפולה	הנרייטה סולד 24			||||||	1	1	0	32.623544	35.331472
אקספרס מרקט חדש	נתניה	הנביאים 3			||||||	1	1	0	32.297343	34.854184
שער לים	אשדוד	שוהם 2			||||||	1	1	0	31.766395	34.631181
סופר בני תורה הירקון	בני ברק	הירקון 30			||||||	0	1	0	32.096521	34.827465
גל אלקנתי בעמ	טירת כרמל	הרצל 1			||||||	1	1	0	32.760040	34.973206
מתוק בעצמאות	אור יהודה	העצמאות 35			||||||	0	1	0	32.028193	34.862110
כיסופים	ירושלים	שאולזון 58			||||||	1	1	0	31.785989	35.173823
רמי לוי משרדים	מודיעין מכבים רעות	צלע ההר 17			||||||	0	1	0	31.919548	34.965069
נויה גבעת זאב	גבעת זאב	שבט בנימין 13			||||||	0	1	0	31.863482	35.170369
עגולה מרקט סניף חצור	חצור הגלילית	חוני המעגל 12			||||||	1	1	0	32.982182	35.552455
קנדי שופ רמת אשכול	ירושלים	זלמן ארן 3			||||||	0	1	0	31.801304	35.226438
פיצוציית ר.נ.ט.א	חדרה	הרבסט סמואל 31			||||||	1	1	0	32.437943	34.914566
סאן מובייל 2	תל אביב יפו	לוינסקי 108			||||||	1	1	0	32.056608	34.779501
צעצועי ירושלים יעקב מאיר	ירושלים	יעקב מאיר 7			||||||	0	1	0	31.788511	35.216200
צעצועי ירושלים בר אילן	ירושלים	שמואל הנביא 99			||||||	0	1	0	31.796028	35.219199
שהכל החדש	מודיעין עילית	שדרות יחזקאל 2			||||||	1	1	0	31.937023	35.038943
שהכל הקטנה	מודיעין עילית	אבני נזר 46			||||||	1	1	0	31.930125	35.038732
דן ב"ש 2025 5	באר שבע	תחנה מרכזית			||||||	1	1	0	31.242630	34.797863
פרצ'יק	אשדוד	רוגוזין			||||||	1	1	0	31.803547	34.642081
מכולת של דסטה	קרית מלאכי	בן גוריון 2			||||||	0	1	0	31.730255	34.746616
סיטי מרקט כיכר סטרומה	חולון	סוקולוב 3			||||||	1	1	0	32.023589	34.770449
אגד חיפה הדר 2	חיפה	מאיר זורע 1			||||||	1	1	0	32.793607	34.959218
אגד חוף הכרמל 2	חיפה	0			||||||	1	1	0	32.794046	34.989571
אגד חדרה 2	חדרה	0			||||||	1	1	0	32.434046	34.919652
אגד ראשון החדשה 2	ראשון לציון	תחנה המרכזית החדשה			||||||	1	1	0	32.056141	34.779263
אגד אבן גבירול 2	תל אביב יפו	אבן גבירול 35			||||||	1	1	0	32.075735	34.781485
אגד ראשון הישנה 2	ראשון לציון	הרצל 45			||||||	1	1	0	31.968747	34.804305
אגד רחובות בילו	רחובות	בילו 2			||||||	1	1	0	31.893286	34.806602
אגד חולון קוגל	חולון	קוגל 27			||||||	1	1	0	32.024209	34.774786
אגד בת ים בלפור	בת ים	בלפור 39			||||||	1	1	0	32.012405	34.752035
אגד קריית מוצקין 2	קרית מוצקין	0			||||||	0	1	0	32.839037	35.082106
סי מרקט	אשדוד	קדושי בלזן 1			||||||	0	1	0	31.810913	34.641745
פיצוחי מורנו	ירושלים	כנפי נשרים 35			||||||	1	1	0	31.787105	35.181360
רב קו טעון - משלוח מהיר	רמת גן	היצירה 3			||||||	1	1	0	32.084873	34.802596
דהן מחסני גלידות קצרין	קצרין	מרכז איתן			||||||	1	1	0	32.990998	35.689865
דראגסטור	ראשון לציון	רוטשילד 48			||||||	1	1	0	31.964028	34.801458
אולה רחביה	ירושלים	עזה 34			||||||	1	1	0	31.772523	35.213836
בני הישיבות רמות	ירושלים	מעוז 1			||||||	0	1	0	31.818536	35.202177
נוכחות בכיכר	טבריה	ויצמן 21			||||||	1	1	0	32.779730	35.513594
הכל מהכל חדש	מודיעין מכבים רעות	צהלון 1			||||||	1	1	0	31.908501	35.013835
סופר בראשית	ירושלים	המלאכה 1			||||||	1	1	0	31.786170	35.221464
צ'יפר כל	ירושלים	כנפי נשרים 31			||||||	0	1	0	31.787075	35.182249
מיני מרקט המשפחה	ירושלים	שבתאי הנגבי 63			||||||	0	1	0	31.737590	35.199528
עולם הממתקים זיו צפת	צפת	בית חולים זיו			||||||	1	1	0	32.954157	35.492657
בלאק גק חדרה חדש	חדרה	הלל יפה 21			||||||	1	1	0	32.436714	34.916850
יולו	אשקלון	דוד רמז 39			||||||	0	1	0	31.668690	34.584219
טופ פון	אשקלון	אלי כהן 37			||||||	1	1	0	31.669885	34.579060
סבן אקספרס רכבת אשדוד	אשדוד	דרך הרכבת 1			||||||	1	1	0	31.776420	34.664153
אגד רב שפע חדש	ירושלים	שמגר 16			||||||	1	1	0	31.794748	35.208407
פאן כאן	אשדוד	יהודה הנשיא 8			||||||	1	1	0	31.791612	34.665679
אחים עודאללה	ירושלים	דרך שוועפט 86			||||||	1	1	0	31.768319	35.213710
גיא מרקט	קרית ים	וייצמן 1			||||||	1	1	0	32.849424	35.074154
מאפיית התאומים	נוף הגליל	הגפן 1			||||||	1	1	0	32.696256	35.315180
מרום גולן (הרשאה מכירות)	ראש העין	שילה 22			||||||	1	1	0	32.092723	34.956534
דניאל מרקט	בת ים	יוספטל 20			||||||	1	1	0	32.018995	34.741442
שקל מרקט מאה שערים	ירושלים	מאה שערים 6			||||||	0	1	0	31.787950	35.220482
סמוק שופ	ג'דידה מכר	גדיידה מכר			||||||	1	1	0	32.928136	35.156194
שקל מרקט קרית אתא	קרית אתא	מקור ברוך 6			||||||	0	1	0	32.803884	35.102472
שקל מרקט בית שמש האמוראים	בית שמש	האמוראים 47 רמה ד			||||||	0	1	0	31.702352	34.967753
שקל מרקט בר אילן	ירושלים	בר אילן 17			||||||	0	1	0	31.794932	35.218650
שקל מרקט יחזקאל	ירושלים	יחזקאל 14			||||||	0	1	0	31.789686	35.218939
פיצוחי אריאל	קרית אתא	זבולון 6			||||||	1	1	0	32.805593	35.102688
רמי לוי כרמי גת	קרית גת	דרך הדרום 3 מתחם ביג			||||||	0	1	0	31.603105	34.771516
מאפיית שיפון	ירושלים	הגננת 240			||||||	0	1	0	31.731729	35.193752
קיוסק לוגי חדש	ראשון לציון	רוטשילד 23			||||||	1	1	0	31.961507	34.800662
קפה ניר	ירושלים	גבעת שאול 1			||||||	1	1	0	31.790993	35.196115
פיצוחי הקניון חדש	ראשון לציון	ז'בוטינסקי 16			||||||	1	1	0	31.961964	34.800834
ג'וקו	רחובות	הרצל 164			||||||	1	1	0	31.894035	34.811900
גלילאו מרקט	חיפה	גליל 108			||||||	1	1	0	32.786365	35.021930
על הקו מבשרת ציון	מבשרת ציון	יסמין 125			||||||	1	1	0	31.801658	35.144094
על הקו גבעת זאב	גבעת זאב	קידרון 10			||||||	1	1	0	31.862712	35.174955
פשפש מרקט סולטן	אשקלון	ההסתדרות 254			||||||	1	1	0	31.657733	34.560475
פשפש מרקט צפניה	אשקלון	צפניה 7			||||||	1	1	0	31.673286	34.570330
פסק זמן חדש	קרית מוצקין	עכו 125			||||||	1	1	0	32.836650	35.084978
בוטיק על הדרך כפ"ס	כפר סבא	ויצמן 148			||||||	1	1	0	32.174198	34.912690
בינגו מרכזית	אשקלון	בן גוריון 29			||||||	1	1	0	31.668789	34.574252
מתחת לעץ	אבן יהודה	המייסדים 56			||||||	1	1	0	32.269802	34.889529
צרכניה בית חלקיה	בית חלקיה	התאנה			||||||	0	1	0	31.792725	34.810355
צרכנית יסודות	יסודות	עמוס 1			||||||	0	1	0	31.815571	34.866225
פינת המפגש	ירושלים	הלל 23			||||||	1	1	0	31.780562	35.218191
קלאסי רשי	בני ברק	רשי 28			||||||	0	1	0	32.083219	34.834891
קלאסי אימרי חיים	בני ברק	אימרי חיים 27			||||||	0	1	0	32.073762	34.838614
מחסני הגלידה	אשדוד	הפלמח 20			||||||	1	1	0	31.800750	34.662655
ווגאס משקאות	ירושלים	יקותיאל אדם 2			||||||	1	1	0	31.819417	35.239274
עשר תעשר חדש	בני ברק	קהילות יעקב 63			||||||	1	1	0	32.071778	34.838862
עשר תעשר 2 חדש	בני ברק	קהילות יעקב 63			||||||	1	1	0	32.071778	34.838862
סופר סול	אזור	שפינוזה 2			||||||	1	1	0	32.023918	34.803720
רובין שפע בשר (מסלול מכירות)	פתח תקווה	הברון הירש 9			||||||	1	1	0	32.089826	34.882408
פוטומן	ירושלים	חפץ חיים 7			||||||	1	1	0	31.787044	35.216634
איסמעיל אבו מדיעם 22	רהט	0			||||||	1	1	0	31.395138	34.753359
מכולת אולגה	חיפה	יוסף 31			||||||	1	1	0	32.807098	34.997776
איסמעיל אבו מדיעם 21	רהט	0			||||||	1	1	0	31.395138	34.753359
איסמעיל אבו מדיעם ראשי	רהט	0			||||||	1	1	0	31.395138	34.753359
איסמעיל אבו מדיעם 19	רהט	0			||||||	1	1	0	31.395138	34.753359
איסמעיל אבו מדיעם 20	רהט	0			||||||	1	1	0	31.395138	34.753359
איסמעיל אבו מדיעם 9	רהט	0			||||||	1	1	0	31.395138	34.753359
איסמעיל אבו מדיעם 8	רהט	0			||||||	1	1	0	31.395138	34.753359
איסמעיל אבו מדיעם 4	רהט	0			||||||	1	1	0	31.395138	34.753359
איסמעיל אבו מדיעם 1	רהט	0			||||||	1	1	0	31.395138	34.753359
גריש אחלה של מקום (הרשאה)	בני ברק	זבוטינסקי 126			||||||	1	1	0	32.092285	34.834435
gmt ביאליק 1	רמת גן	ביאליק 1			||||||	1	1	0	32.078763	34.814856
מפגש התחנה פאדי	קרית אתא	זבולון			||||||	0	1	0	32.803614	35.090477
קיו מרקט נווה יעקב	ירושלים	משה דיין 1			||||||	1	1	0	31.750540	35.207053
סופר בני תורה הר סיני	בני ברק	הר סיני 13			||||||	0	1	0	32.074102	34.840694
סופר בני תורה פוברסקי	בני ברק	פוברסקי 5			||||||	0	1	0	32.084739	34.841462
סופר בני תורה חזון איש	בני ברק	חזון איש 67			||||||	0	1	0	32.078408	34.833967
ספרי ברסלב	בית שמש	רבי צדוק 8			||||||	0	1	0	31.723304	34.995055
SNAX חדש	חולון	יעקב פיכמן 22			||||||	1	1	0	32.014443	34.774899
קיו מרקט תלפיות	ירושלים	האומן 30			||||||	1	1	0	31.750540	35.207053
הבוטקה פינת זרחי	ירושלים	אברהם רקנטי 3			||||||	1	1	0	31.815027	35.193977
עולם הממתקים קרית יובל	ירושלים	הנריטה סולד 1			||||||	0	1	0	31.762048	35.171964
המכולת	קרית ביאליק	זבוטינסקי 6			||||||	1	1	0	32.856282	35.096166
שכוייח הרשאה	ערד	הערבה 14/1			||||||	1	1	0	31.252647	35.216800
הפוך הפוך	חיפה	פל ים 17			||||||	1	1	0	32.816591	35.001334
שפע רמות	ירושלים	אצג 2			||||||	0	1	0	31.768319	35.213710
מרקט אקספרס ירושלים(ספייר)	ירושלים	יפו 226			||||||	1	1	0	31.789018	35.203276
מרקט אקספרס ירושלים	ירושלים	יפו 226			||||||	1	1	0	31.789018	35.203276
שוק הממתקים ירושלים	ירושלים	יפו 226			||||||	1	1	0	31.789018	35.203276
מרקט התחנה המרכזית ירושלים	ירושלים	יפו 226			||||||	1	1	0	31.789018	35.203276
murar	ירושלים	0			||||||	1	1	0	31.768319	35.213710
קפה אור	עפולה	חנקין 1			||||||	1	1	0	32.603155	35.297645
נובה פון הדווידקה	ירושלים	יפו 97			||||||	1	1	0	31.784058	35.215223
שפע מרקט עמוס	ירושלים	עמוס 16			||||||	1	1	0	31.789998	35.216209
אולה אקספרס בע״מ	ירושלים	יפו 224			||||||	1	1	0	31.788966	35.203274
Snax מודיעין	מודיעין מכבים רעות	לאה אימנו 1			||||||	0	1	0	31.885499	35.005588
waleed	ירושלים	הנביאים 7			||||||	1	1	0	31.783796	35.225863
יוניפון תקשורת בע"מ(הרשאה)	ירושלים	הנביאים 7			||||||	1	1	0	31.783796	35.225863
ביליג	בית שמש	רבי יהודה הנשיא 8			||||||	1	1	0	31.729662	34.992598
קשר פלוס	בית שמש	רב זעירא 3			||||||	1	1	0	31.747041	34.988099
נתן יהודה	ירושלים	עמרם גאון 35			||||||	1	1	0	31.788645	35.192293
ממתקי שהכל	מודיעין עילית	חפץ חיים 14			||||||	1	1	0	31.931974	35.044422
כח אדם בארץ הקודש	מודיעין מכבים רעות	המעיין 2			||||||	1	1	0	31.921992	34.969105
סיטי מרקט כרמי גת	קרית גת	שדרות לכיש 181			||||||	1	1	0	31.633895	34.772542
מתוק לי בויצמן חדש	גבעתיים	ויצמן 24			||||||	1	1	0	32.073118	34.808456
קשר פון מודיעין עילית	מודיעין עילית	נתיבות המשפט 101			||||||	1	1	0	31.927128	35.040190
פינת המזל אשדוד חדש	אשדוד	הנביאים 1			||||||	1	1	0	31.783231	34.647627
מינימרקט אוולין	אשקלון	בן גוריון 13			||||||	1	1	0	31.666132	34.558210
הבוטקה בית שמש	בית שמש	נהרדעא 22			||||||	1	1	0	31.700790	34.969953
עדן מרקט ירושלים	ירושלים	הלל 28			||||||	1	1	0	31.779921	35.218850
נובה פון	ירושלים	יפו 51			||||||	1	1	0	31.782227	35.219180
חסדי השם	ירושלים	אוהלי יוסף 11			||||||	0	1	0	31.795794	35.217311
סנטר נס חדש סופר	כפר קרע	ליד בנק פועלים			||||||	1	1	0	32.505479	35.055803
מובייל טק	אשקלון	הרצל 13			||||||	1	1	0	31.663201	34.586494
אדוונס טק	אשקלון	הרצל 33			||||||	1	1	0	31.665163	34.586815
טוטו זיגמון לב הפרח חדש	אשקלון	ההסתדרות 40			||||||	1	1	0	31.655519	34.555325
מכולת שמשון	בני ברק	סוקולוב 39			||||||	0	1	0	32.090031	34.833652
קפה בדרך אורן	פרדס חנה כרכור	דרך הבנים 4			||||||	1	1	0	32.474367	34.971759
קול הלב (pos 2)	ירושלים	גבעת משה 8			||||||	1	1	0	31.798359	35.215369
סוויט 365	גדרה	חיים הרצוג 2			||||||	1	1	0	31.800608	34.783602
ספורט בר חדש	אשדוד	דב גור 24			||||||	0	1	0	31.791863	34.655474
שוקו מרקט	חדרה	הלל יפה 46			||||||	1	1	0	32.441623	34.918093
מאפיית בני ברק	בני ברק	זבוטינסקי 129			||||||	0	1	0	32.073101	34.817359
מקסימום חדש	חיפה	טשרניחובסקי 14			||||||	1	1	0	32.818861	34.976284
השכנה המתוקה	אשדוד	הרצל 1			||||||	1	1	0	31.793538	34.640452
מכולת האחים	עפולה	אבן גבירול 8			||||||	0	1	0	32.624357	35.324695
קליית אסיף	בני ברק	כהנמן 126			||||||	0	1	0	32.074516	34.842193
מרזול חדש	ירושלים	ורבורג 9, קריית יובל			||||||	1	1	0	31.765335	35.176301
אלעזר 1	תל אביב יפו	מבצע קדש 42			||||||	0	1	0	32.113142	34.819144
אלחרבי מרקט הרשאה	רהט	שכונה 25 בית 136			||||||	1	1	0	31.386314	34.740763
משפחת מתתיהו	ירושלים	הושע 6			||||||	1	1	0	31.789400	35.219644
איתי מרקט נס ציונה	נס ציונה	ששת הימים 4			||||||	1	1	0	31.936108	34.796317
נובה פון בן יהודה	ירושלים	בן יהודה 4			||||||	1	1	0	31.781737	35.218585
גרעיני הבית	ירושלים	שמגר 16			||||||	1	1	0	31.794748	35.208407
שפע פ.א.פ	פתח תקווה	בר כוכבא 30			||||||	1	1	0	32.092322	34.885707
מכולת חאמד חדש	תל שבע	מרכז מסחרי א'			||||||	1	1	0	31.247569	34.861193
קיוסק בעיר	חולון	סוקולוב 39			||||||	1	1	0	32.022920	34.773622
שוקולנד חדש	ירושלים	יפו 19, ליד העירייה			||||||	1	1	0	31.780193	35.222370
אופיסנט	צפת	שפרינצק			||||||	0	1	0	32.958229	35.494509
לוטו קפה	ירושלים	הנשיא השישי 14			||||||	0	1	0	31.785148	35.204471
טמבור פלוס	בית שמש	נהר הירדן 50			||||||	1	1	0	31.727117	34.994092
פיסיטק חדש	יד בנימין	עובדיה 1			||||||	1	1	0	31.795124	34.820474
מפגש רוטשילד חדש	בת ים	רוטשילד 20			||||||	1	1	0	32.026609	34.745410
הבית של פיסטוק חדש	נס ציונה	ויצמן 12			||||||	1	1	0	31.926947	34.798223
איתי מרקט	פתח תקווה	מונטיפיורי 5			||||||	1	1	0	32.088655	34.882015
אלוף הפיצוחים חיים	ירוחם	צבי בורנשטיין 312			||||||	1	1	0	30.988506	34.927951
מכולת סופי	אשדוד	שדרות הפלמח 20			||||||	1	1	0	31.800750	34.662655
אס קפה	פתח תקווה	ארלוזורוב 9			||||||	0	1	0	32.085062	34.877143
רמי לוי קניון השדרה	בית שמש	נהר הירקון 38 קניון השדרה			||||||	0	1	0	31.708525	34.990066
סמי בקוסמוס	אשקלון	הרכבת 4			||||||	1	1	0	31.677791	34.606183
מרכז אומגה	באר שבע	הנרייטה סולד 4			||||||	1	1	0	31.247548	34.801034
קינגפון מוצקין חדש	קרית מוצקין	דרך עכו 140			||||||	1	1	0	32.843942	35.089821
קינגפון קרית ים חדש	קרית ים	משה שרת 8			||||||	1	1	0	32.819114	35.068648
מפגש המזל 1	חדרה	הרברט סמואל 72			||||||	1	1	0	32.435836	34.921417
ליציז	כוכב יעקב	אהבת ישראל 22			||||||	1	1	0	31.878317	35.239243
מחסני מזון 2	ערד	שמעון 17			||||||	1	1	0	31.260464	35.211263
חנה מנדלוביץ	חיפה	ארלוזורב 10			||||||	0	1	0	32.806146	35.000634
גיסין משקאות בע"מ	פתח תקווה	גיסין 21			||||||	1	1	0	32.097771	34.881000
בבל חנויות נוחות בע"מ	פתח תקווה	ז'בוטינסקי 87			||||||	1	1	0	32.092228	34.855621
ממתקי עילאי	רמת גן	שהם 3			||||||	0	1	0	32.084744	34.800505
מיני מרקט השרון	נתיבות	יוסי בנאי 2			||||||	1	1	0	31.440521	34.573908
א.ד המזל בע"מ	פתח תקווה	הברון הירש 1			||||||	1	1	0	32.089530	34.881259
כלבו האמוראים	בית שמש	האמוראים 92			||||||	1	1	0	31.700131	34.974716
מקסימום תקשורת	בית שמש	נחל ניצינים 12			||||||	1	1	0	31.714227	34.988127
סיטי מרקט גרינבוים 2	תל אביב יפו	גרינבוים 41			||||||	1	1	0	32.041034	34.765696
פרנקל האמוראים	אשדוד	האמוראים 2			||||||	1	1	0	31.869134	34.741712
פרנקל	אשדוד	הרב לוין 21			||||||	1	1	0	31.793234	34.660268
לב השכונה רחובות	רחובות	מבצע ליטני 8			||||||	1	1	0	31.883322	34.823086
הטעם המתוק	תל אביב יפו	אבא אחימאיר 21			||||||	1	1	0	32.125222	34.802225
סוכן 510 gmt	תל אביב יפו	אלנבי 106			||||||	1	1	0	32.064988	34.772213
נ.מ סופר בטיילת בע״מ	בת ים	בן גוריון 99			||||||	0	1	0	32.016730	34.738943
סטוק שופ 2	ירושלים	אהרון אשכולי 108			||||||	1	1	0	31.812318	35.194540
כלבו שופ איזור ז חדש	אשדוד	רשבי 15			||||||	1	1	0	31.789057	34.664933
כלבו שופ איזור יב חדש	אשדוד	שבט לוי 16/6			||||||	1	1	0	31.778071	34.635843
כלבו שופ איזור ו'	אשדוד	דב גור 4			||||||	1	1	0	31.793352	34.651451
יוני מרקט חדש	ירושלים	הרב מן ההר 28			||||||	1	1	0	31.722210	35.229765
יוני מרקט אליהו קורן חדש	ירושלים	אליהו קורן 29 הר חומה			||||||	1	1	0	31.723302	35.225726
יוני מרקט שאול אביגור חדש	ירושלים	שאול אביגור 3			||||||	1	1	0	31.724891	35.220583
זול מרקט	טבריה	טבור הארץ			||||||	1	1	0	32.794541	35.535032
קנדי שופ מרכזית	ירושלים	יפו 222			||||||	0	1	0	31.788857	35.203835
פינת הדקל	אפרת	מרכז מסחרי דקל			||||||	0	1	0	31.663925	35.156490
עבד פורדיס	פוריידיס	מרכש הכפר			||||||	1	1	0	32.596777	34.950512
סל זול הר נוף	ירושלים	הרב יצחק חי טייב 15			||||||	0	1	0	31.786761	35.171470
מדברים בשכונה חדש	מודיעין עילית	נתיבות המשפט 51			||||||	0	1	0	31.928171	35.044789
מתוק בעצמאות אשדוד	אשדוד	העצמאות 4			||||||	1	1	0	31.791976	34.643878
חמנייה עפולה	חיפה	אחי אילת			||||||	1	1	0	32.821635	35.069351
דניאל בנאה	בת ים	ירושלים 26			||||||	1	1	0	32.025450	34.745534
מכולת אלקזפי	תל אביב יפו	סולומון 18			||||||	1	1	0	32.060868	34.779657
מרקטו	רחובות	בילו 64			||||||	1	1	0	31.894917	34.810606
השוק השכונתי אור החיים	מודיעין עילית	אור החיים 21			||||||	1	1	0	31.932119	35.042096
קשר סלולר	ירושלים	שמואל הנביא 99			||||||	0	1	0	31.796354	35.219122
קרוון סטור	טייבה	הבנקים			||||||	1	1	0	32.269083	35.006030
צוקערלך געשעפט עדכני	בני ברק	אהבת שלום 16			||||||	1	1	0	32.075530	34.837305
השכונתית	חיפה	המלך חזקיהו 9 נווה דוד			||||||	1	1	0	32.808878	34.960753
לאקי קפה נווה שרת	תל אביב יפו	בית אל 12			||||||	1	1	0	32.118322	34.839472
טכנאי יוסף	קרית מלאכי	הנגב 4-8			||||||	0	1	0	31.730089	34.747890
ג'ינג'י מרקט בן גוריון	פתח תקווה	בן גוריון 20			||||||	0	1	0	32.080593	34.870338
קליית השדה	בני ברק	ז'בוטינסקי 95			||||||	1	1	0	32.087954	34.784241
פינה בלב אלנבי 114	תל אביב יפו	אלנבי 114			||||||	1	1	0	32.063729	34.772958
החמניה בילינסון	פתח תקווה	קפלן 13			||||||	1	1	0	32.088359	34.868757
ברכת יואל עדכני	ירושלים	זכרון יעקב 1			||||||	1	1	0	31.795663	35.199579
פייס ביתר עילית	ביתר עילית	כנסת יחזקאל 37			||||||	1	1	0	31.694322	35.101182
מ. תחבורה - תושבי הדרום 2	רמת גן	0			||||||	1	1	0	32.068424	34.824785
השוק השכונתי ירושלים	ירושלים	זכרון יעקב 1			||||||	1	1	0	31.795663	35.199579
קיוסק שי	חיפה	ארלוזורוב 4			||||||	0	1	0	32.807459	35.000524
מינימרקט חסד ואמת 2	בני ברק	רבי עקיבא 14			||||||	1	1	0	32.090120	34.825703
מרקט הרכבת	ירושלים	זנגוויל 1			||||||	1	1	0	31.767976	35.178984
עולם הממתקים בית שמש חדש	בית שמש	יגאל אלון 6			||||||	0	1	0	31.755958	34.987621
Maekal phone	ירושלים	0			||||||	1	1	0	31.768319	35.213710
2797 Amro mobail	ירושלים	0			||||||	1	1	0	31.768319	35.213710
עולם התקשורת שריף - 1261	ירושלים	0			||||||	1	1	0	31.768319	35.213710
Abu jana 1195	ירושלים	0			||||||	1	1	0	31.768319	35.213710
Efraim miri 1973	ירושלים	0			||||||	1	1	0	31.768319	35.213710
סופר אדיר חדש	ירושלים	ירמיהו 39			||||||	1	1	0	31.790674	35.202153
אגד חדרה חדש	חדרה	תחנה מרכזית חדרה			||||||	1	1	0	32.435379	34.914413
רולן מרקט חדש	שדרות	יהדות איטליה 12			||||||	1	1	0	31.523281	34.602237
מאפיית מן הארץ	בני ברק	כהנמן 92			||||||	1	1	0	32.079038	34.841690
נתיב החסד זכרון יעקב	זכרון יעקב	הלל יפה 14			||||||	1	1	0	32.566551	34.958411
ברכל רמבם מודיעין עלית	מודיעין עילית	רמב"ם 14			||||||	1	1	0	31.930033	35.048627
מקור המאפה חולון חדש	חולון	אילת 70			||||||	1	1	0	32.010416	34.764736
נומינה סולארה	קרית ים	שד ירושלים 81			||||||	1	1	0	32.851047	35.078006
בלו חנות נוחות	הרצליה	אבן עזרא 17			||||||	1	1	0	32.165666	34.830671
Cellular Net 3521	ירושלים	0			||||||	1	1	0	31.768319	35.213710
קיוסק מנש	אלפי מנשה	גלבוע 118			||||||	1	1	0	32.171210	35.014451
סיטי מרקט ויצמן 45	חולון	ויצמן 45			||||||	1	1	0	32.018512	34.770904
סיטי מרקט שנקר חדש	חולון	אריה שנקר 25			||||||	1	1	0	32.024892	34.776801
סיטי מרקט חנקין חדש	חולון	חנקין 95			||||||	1	1	0	32.017530	34.779006
עמדת על הקו שד ירושלים - דן	בני ברק	שדרות ירושלים			||||||	1	1	0	32.085104	34.829888
נפגש בסיבוב	פתח תקווה	חיים עוזר 34			||||||	1	1	0	32.086079	34.887358
אגד תחנה מרכזית ירושלים מכשיר חדש	ירושלים	תחנה מרכזית ירושלים			||||||	1	1	0	31.788873	35.203149
סיטי מרקט רוטשילד חדש(הוחלף)	ראשון לציון	רוטשילד 57			||||||	0	1	0	31.963611	34.799527
אריה שירות לעסק	ביתר עילית	אבא שאול 43			||||||	1	1	0	31.701002	35.111925
עמדת שירותי רב קו ירושלים	ירושלים	יפו 224			||||||	0	1	0	31.788966	35.203274
פיצוחי הגשר חדש	באר שבע	מרכז יעלים 9			||||||	1	1	0	31.247887	34.782708
רמי לוי אריאל	אריאל	הבנאי 6			||||||	0	1	0	32.100718	35.170193
רמי לוי צומת הגוש	גוש עציון	צומת גוש עציון			||||||	0	1	0	31.646241	35.132098
רמי לוי ביתר עילית	ביתר עילית	החוזה מלובלין 2			||||||	0	1	0	31.699680	35.107859
רמי לוי שער בנימין	גבע בנימין	מרכז מסחרי			||||||	0	1	0	31.849999	35.273853
רמי לוי עטרות	עטרת	קניון עטרות			||||||	0	1	0	32.001207	35.176982
רמי לוי מישור אדומים	מעלה אדומים	איתם 1			||||||	0	1	0	31.792940	35.334543
אור מתוק חדש	באר שבע	רגר 1			||||||	1	1	0	31.244248	34.794086
רמי לוי יבנה	יבנה	הקישון 9			||||||	0	1	0	31.886070	34.733804
רמי לוי רחובות	רחובות	מוטי קינד 1			||||||	0	1	0	31.892354	34.784766
נתיב החסד פנקס עפולה	עפולה	פנקס 1			||||||	1	1	0	32.632594	35.326003
בית הסלולר והמחשב	אופקים	הרצל 36			||||||	1	1	0	31.315600	34.620530
רמי לוי נתיבות	נתיבות	צומת בית הגדי			||||||	0	1	0	31.422839	34.607878
רמי לוי באר שבע דרך חברון	באר שבע	דרך חברון 21			||||||	0	1	0	31.239196	34.796793
רמי לוי נהריה	נהריה	היוצרים א.ת צפוני			||||||	0	1	0	33.032609	35.101674
רמי לוי באר טוביה	באר טוביה	א.ת באר טוביה			||||||	0	1	0	31.737127	34.725570
רמי לוי המתכנן אשקלון	אשקלון	המתכנן 8			||||||	0	1	0	31.635511	34.552853
כוכב יעקב	כוכב יעקב	נהר שלום 6			||||||	0	1	0	31.878965	35.248122
מכולת שלמה	תל אביב יפו	הקשת 3			||||||	1	1	0	32.041678	34.774945
עפולה זבו	עפולה	זבוטטנסקיי 14			||||||	0	1	0	32.622895	35.324686
רמי לוי רמת החייל	תל אביב יפו	דבורה הנביאה 127 רמת החייל			||||||	0	1	0	32.113094	34.842503
רמי לוי כפר סבא	כפר סבא	גלגלי הפלדה 2			||||||	0	1	0	32.173017	34.926128
רמי לוי קדימה	קדימה צורן	הזרם 2			||||||	0	1	0	32.276289	34.920403
רמי לוי פתח תקווה	פתח תקווה	הסיבים 37			||||||	0	1	0	32.087931	34.856758
רמי לוי קרית שמונה	קרית שמונה	א.ת צפוני			||||||	0	1	0	33.217905	35.587189
פקאן	ירושלים	מלכי ישראל 32			||||||	0	1	0	31.790035	35.213040
דלישס	ירושלים	רשי 59			||||||	1	1	0	31.787722	35.212181
רמי לוי בית הדפוס	ירושלים	בית הדפוס 13			||||||	0	1	0	31.785760	35.187385
רמי לוי רב חן	ירושלים	הפרסה 3 תלפיות			||||||	0	1	0	31.752027	35.209188
רמי לוי רמות	ירושלים	דרך החורש 90			||||||	0	1	0	31.809284	35.193958
בול סרוויס חדש 2	ירושלים	0			||||||	1	1	0	31.768319	35.213710
רמי לוי ראשון לציון	ראשון לציון	שדרות משה דיין			||||||	0	1	0	31.980606	34.775844
רמי לוי בת ים	בת ים	העמל 20			||||||	0	1	0	32.004591	34.747455
מרקט אורלוב	פתח תקווה	אורלוב 70			||||||	0	1	0	32.094618	34.885761
רמי לוי בני ברק	בני ברק	מבצע קדש 68			||||||	0	1	0	32.101518	34.829344
רגליס	באר שבע	יצחק בן צבי 4			||||||	1	1	0	31.243946	34.796567
הנקודה	רמת גן	ז'בוטינסקי 85			||||||	1	1	0	32.088146	34.783066
אם הדרך בעמ	יבנאל	המיסדים 1			||||||	1	1	0	32.703701	35.505619
קליית אמונה - ראובן יוסף	בני ברק	רבי עקיבא 66			||||||	1	1	0	32.086819	34.829047
מכולת האחים רמת גן	רמת גן	הראשונים 24			||||||	1	1	0	32.079956	34.803669
רמי לוי טבריה	טבריה	המברג 1			||||||	0	1	0	32.785392	35.498474
רמי לוי נשר	נשר	דרך השלום 13			||||||	0	1	0	32.770195	35.047385
רמי לוי עזריאלי חיפה	חיפה	משה פירמן 4			||||||	0	1	0	32.794046	34.989571
רמי לוי צ'ק פוסט חיפה	חיפה	בר יהודה ישראל 111			||||||	0	1	0	32.786466	35.030370
מיכל חדד אקסטרה	נתניה	תחנה מרכזית נתניה			||||||	1	1	0	32.326818	34.858747
סיבוניס	בית שמש	שדרות האמוראים 86			||||||	1	1	0	31.701026	34.972281
רמי לוי בית שמש	בית שמש	שד יגאל אלון 4			||||||	0	1	0	31.755892	34.986641
סטוק שופ	ירושלים	אהרון אשכולי 108			||||||	1	1	0	31.812318	35.194540
נון סטופ חרותינו חדש	תל אביב יפו	חרותינו 12			||||||	0	1	0	32.046394	34.791687
פיצוצייה 24	נוף הגליל	עצמון 10			||||||	1	1	0	32.706897	35.321537
בול סרוויסחדש	ירושלים	אתורי 190			||||||	1	1	0	31.768319	35.213710
תיקתק	קרית ביאליק	קרן היסוד 18			||||||	1	1	0	32.842544	35.091354
מרכזית קונקשן	ערד	תחנה מרכזית			||||||	1	1	0	31.256115	35.210825
מאפיית סנדריה חדש	ירושלים	קצנלבוגן 98			||||||	1	1	0	31.768319	35.213710
אלמוכאבר דיגיטל	ירושלים	חי אל מדארס 14			||||||	1	1	0	31.830769	35.225621
דיי ונייט חדש	נתניה	גיבורי ישראל 20			||||||	1	1	0	32.279476	34.860240
רמי לוי באר שבע	באר שבע	הע"ל 7 עמק שרה			||||||	0	1	0	31.234337	34.794535
רמי לוי חדרה	חדרה	השלום 1			||||||	0	1	0	32.455536	34.905212
מפגש 20	ביתר עילית	חיי יצחק 1			||||||	0	1	0	31.701444	35.121706
רמי לוי רעננה	רעננה	חרושת 12			||||||	0	1	0	32.194038	34.880897
פירות גינוסר	אשדוד	חלפתא 4			||||||	0	1	0	31.804381	34.655314
רמי לוי נתניה צפון	נתניה	האורזים 4			||||||	0	1	0	32.321923	34.871795
רמי לוי נתניה	נתניה	המחקר 3 א.ת פולג			||||||	0	1	0	32.277984	34.860627
רמי לוי קרית גת	קרית גת	דרך הדרום 3			||||||	0	1	0	31.603509	34.771749
רמי לוי עפולה	עפולה	יהושוע חנקין 14			||||||	0	1	0	32.603916	35.294021
רמי לוי עכו	עכו	בולטימור 2 עין המפרץ			||||||	0	1	0	32.899128	35.086663
תחנת אספרסו חדש 2 עדכני	נתניה	אלון צבי			||||||	1	1	0	32.326399	34.859241
תחנת אספרסו חדש 1 עדכני	נתניה	אלון צבי			||||||	1	1	0	32.326399	34.859241
רמי לוי אשדוד	אשדוד	היהלומים 9			||||||	0	1	0	31.813503	34.659295
הבוטקה	מודיעין עילית	השלה 2			||||||	1	1	0	31.931528	35.038655
מאפית שלום עליכם	קרית ביאליק	התל 11			||||||	1	1	0	32.848824	35.096451
מתוק מתוק	בני ברק	אלישע 1			||||||	1	1	0	31.861189	35.167252
רמי לוי לוד	לוד	שדרות הציונות 1			||||||	0	1	0	31.945512	34.893408
רמי לוי רמלה	רמלה	הרצל 91			||||||	0	1	0	31.926267	34.877073
רמי לוי חולון	חולון	תמנע			||||||	0	1	0	32.024957	34.798340
רמי לוי ישפרו	מודיעין מכבים רעות	ישפרו סנטר			||||||	0	1	0	31.889801	34.962811
פינה בלב חדש	תל אביב יפו	אלנבי 51			||||||	1	1	0	32.069747	34.770652
מתוק בלב קינג ג'ורג' (חדש)	תל אביב יפו	קינג ג'ורג 51			||||||	0	1	0	32.074204	34.775356
המקום של אודל (חדש) הרשאה	פתח תקווה	יהושע שטמפפר 16			||||||	1	1	0	32.090296	34.886258
רמי לוי צהל אשקלון	אשקלון	צהל 99			||||||	0	1	0	31.662879	34.593822
סוף בלפור	בת ים	בלפור 144			||||||	1	1	0	32.012274	34.741874
מכולת מרואן	חיפה	הרצלייה 36			||||||	1	1	0	32.814464	34.992050
רמי לוי גבעת שאול	ירושלים	כנפי נשרים 26			||||||	0	1	0	31.788287	35.185029
רמי לוי מבשרת ציון	מבשרת ציון	שדרות החוצבים 10			||||||	0	1	0	31.796651	35.146480
השוק השכונתי חדש	מודיעין עילית	רשי 23			||||||	1	1	0	31.928384	35.048254
נענע	חיפה	הנשיא 128			||||||	1	1	0	32.803565	34.986927
הדרת קודש	חיפה	בר כוכבא 12			||||||	1	1	0	32.804774	35.001600
עולם הממתקים הלל יפה 2	חדרה	השלום			||||||	1	1	0	32.452369	34.899349
שירה מרקט רבבה חדש	רבבה	מרכז מסחרי			||||||	1	1	0	32.118710	35.129583
קיוסקפה קרית אתא חדש	קרית אתא	זבולון 9			||||||	1	1	0	32.805119	35.102534
מכולת אברמלה	בני ברק	זבוטינסקי 84			||||||	1	1	0	32.088110	34.781899
קפה בר זן	קרית גת	חשון 5			||||||	1	1	0	31.601631	34.776780
השוק השכונתי רשבם	מודיעין עילית	רשבם 7			||||||	1	1	0	31.934279	35.053465
נתיב החסד חדרה	חדרה	הגיבורים 52			||||||	1	1	0	32.434169	34.922317
אגד לב המפרץ	חיפה	מרכזית לב המפרץ			||||||	1	1	0	32.793850	35.037189
טייבה	טייבה	רחוב ראשי			||||||	1	1	0	32.266892	35.009675
בי פיקס חדש	בית שמש	ישעיהו הנביא 4			||||||	1	1	0	31.704666	34.990006
ממתקי עזרא	ירושלים	מרכז מסחרי נווה יעקב			||||||	1	1	0	31.841009	35.240363
סוכן 386	פתח תקווה	ברון הירש 32			||||||	1	1	0	32.089534	34.884488
הקולה מבגדד - ז'בוטינסקי חדש	רמת גן	ז'בוטינסקי 155			||||||	1	1	0	32.086041	34.794979
קיוסק ברכה והצלחה חדש	בני ברק	ז'בוטינסקי 7			||||||	1	1	0	32.084932	34.835226
סיטי מרקט דב הוז	חולון	דב הוז 45			||||||	1	1	0	32.023203	34.765211
סיטי מרקט בכיכר חולון בעמ -חנקין (לב)	חולון	חנקין 75			||||||	1	1	0	32.019319	34.778775
קפה שגיא	באר שבע	אברהם אבינו 29			||||||	1	1	0	31.264534	34.793462
טופ מרקט חדש	באר שבע	תחנה מרכזית			||||||	1	1	0	31.243157	34.798372
פינת המזל עפולה חדש	עפולה	חטיבה תשע 32			||||||	1	1	0	32.612234	35.288201
אביב תקשורת	טבריה	הגליל 16 טבריה			||||||	1	1	0	32.786733	35.539659
מפגש ויצו	טבריה	שמעון דהן 1			||||||	1	1	0	32.798814	35.528867
נתיב החסד ערד	ערד	יהודה 30			||||||	1	1	0	31.256631	35.211279
מינימרקט מאיר	טבריה	שמעון דהן 18			||||||	1	1	0	32.796518	35.526698
ברכל טוב אשקלון	אשקלון	עמק האלה 47			||||||	1	1	0	31.649857	34.568082
בא לי טוב	דימונה	מטה המעפילים 11			||||||	1	1	0	31.069419	35.033363
סיטי 24/7 חדש	תל אביב יפו	אבן גבירול 22			||||||	1	1	0	32.073806	34.781976
מעבר 300ֶ קובת רחיל 2743	ירושלים	0			||||||	1	1	0	31.768319	35.213710
m פון	כפר קאסם	עומר אלחטאב			||||||	1	1	0	32.114093	34.972767
מעבר טול קרם 2322	ירושלים	0			||||||	1	1	0	31.768319	35.213710
מעבר קלנדיה 4175	ירושלים	0			||||||	1	1	0	31.768319	35.213710
מעבר מיתאר 2309	ירושלים	0			||||||	1	1	0	31.768319	35.213710
מעבר נעלין 2367	ירושלים	0			||||||	1	1	0	31.768319	35.213710
סולטן שער שכם	ירושלים	שער שכם 1			||||||	1	1	0	31.781626	35.230408
מתוק ועוד זגורי חדש	דימונה	מרכז מסחרי 46\30			||||||	1	1	0	31.069419	35.033363
מרכז מסחרי תל שבע 2	תל שבע	מרכז מסחרי ב'			||||||	0	1	0	31.247569	34.861193
הפינה הצהובה	טמרה	אל קודס			||||||	1	1	0	32.855450	35.191990
ברכל רמת שלמה ירושלים	ירושלים	חזון איש 40			||||||	1	1	0	31.807993	35.220649
ברכל טוב אבא אבן	ירושלים	אבא אבן 14			||||||	1	1	0	31.784647	35.204609
מנחם אטדגי 2022 בעמ	עפולה	משה שרת 8			||||||	1	1	0	32.610515	35.287047
סוויט קנדי - תחנה מרכזית ראשון לציון חדש	ראשון לציון	גולדה מאיר 1			||||||	1	1	0	31.967552	34.785271
מיקוד 91	ירושלים	פארן 15			||||||	1	1	0	31.800856	35.227081
אלטה רוטשילד	ראשון לציון	רוטשילד 4			||||||	1	1	0	31.964403	34.806398
סיטי מרקט אהרונוביץ'	חולון	אהרונוביץ' 2			||||||	1	1	0	32.013424	34.769711
תחנת המזל קומת כניסה	תל אביב יפו	תחנה מרכזית חדשה לויסקי 108 קומת כניסה			||||||	1	1	0	32.056608	34.779501
אנה מרקט (ניפגש בסיבוב)	תל אביב יפו	הרצל 28			||||||	1	1	0	32.060311	34.770467
סיטי מרקט י.י.נ.ג.ב. רחובות בע"מ (הרצל 35)	רחובות	הרצל 35			||||||	1	1	0	31.884979	34.814976
סופר עט	ירושלים	בר אילן 41			||||||	1	1	0	31.793691	35.215771
מרקט השכונה חדש	אשדוד	ינאי 7			||||||	1	1	0	31.787865	34.664745
ברכל אור הגנוז	אור הגנוז	כניסה לישוב			||||||	1	1	0	33.005183	35.446736
ליאלי לבנאן	ירושלים	דרך חברון מעבר 300			||||||	1	1	0	31.725687	35.204136
אגד כרמיאל	כרמיאל	מורד הגיא 1			||||||	0	1	0	32.912335	35.304325
בראשית מרקט חדש	ירושלים	אברהם תלמודי 17			||||||	1	1	0	31.793014	35.220307
סוויטס אפרת	אפרת	זית שמן 2			||||||	1	1	0	31.668790	35.163696
סוויטס	בית שמש	האמוראים 22			||||||	1	1	0	31.707414	34.968007
הפיצוחים	חיפה	הרצל 18			||||||	1	1	0	32.811359	34.997503
א.ב תקשורת	חיפה	הרצל 1			||||||	1	1	0	32.812958	34.995765
עולם הסתם	ירושלים	דהומיי 3			||||||	1	1	0	31.758085	35.167309
מרכז שאם	כפר כנא	כביש ראשי			||||||	1	1	0	32.748198	35.343840
רשות הטבע והגנים - שמורת האלמוגים אילת חדש	אילת	שמורת האלמוגים			||||||	0	1	0	29.510034	34.922424
רשות הטבע והגנים - מצדה חדש	עין גדי	פארק מצדה			||||||	0	1	0	31.310031	35.363591
גרין חנות נוחות חדש	פתח תקווה	קפלן 7			||||||	1	1	0	32.089806	34.869443
סיטי מרקט מגדיאל 54	הוד השרון	מגדיאל 54			||||||	1	1	0	32.159012	34.901594
סיטי מרקט סוקולוב 37	הוד השרון	סוקולוב 37			||||||	1	1	0	32.165603	34.901730
סיטי מרקט סוקלוב 15	הוד השרון	סוקלוב 15			||||||	1	1	0	32.162853	34.902356
כאן זול אבי עזרי	מודיעין עילית	אבי עזרי 28			||||||	0	1	0	31.923159	35.050402
פסק זמן מודיעין עילית	מודיעין עילית	בית הלל 1			||||||	1	1	0	31.933996	35.049434
מפגש נשנש חיפה חדש	חיפה	טשרניחובסקי 7			||||||	1	1	0	32.817409	34.977882
ענק הפירות והירקות 2 חדש	ירושלים	יחזקאל 33			||||||	1	1	0	31.791994	35.220429
תורתי - ישיבת אש התלמוד חדש	ירושלים	בית הדפוס 30			||||||	1	1	0	31.786373	35.182449
מזכרות הכותל	ירושלים	מעלה השלום 1			||||||	0	1	0	31.772438	35.230902
סיטי מרקט הרצל 199	רחובות	הרצל 199			||||||	1	1	0	31.900974	34.809137
פרלמנט אקספרס חדש	רחובות	הרצל 120			||||||	1	1	0	31.889747	34.813238
השוק השכונתי החושן	מודיעין עילית	קצות החושן 5			||||||	1	1	0	31.928234	35.042586
סיטי מרקט מודיעין	מודיעין מכבים רעות	צאלון 21			||||||	1	1	0	31.905956	35.017002
פעמית העיר	אשדוד	רבי מאיר בעל הנס 3			||||||	0	1	0	31.790109	34.659955
גילה ישייב	נתניה	אחד העם			||||||	1	1	0	32.326466	34.859273
מעבר זיתים 2752	ירושלים	0			||||||	1	1	0	31.768319	35.213710
shaltaf telecom 1220	ירושלים	0			||||||	1	1	0	31.768319	35.213710
ברכת יצחק	רחובות	הרצל 105			||||||	0	1	0	31.890631	34.812623
משה טמבור	בית שמש	שדרות האמוראים 69			||||||	1	1	0	31.701307	34.972952
נתיב החסד נוף הגליל	נוף הגליל	קרית בעלזא			||||||	1	1	0	32.729439	35.349319
טריפל מרקט	נתניה	יצחק כצנלסון 24			||||||	1	1	0	32.284885	34.852151
סוויטי	אספר	0			||||||	0	1	0	31.586152	35.187594
מעבר קלנדיה אבראיהים	ירושלים	0			||||||	1	1	0	31.768319	35.213710
מגן ועד ספר 2	מודיעין עילית	קהילת יעקב 5			||||||	1	1	0	31.922437	35.050632
סופר שווה פונוביץ	מודיעין עילית	ריטבא 12			||||||	1	1	0	31.932477	35.042265
יוני מרקט שולאל	ירושלים	יצחק שולאל 14			||||||	1	1	0	31.787492	35.216439
נספיר בע"מ	תל אביב יפו	קויפמן 2			||||||	1	1	0	32.063017	34.762000
סמדר	כפר יונה	משה שרת 6			||||||	1	1	0	32.318185	34.934240
ברכת שלמה	טבריה	אבו חצירא 970			||||||	1	1	0	32.776391	35.511256
קנטו ארביב בע"מ	אזור	השקמה 2			||||||	1	1	0	32.029801	34.798033
קיוסק מיכל	באר שבע	ביאליק 28			||||||	1	1	0	31.246498	34.786657
אבקת רוכל	צפת	האצל 124			||||||	1	1	0	32.959413	35.495094
שבס מרקט	ירושלים	ירמיהו 29			||||||	1	1	0	31.791386	35.203501
רב להושיע ראם חדש	בית שמש	יוחנן בן זכאי 7			||||||	1	1	0	31.722661	34.993138
נעלי רויאל טבע נאות חדש	תל אביב יפו	יפת 12			||||||	1	1	0	32.054224	34.755527
הלב המתוק (מעודכן)	רמת גן	אבא הלל 7			||||||	0	1	0	32.084591	34.803025
לאון	חיפה	לאון בלום 38			||||||	1	1	0	32.798494	34.999502
שולחן שבת	ירושלים	ברכת אברהם 2			||||||	0	1	0	31.812729	35.217663
איי טי מול	ירושלים	דרך בית חנינא 108			||||||	0	1	0	31.823292	35.227596
שרפת מרקט	ירושלים	אל בטן			||||||	1	1	0	31.768319	35.213710
סיטי מרקט אשקלון	אשקלון	עמק האלה 47			||||||	1	1	0	31.649857	34.568082
השוק השכונתי שדי חמד	מודיעין עילית	שדי חמד 5			||||||	1	1	0	31.933945	35.044534
פור בשבילכם	אשדוד	הפלמח 40			||||||	1	1	0	31.795715	34.662458
קופי אקספרס	אשקלון	בן גוריון 42			||||||	1	1	0	31.662313	34.569645
אגד קריית מוצקין חדש	קרית מוצקין	שדה בן גוריון 84			||||||	0	1	0	32.840150	35.080976
סופר הטוב והמטיב סניף האמוראים 23	בית שמש	שדרות האמוראים 23			||||||	1	1	0	31.706642	34.970796
קליית איבגי	בני ברק	כהנמן 135			||||||	0	1	0	32.081277	34.822900
אגד חוף הכרמל	חיפה	מאיר הזורע תחמ"ז חוף כרמל			||||||	1	1	0	32.793458	34.957451
מרכז המתוקים	דימונה	יגאל אלון 16			||||||	1	1	0	31.063234	35.032063
קומפון מחשבים וסלולר	קרית ארבע	מתחם המועצה 8			||||||	1	1	0	31.529326	35.115625
מזנון מעבר חדש	חרמש	חרמש 96			||||||	1	1	0	32.423726	35.118993
התחנה המתוקה (מסלול העברה)	באר שבע	יצחק בן צבי 4			||||||	1	1	0	31.242908	34.797385
צרכניית מקור הטוב בע"מ חדש	אשדוד	חטיבת כרמלי 3			||||||	1	1	0	31.804653	34.661412
הפינה של נוריאל חדש	קרית ים	זלמן שז"ר 26			||||||	1	1	0	32.841348	35.063489
מאסטופ טו גו תחנה מרכזית נהריה חדש	נהריה	געתון 3 תחנה מרכזית			||||||	1	1	0	33.004869	35.097059
סיטי מרקט הדקלים	פרדס חנה כרכור	הדקלים 102			||||||	1	1	0	32.476245	34.971994
ברכת שמיים חדש	רכסים	הרב עובדיה יוסף 33			||||||	1	1	0	32.749265	35.099581
טופ מרקט סלולר חדש	באר שבע	תחנה מרכזית			||||||	1	1	0	31.243157	34.798372
פיצוציית אדיר נקש-מכשיר 2 חדש	בני ברק	ז׳בוטינסקי 174			||||||	1	1	0	32.073007	34.817162
GMT רבי יהושוע 1	בית שמש	רבי יהושוע 1			||||||	1	1	0	31.730542	34.993761
עולם של ממתקים וולפסון חדש	חולון	הלוחמים 62			||||||	0	1	0	32.036409	34.761532
מירב בן יעקובי חברות בע"מ חדש	פתח תקווה	בורוכוב 18			||||||	1	1	0	32.086277	34.876031
קפה מרקט	נתניה	יצחק גרינבוים			||||||	1	1	0	32.295028	34.850052
בוטיק על הדרך	נתניה	שדרות בנימין 35			||||||	1	1	0	32.323515	34.856723
דוד דווידוב עמדת דן - יניב	רמת גן	היצירה 3			||||||	1	1	0	32.084873	34.802596
שפע רב שמעוני חדש	צפת	דוד אלעזר 918			||||||	1	1	0	32.960818	35.490697
רכבת ישראל 3 (ב"ש צפון)	באר שבע	רכבת באר שבע צפון			||||||	1	1	0	32.068424	34.824785
פנינת ראבד חדש	בני ברק	רבי עקיבא 98			||||||	0	1	0	32.085732	34.831997
ממתקים ומסיבות בע"מ חדש	תל אביב יפו	אלנבי 58			||||||	1	1	0	32.070336	34.770104
מאפייה בוטיק העוגה - חדש	תל אביב יפו	לוינסקי 108			||||||	1	1	0	32.056608	34.779501
סוויט שופ (מפגש סוקולוב)	הרצליה	סוקולוב 51			||||||	1	1	0	32.167279	34.844244
תורתי - תפרח	תפרח	רמבם 44			||||||	1	1	0	31.323665	34.675564
עזרה לכל עם ישראל בע"מ (הכי חדש)	חיפה	מקור ברוך 10			||||||	0	1	0	32.799060	35.003170
אליהו מובייל חדש	חיפה	מאירוף 5			||||||	0	1	0	32.824302	34.982231
נחלת הלויים	חיפה	בן ארצי 27			||||||	1	1	0	32.784568	35.014441
עושים בקלות	רכסים	נרקסים 18			||||||	0	1	0	32.756391	35.100250
עמא הגבעה	חדרה	הרב ניסים 3			||||||	1	1	0	32.439380	34.889175
מכולת נילי	קרית ים	בן צבי 22			||||||	1	1	0	32.842345	35.064710
מינימרקט יהודה אופקים חדש	אופקים	הלחי 2			||||||	1	1	0	31.311327	34.622710
עוד פון	בית שאן	שאול המלך			||||||	1	1	0	32.506517	35.495150
פירות ועוד החדש	נתניה	קראוזה 3			||||||	1	1	0	32.327758	34.855085
קפה אולה	קרית אתא	העצמאות 55			||||||	1	1	0	32.805765	35.103950
נתיב החסד מיכאל 2	חיפה	מיכאל 16			||||||	1	1	0	32.804638	35.001976
פיצוחי אמונה סניף כהנמן 107	בני ברק	כהנמן 107			||||||	0	1	0	32.079714	34.841909
מאיר קול מי	אשדוד	אליעזר בן הורקונוס 6			||||||	1	1	0	31.790845	34.660748
אצל עלמה	רחובות	משה יתום 2			||||||	1	1	0	31.889178	34.784393
מרקט שוקיס בת ים	בת ים	הרצל 56			||||||	1	1	0	32.023816	34.742975
בית מרקחת צור שלום	קרית ביאליק	שדרות חן 19			||||||	1	1	0	32.861109	35.099562
נעלי שכטר	בית שמש	יחזקאל הנביא 24			||||||	1	1	0	31.703550	34.984397
מינימרקט סאלי	עפולה	צוקית 2			||||||	1	1	0	32.621232	35.332840
קפה בנועם	קרית ים	דגניה 29			||||||	1	1	0	32.849276	35.068929
קיוסק שמוליק חדש	בני ברק	הרב קוק 10			||||||	1	1	0	32.087274	34.826824
בית קליית סודקי חדש	באקה אל ע'רביה	אלקודס 27			||||||	1	1	0	32.421342	35.040471
תורתי - ישיבת משכנות התורה	בני ברק	בן יעקב 1			||||||	1	1	0	32.084932	34.835226
קפה קובו חדש	בית שמש	הרצל 37			||||||	1	1	0	31.749314	34.993731
דיוטי סטור חדש	טבריה	ירושלים 710			||||||	1	1	0	32.783186	35.517528
תורתי - ישיבת אור אלחנן	ירושלים	רח אור אלחנן 4			||||||	1	1	0	31.793722	35.204787
זיד מרקט 2	ג'סר א זרקא	עומר בן אלכטאב 44			||||||	1	1	0	32.535530	34.912064
מיני מרקט פינת המזל	באר יעקב	הרב עוזיאל 34			||||||	1	1	0	31.942371	34.837853
תורה בתפארתה	אלעד	אלעד			||||||	1	1	0	32.049530	34.950750
צרכנית מרכז שפירא	מרכז שפירא	אחוזת אתרוג 2			||||||	1	1	0	31.696048	34.709294
הלנה (חדש)	חולון	סוקולוב 74			||||||	1	1	0	32.022547	34.777419
רטלין חדש	עפולה	שדרות יצחק רבין 14			||||||	1	1	0	32.621076	35.316596
אייטק חדש	בת ים	בלפור 37			||||||	1	1	0	32.027627	34.745635
סטופ סלולר	חולון	אהרונוביץ 92			||||||	1	1	0	32.002707	34.767528
קפה מינץ	פתח תקווה	מינץ 24			||||||	1	1	0	32.074959	34.889976
רב פעמי בר חלפתא	אשדוד	יוסף בר חלפתא 11			||||||	0	1	0	31.794951	34.662303
סופר מהדרין 2	אשדוד	חטיבת הנגב 27			||||||	0	1	0	31.801180	34.664306
סופר מהדרין 1	אשדוד	חטיבת הנגב 27			||||||	0	1	0	31.801180	34.664306
02 נצח ישראל עפולה	עפולה	פנקס 8			||||||	0	1	0	32.631813	35.326239
טוטו רסקו	אשדוד	משה אבן עזרא 4			||||||	1	1	0	31.800767	34.650284
ק.נ מרקט השקעות בע"מ	פתח תקווה	גורדון 6			||||||	1	1	0	32.071764	34.890989
מכל טוב סאלי חדש	ירושלים	יחזקאל 26			||||||	1	1	0	31.791067	35.219827
סאן מובייל חדש	תל אביב יפו	לוינסקי 108			||||||	1	1	0	32.056608	34.779501
מתוק זה אנחנו2 חדש	בית שמש	נחל זוהר 10			||||||	1	1	0	31.714072	34.988097
נתיב החסד חבקוק חדש	בני ברק	חבקוק 25			||||||	1	1	0	32.087368	34.837856
סלמה 105	תל אביב יפו	סלמה 105			||||||	1	1	0	32.054939	34.773217
ישיבת בית מדרש גבוה	ירושלים	רובין 32			||||||	1	1	0	31.768319	35.213710
ישיבת רב פעילים	חדרה	הרצל 113			||||||	1	1	0	32.447682	34.922701
ישיבת הר המור	ירושלים	ורשבסקי 10			||||||	1	1	0	31.728221	35.218729
ישיבת תומכי תורה תת עטרת ישראל	מודיעין עילית	מודיעין עילית			||||||	1	1	0	31.932477	35.042265
תורת החיים	יד בנימין	הנחלים 11			||||||	1	1	0	31.796770	34.820378
מינימרקט א.ד.ר	אופקים	השעורה 14			||||||	1	1	0	31.311337	34.622824
גאיה חנות נוחות	באר שבע	אטד 114			||||||	1	1	0	31.230536	34.779387
عصام علي...بيت لقيا.6	כפר קאסם	כביש ראשי			||||||	1	1	0	32.114093	34.972767
ברכת השדה	ערד	חן 40/2			||||||	1	1	0	31.256704	35.208765
מיני מרקט אקספרס	ירושלים	דרך בית לחם 72			||||||	1	1	0	31.758348	35.221308
אקדמרקט בר אילן	גבעת שמואל	אוניברסיטת בר אילן			||||||	1	1	0	32.069199	34.843088
ברכת ניסים לעד ביתר	ביתר עילית	אויירבך 8			||||||	1	1	0	31.702908	35.114675
ميار للاكسسوارات	כפר קאסם	כביש ראשי			||||||	1	1	0	32.114093	34.972767
מסעדת חלמי	אום אל פחם	כניסה			||||||	1	1	0	32.517127	35.148529
ברכל זבוטינסקי חדש	נתיבות	זבוטינסקי 10			||||||	1	1	0	31.426042	34.589096
כאן זול רבינו גרשום החדש	ירושלים	רבנו גרשום 22			||||||	0	1	0	31.792626	35.220338
עזרת ישראל	בית שמש	רבי יהושע 12			||||||	1	1	0	31.731382	34.992013
כיף לקנות	צפת	הרצל 5			||||||	1	1	0	32.958251	35.497166
בית הכנסת המרכזי נווה יעקב	ירושלים	אבא אחימאיר 18			||||||	0	1	0	31.836666	35.235304
אל אי וי שכונת רותם	ערד	ברקת			||||||	0	1	0	31.265962	35.224692
ישיבת ברסלב תורה ותפילה	ירושלים	יהוסף שוארץ 5			||||||	1	1	0	31.786306	35.212921
איי די פון	בית שמש	נחל קישון 19			||||||	1	1	0	31.715231	34.989902
הפינה המתוקה בית שמש	בית שמש	נהר הירדן 1			||||||	0	1	0	31.736391	34.992943
קיוסק אבא(ליאה שליחויות)	באר שבע	רינגלבום 124			||||||	1	1	0	31.269531	34.798660
בירה מרקט	נתניה	ויצמן 9			||||||	1	1	0	32.329575	34.858497
פינת מנהטן	נתיבות	אליהו אילוז 2			||||||	1	1	0	31.423196	34.595254
סיטי מרקט סניף בן גוריון חדש	ראשון לציון	בן גוריון 4			||||||	1	1	0	31.972620	34.793120
סיטי מרקט סניף הרצל חדש	ראשון לציון	הרצל 31			||||||	1	1	0	31.970380	34.805627
ישיבת ראדין	נתניה	הרב אלישיב 1			||||||	1	1	0	32.342742	34.873169
מיני מרקט בישלה	אשקלון	דוד רזיאל 4			||||||	1	1	0	31.664774	34.593370
אגד תחנה מרכזית ירושלים חדש	ירושלים	יפו 224			||||||	1	1	0	31.788966	35.203274
ישיבת דעת חיים	ירושלים	הפסגה 1 בית וגן			||||||	1	1	0	31.772019	35.182874
מכולת הבנים	עפולה	הבנים 17			||||||	1	1	0	32.604951	35.284290
ישיבת קול תורה	ירושלים	הפסגה 32 בית וגן			||||||	0	1	0	31.766783	35.182943
תת גרודנא באר יעקב	באר יעקב	זבוטינסקי 28			||||||	1	1	0	31.934778	34.839004
השוק השכונתי מפונוביץ'	מודיעין עילית	הרב מפונוביץ' 13			||||||	1	1	0	31.924194	35.049521
לוקסוס מרקט החלוץ	חיפה	החלוץ 62			||||||	1	1	0	32.808429	35.001146
המזון הזול ברובע	אשדוד	רשבי 36			||||||	0	1	0	31.788789	34.664953
המרכז למחשבים חדש	ג'סר א זרקא	מרכז			||||||	1	1	0	32.536611	34.912671
ישיבת כנסת ישראל	אשדוד	חטיבת הנגב 25			||||||	1	1	0	31.801404	34.664231
ברכת ישראל 2	ערד	נתיב התמר 10			||||||	1	1	0	31.260286	35.204319
ברכת ישראל 1	ערד	נתיב התמר 10			||||||	1	1	0	31.260286	35.204319
טקפון חדש	גדרה	הרצל 10			||||||	0	1	0	31.809495	34.767166
הבית הלבן(חדש)	בני ברק	רבי עקיבא 7			||||||	0	1	0	32.090344	34.825684
הכל לשלוחן	בית שמש	נחל ניצינים 12			||||||	1	1	0	31.714227	34.988127
עגולה מרקט חדש	ראש פינה	הגליל 2			||||||	1	1	0	32.968636	35.548425
קיוסק המסגר(חדש)	תל אביב יפו	המסגר 6			||||||	1	1	0	32.060325	34.784810
ישיבת בית שמואל ואהל מרדכי	ירושלים	גלבוע 22/ עזרא רפאל 22 מחנה יהודה			||||||	1	1	0	31.782950	35.212371
הגל המתוק אשקלון	אשקלון	אליעזר מילרוד 22			||||||	1	1	0	31.649932	34.558499
פיצוציית רועי	בית שמש	מורדי הגטאות 1			||||||	1	1	0	31.747820	34.990029
מאסטופ נהריה 2	נהריה	ויצמן 71			||||||	1	1	0	33.005302	35.092695
סיטי מרקט היבנר	פתח תקווה	היבנר 29			||||||	1	1	0	32.080165	34.875350
מפגש הצומת החדש	אשדוד	האורגים 1			||||||	1	1	0	31.810207	34.663519
igt 2022	ירושלים	הל"ה 37			||||||	0	1	0	31.763231	35.209065
הכל ב 1	בני ברק	זכריה 1			||||||	1	1	0	32.085782	34.835966
בא לבית (פוס 2)	תל אביב יפו	בן יהודה 178			||||||	1	1	0	32.087846	34.773421
לוטו חנון	טבריה	האבות			||||||	1	1	0	32.781102	35.508500
קיוסק ציונה החדש	אשדוד	הפלמח 11			||||||	1	1	0	31.801971	34.662810
קפה מעיין(קרית מלאכי חדש)	קרית מלאכי	זבוטינסקי 22			||||||	1	1	0	31.730416	34.746693
בית הממתק	בני ברק	רבי עקיבא 89			||||||	1	1	0	32.086088	34.832129
سوبر ماركت الاصدقاء4469	ירושלים	לא בשימוש			||||||	1	1	0	31.785950	35.174267
יזיד אבו סארה 790	ירושלים	אלעזריה			||||||	1	1	0	32.201099	34.971032
בייקום 1965	ירושלים	תחנה מרכזית תאל אביב			||||||	1	1	0	31.768319	35.213710
נור פון	ריינה	כיכר ראשית			||||||	1	1	0	32.719924	35.317654
פיצוחי רבי עקיבא 19	בני ברק	רבי עקיבא 19			||||||	1	1	0	32.089577	34.826307
טופ מרקט וינגייט ב''ש	באר שבע	וינגייט 66			||||||	1	1	0	31.255894	34.802352
צ'יינג רמות	ירושלים	הרב ולנשטיין 2			||||||	1	1	0	31.819957	35.195400
הפינה של ששון	שדרות	כיכר הנשיא 424			||||||	1	1	0	31.522694	34.595581
מינימרקט חסד ואמת	בני ברק	רבי עקיבא 24			||||||	1	1	0	32.089347	34.826249
סיטי מרקט הנשר	כפר סבא	הנשר 11			||||||	1	1	0	32.185276	34.927483
כיכר החלומות	זכרון יעקב	הדגן 2			||||||	1	1	0	32.568439	34.954749
דין מרקט	טירת כרמל	האצל 38			||||||	1	1	0	32.762158	34.967523
מחנה יהודה	אלעד	יהודה הנשיא 99			||||||	1	1	0	32.053105	34.963791
נתיב החסד עפולה	עפולה	אבן גבירול 49			||||||	1	1	0	32.626470	35.329527
מאפיית סנבל	יפיע	כביש ראשי			||||||	1	1	0	32.695002	35.282010
ישיבת רבינו חיים עוזר	בני ברק	שלמה המלך			||||||	1	1	0	32.078924	34.839110
נחלת משה עזרת נשים	בני ברק	מלצר			||||||	1	1	0	32.082063	34.838642
ישיבת דבר שמואל	פתח תקווה	יד הבנים 30			||||||	1	1	0	32.073509	34.881685
ישיבת בית הלוי	ראש העין	חפץ חיים 6			||||||	1	1	0	32.100559	34.941944
ברכל צפת צהל חדש	צפת	צהל 13			||||||	1	1	0	32.964866	35.492309
מכולת מנל	דייר חנא	אל מרוש 25 (מול המועצה)			||||||	1	1	0	32.861029	35.377778
ישיבת נתיבות חכמה	ירושלים	קרית נוער שער 5 בית וגן			||||||	0	1	0	31.763743	35.185012
איתך מירי	תפרח	רמבם מיזרח 58			||||||	0	1	0	31.323791	34.681878
אמילי אזולאי בעמ	הרצליה	סוקולוב 81			||||||	1	1	0	32.167375	34.847793
מינימרקט אירופה	חיפה	יציאת אירופה			||||||	1	1	0	32.819918	34.958809
אצל הג'ינג'י	נס ציונה	הפטיש 6			||||||	1	1	0	31.922272	34.790865
פנינת יא החדש אזור ג	אשדוד	שדרות הפלמח 20			||||||	1	1	0	31.800750	34.662655
מפגש משה	נתיבות	סמילו 10			||||||	1	1	0	31.423196	34.595254
קנדי בר רמת השרון	רמת השרון	אוסישקין 22			||||||	1	1	0	32.139182	34.842139
פון סנטר בני עייש	בני עי"ש	מנחם בגין 11			||||||	1	1	0	31.789753	34.757669
סיטי מרקט טאוור	תל אביב יפו	משה דיין 2			||||||	1	1	0	32.047187	34.799156
רמי סברי השקעות בע"מ	אופקים	הרצל 25			||||||	1	1	0	31.316252	34.621260
ממתק ציפ	נתיבות	החידא 25			||||||	1	1	0	31.423331	34.584590
ענק הפירות והירקות	ירושלים	יחזקאל 33			||||||	1	1	0	31.791994	35.220429
שכונת מעוף	ערד	ורד			||||||	1	1	0	31.266510	35.221779
פנינת הלוטו	אשדוד	שבי ציון 17			||||||	1	1	0	31.807890	34.647623
היי תקשורת (פוס 2)	בית שמש	מרים הנביאה 16			||||||	1	1	0	31.701324	34.992923
הקיוסק העגול-מסלול העברה	בני ברק	רבי טרפון 1			||||||	1	1	0	32.086893	34.828747
אגודת הסטודנטים של אונ' בר אילן	רמת גן	אוניברסיטת בר אילן			||||||	0	1	0	32.069199	34.843088
אקדמון פרויקטים 15	רמת גן	0			||||||	1	1	0	32.068424	34.824785
אקדמון פרויקטים 14	רמת גן	0			||||||	1	1	0	32.068424	34.824785
אקדמון פרויקטים 13	רמת גן	0			||||||	1	1	0	32.068424	34.824785
אקדמון פרויקטים 21	רמת גן	0			||||||	1	1	0	32.068424	34.824785
אקדמון פרויקטים 20	רמת גן	0			||||||	1	1	0	32.068424	34.824785
נימניס	כפר סבא	ויצמן 87			||||||	1	1	0	32.175916	34.906397
בית הגלידה דימונה	דימונה	שדרות הנשיא 33			||||||	1	1	0	31.062021	35.027221
המאפה הצרפתי	נתיבות	ירושלים 29			||||||	1	1	0	31.423679	34.597962
מרקט סטיישן	עפולה	שפרינצק 2			||||||	1	1	0	32.608970	35.291774
אורטופדיה עמדה ניידת ירושלים(pos2)	ירושלים	ירושלים 224			||||||	0	1	0	31.788966	35.203274
אלקטרו פון 2	עפולה	שפרינצק 2			||||||	1	1	0	32.608962	35.291793
מינימרקט דלוקס	חיפה	אלנבי 97			||||||	1	1	0	32.819714	34.983268
סיטי מרקט מחל 16	תל אביב יפו	מחל 16			||||||	1	1	0	32.049324	34.802416
פסטקור מובייל פוס 2	ראשון לציון	הרצל 41			||||||	0	1	0	31.969195	34.804715
סופר ירוק -הטייסים	חולון	הטייסים 4			||||||	0	1	0	32.023879	34.761835
אלקטרופון	עפולה	שפריצק 2			||||||	1	1	0	32.608962	35.291793
פינת המזל רמלה	רמלה	הרצל 45			||||||	1	1	0	31.931804	34.869454
ממתקי שיר חדש	שדרות	בן יהודה 10			||||||	1	1	0	31.522218	34.595539
סיטי מרקט גרינבוים	תל אביב יפו	גרינבוים 41			||||||	1	1	0	32.041034	34.765696
קפיטריה וויזנץ בית שמש	בית שמש	רבי יהושע 18			||||||	1	1	0	31.730873	34.991002
הטמבוריה של שייע	תל אביב יפו	דיזינגוף 278			||||||	0	1	0	32.092156	34.776344
גיפי סמארטפיי	חיפה	נביאים 15			||||||	1	1	0	32.813188	34.995884
מעיין 2000 כיכר יהלום	מעלה אדומים	מרכז מסחרי כיכר יהלום			||||||	0	1	0	31.773610	35.298498
מינימרקט אלנאסר(pos2)	רהט	אלנאסר 25			||||||	1	1	0	31.392713	34.750601
מעבר איאל 2360	נתניה	אורגד 1			||||||	1	1	0	32.344704	34.873458
ליגת העל	אשדוד	תל חי 53			||||||	1	1	0	31.767921	34.630145
המסיבה שלי	ביתר עילית	הר"ן 20			||||||	1	1	0	31.703167	35.117945
white phone 1194	גוש עציון	יורשלים			||||||	1	1	0	31.668742	35.236825
FANOUN 2000	גוש עציון	מעבר ל"ה גבעות			||||||	1	1	0	31.668742	35.236825
מינימרקט גיבלי	טירת כרמל	ויצמן 28			||||||	1	1	0	32.755810	34.970744
הפינה המתוקה אשדוד חדש	אשדוד	הצבעוני 15			||||||	1	1	0	31.788595	34.649538
הגל המתוק	אשדוד	קדש 10			||||||	1	1	0	31.804226	34.647529
על הדרך יעקובי יעקב	קרית מלאכי	זבוטנסקי 3			||||||	1	1	0	31.725225	34.743260
מזנון אילן חדש	נהריה	געתון 38			||||||	1	1	0	33.007135	35.092690
מחסום קלנדיה (האמאלקי2)	ירושלים	מחסום קלנדיה			||||||	1	1	0	31.861777	35.227952
לורנטינו	אופקים	חפץ חיים 51			||||||	0	1	0	31.306294	34.626922
כלים סטור	ירושלים	עלי הכהן 18			||||||	1	1	0	31.795013	35.214755
ישיבת הסדר טפחות	טפחות	טפחות			||||||	1	1	0	32.868562	35.422204
הפינה המתוקה רחובות	רחובות	סעדיה גאון 2			||||||	1	1	0	31.885960	34.808770
מפגש ברית שלום	קרית עקרון	הרצל 82			||||||	1	1	0	31.864962	34.820538
מזנון שרה 2	תל אביב יפו	לוינסקי 134			||||||	1	1	0	32.055459	34.782275
היכל יצחק	ירושלים	דרך כרמית 50			||||||	1	1	0	31.760349	35.168963
מרכז החסד אשל הלפרין- צאנז	נתניה	רבי טרפון 5			||||||	1	1	0	32.343926	34.860498
בית אברהם	בני ברק	ראדזמין 5			||||||	1	1	0	32.084932	34.835226
חניכי הישיבות	פתח תקווה	שמואל הנגיד 4			||||||	1	1	0	32.099348	34.900192
מוסך הסלולר	ירושלים	בית הדפוס 22			||||||	1	1	0	31.786593	35.185570
המקום של רונלד	טבריה	חשמונאים			||||||	1	1	0	32.792308	35.524409
בית המדרש המרכזי בעלזא בני ברק	בני ברק	האדמור מבעלזא 5			||||||	1	1	0	32.085510	34.830539
ישיבת מיר	ירושלים	ירושלים			||||||	1	1	0	31.768319	35.213710
בית ספר	ירושלים	ולנטיין 34			||||||	1	1	0	31.819245	35.198205
סיטי מרקט המצודה	חולון	המצודה 24			||||||	1	1	0	32.033206	34.764687
מאפיית רוממה(הוחלף)	חיפה	רוממה			||||||	1	1	0	32.789269	34.995427
מעיין 2000 טבנקין ב''ש	באר שבע	טבנקין 76			||||||	0	1	0	31.253688	34.772250
חלום של מקום	חולון	אילת 18			||||||	1	1	0	32.021696	34.765074
כאן זול בר אילן	ירושלים	שמואל הנביא 103			||||||	1	1	0	31.796136	35.219032
רק מהדרין	צפת	זלמן שזר			||||||	1	1	0	32.967436	35.505513
באלי דלי	חיפה	הנשיא			||||||	1	1	0	32.810164	34.984260
7 אקספרס	תל אביב יפו	מאיר יערי 19			||||||	1	1	0	32.100038	34.788014
מכולת ברבי(pos2)	תל אביב יפו	יהודה הימית 30			||||||	1	1	0	32.050072	34.754376
שירה מרקט(נתיב החסד)	גבעת שמואל	הסיבים 49			||||||	1	1	0	32.083891	34.856412
ישיבת חברון	ירושלים	סרנא 4			||||||	0	1	0	31.764922	35.194893
מכולת אמנון	זכרון יעקב	חזון איש			||||||	1	1	0	32.568070	34.948183
הבית של סלווה	עין נקובא	הדקלים 6			||||||	1	1	0	31.794450	35.119427
ברכת ניסים לעד נווה יעקב	ירושלים	אבא אחי מאיר 2			||||||	1	1	0	31.837984	35.235407
מענגיה	אשדוד	צדקת יוסף 3			||||||	1	1	0	31.798279	34.657318
מתוק בלב חדש	נוף הגליל	דרך החטיבות 30			||||||	1	1	0	32.698055	35.311129
ג'ינג' גרומן חדש	בית שמש	החיד"א 5			||||||	0	1	0	31.749435	34.999599
ד"ר מובייל חדש	חיפה	חניתה 22			||||||	1	1	0	32.793670	35.010881
ברכת השם רוזנהיים	בני ברק	רוזנהיים 22			||||||	1	1	0	32.085962	34.839741
עולם הממתקים אסותא אשדוד	אשדוד	הרפואה 7			||||||	1	1	0	31.779093	34.657337
שטיבל גל	ערד	יהודה 15			||||||	0	1	0	31.259262	35.215915
עולם הממתקים קפלן רחובות	רחובות	קפלן			||||||	1	1	0	31.872605	34.814557
תן חיוך(pos 2)	רחובות	הרצל 31			||||||	1	1	0	31.884030	34.815678
מכולת עובדיה חדש חדש	ירושלים	תורה מציון 12			||||||	1	1	0	31.789830	35.206139
מכולת יחזקאל	ירושלים	אחינועם 10			||||||	1	1	0	31.798316	35.220861
בית הגלידה	נתיבות	אבוחצירא 7			||||||	1	1	0	31.427074	34.594620
טופ מרקט תחנת רכבת	באר שבע	תחנת רכבת			||||||	1	1	0	31.242886	34.798546
מפגש מיקי	דימונה	דרך בן גוריון 52			||||||	1	1	0	31.074609	35.034599
gmt9	בני ברק	בסר 4			||||||	1	1	0	32.093634	34.824427
gmt 8	בני ברק	בסר 4			||||||	1	1	0	32.093634	34.824427
gmt הרצל 50 רשל''צ סוכן 400	ראשון לציון	הרצל 50			||||||	1	1	0	32.092688	34.835355
gmt4	בני ברק	בסר 4			||||||	1	1	0	32.093634	34.824427
3gmt	בני ברק	בסר 4			||||||	1	1	0	32.093634	34.824427
gmt אהבת שלום בני ברק	בני ברק	אהבת שלום 4			||||||	1	1	0	32.076496	34.836625
GMT 184	ירושלים	עוזיאל 96			||||||	1	1	0	31.763682	35.188872
פינוקים רמות	ירושלים	לואי ליפסקי 39			||||||	1	1	0	31.816255	35.202861
שוקי פון	ירושלים	שמגר 5			||||||	1	1	0	31.792011	35.208386
Actplus-Baladi SuperMarketnewww	ירושלים	בית חנינה			||||||	1	1	0	31.830131	35.225205
samara beit hanina new one	ירושלים	בית חנינה			||||||	1	1	0	31.830131	35.225205
קומפיוטר האוס	ירושלים	סלאח אדין 9 קניון אלדאר קומה 0			||||||	1	1	0	31.784761	35.232121
ג'ילי תקשורת	אשקלון	הרצל 33			||||||	1	1	0	31.665163	34.586815
כלבו מענדל	בית שמש	בן איש חי 29			||||||	0	1	0	31.746149	34.999774
מחסן הסלולר יחזקאל	ירושלים	יחזקאל 14			||||||	1	1	0	31.790162	35.219159
עמית סוויט	מבשרת ציון	הראל 8			||||||	0	1	0	31.805878	35.152478
מינימרקט רמלר	חיפה	יד לבנים 21			||||||	1	1	0	32.800230	35.012040
טיקו מארסי	חיפה	ילג 21			||||||	1	1	0	32.810769	34.999055
תחנת אספרסו סניף הרצל חדש	נתניה	הרצל 49			||||||	0	1	0	32.327461	34.860691
נתיב החסד - אחיסמך	אחיסמך	יחד שבטי ישראל 15			||||||	1	1	0	31.935827	34.897225
מרכזי	ערד	אתרוג			||||||	1	1	0	31.258597	35.201766
אל אי וי שכונת מעוף	ערד	שלדג			||||||	1	1	0	31.268285	35.210519
אל אי וי קרית גור	דימונה	קרית גור			||||||	0	1	0	31.069419	35.033363
בג-הד	בני ברק	זבוטינסקי 74			||||||	1	1	0	32.094205	34.840841
תחנת אספרסו יונתן	נתניה	שדרות בנימין 19			||||||	1	1	0	32.325711	34.857504
אלייב אלמין	נתניה	ויצמן 12			||||||	1	1	0	32.335119	34.859352
זול בקריה	תל אביב יפו	הצנחנים 24			||||||	1	1	0	32.116388	34.840581
סופר אמין	כפר קאסם	כפר קאסם			||||||	1	1	0	32.114093	34.972767
למענך	ירושלים	דובר שלום 2			||||||	0	1	0	31.796324	35.207142
חן	ערד	חן 60			||||||	0	1	0	31.255381	35.204693
סופר טוב והמטיב גולומב	רחובות	גולומב 10			||||||	1	1	0	31.882791	34.820010
דיויקום	באר שבע	החלוץ 102			||||||	1	1	0	31.240665	34.791044
Actplus-SAMA market atarot	ירושלים	עטרות , 5			||||||	1	1	0	31.857076	35.216235
סיטי מרקט האצל ת''א	תל אביב יפו	אצל 3			||||||	1	1	0	32.053697	34.791150
פיצוציית אור	נתניה	פתח תקווה 82			||||||	1	1	0	32.317681	34.857598
סופר טוב והמטיב הדגן	קרית יערים	הדגן 5			||||||	1	1	0	32.849276	35.068929
סופר טוב והמטיב ההגנה	רחובות	ההגנה 37			||||||	1	1	0	31.893916	34.824719
סופר טוב והמטיב עזרא	רחובות	עזרא 37			||||||	1	1	0	31.892224	34.816631
סופר טוב והמטיב הרצל	רחובות	הרצל 144			||||||	1	1	0	31.892144	34.812488
האמאלקי	ירושלים	מסוף דרך שכם			||||||	1	1	0	31.783680	35.228825
בית הקליה	מעלות תרשיחא	כניסה לכפר			||||||	1	1	0	33.005102	35.293945
קפה אגדה	מעלות תרשיחא	שדרות ירושלים			||||||	1	1	0	33.019540	35.287776
סופר טוב והמטיב ווינר	רחובות	יוסף ווינר 2			||||||	1	1	0	31.892081	34.820391
החמניה התעשייה אשקלון	אשקלון	שדרות התעשייה 3			||||||	1	1	0	31.663107	34.595711
חמניה טבריה אלחדיף	טבריה	אלחדיף 4			||||||	1	1	0	32.793142	35.533060
החמניה טבריה כספיט	טבריה	אלחדיף 4			||||||	1	1	0	32.793142	35.533060
מכולת עמרם	נתניה	ברטנורה 1			||||||	1	1	0	32.342565	34.858552
בית יעקב ערד	ערד	תפוח ערד			||||||	1	1	0	31.261260	35.203289
נזר	בני ברק	בן זומא			||||||	1	1	0	32.087384	34.842601
בית ספר גור	בני ברק	בן זומא			||||||	1	1	0	32.087384	34.842601
כלבו קשת	תל אביב יפו	קשת 3			||||||	1	1	0	32.085300	34.781768
Actplus-Alleftawi shufat	ירושלים	Shufat			||||||	1	1	0	31.813873	35.234386
ישיבה הגדולה בית וגן	ירושלים	החידא 21			||||||	0	1	0	31.768962	35.183176
מורר חמזה	ירושלים	הנביאים 12			||||||	1	1	0	31.782684	35.228306
האימפריה של ביג	לוד	דוד המלך 17			||||||	1	1	0	31.949982	34.887400
הפינה של יענקלה	מודיעין עילית	חזון איש 23			||||||	1	1	0	31.921941	35.053221
אקספרס (באבי)	תל אביב יפו	רכבת סבידור			||||||	1	1	0	32.083645	34.798119
מיסטר מרקט הרצלייה	חיפה	הרצליה 3			||||||	1	1	0	32.811770	34.993697
ברכל טוב חתם סופר	בני ברק	חתם סופר 19			||||||	1	1	0	32.089014	34.827964
gmt החלוץ 11 חיפה	חיפה	החלוץ 11			||||||	1	1	0	32.813000	34.997347
GMT בן גוריון 84 מוצקין	קרית מוצקין	שדרות בן גוריון 84			||||||	1	1	0	32.840150	35.080976
GMT- נווה שאנן 23 חיפה	חיפה	חניתה 23			||||||	1	1	0	32.792741	35.012245
אל אי וי	ערד	שמעון 38			||||||	0	1	0	31.258476	35.206628
מזל לוטו	חצור הגלילית	האגס 1			||||||	1	1	0	32.989375	35.545336
מרקט המרכז	בסמ"ה	מככז הכפר			||||||	1	1	0	32.954334	35.210591
קאסטל	כפר מנדא	כניסת ראשית			||||||	1	1	0	32.812360	35.258613
GMT אחד העם נתניה	נתניה	אחד העם 17			||||||	1	1	0	32.326058	34.859231
סופר שוקיס בת ים	בת ים	דניאל 1			||||||	1	1	0	32.027086	34.750812
ממתקים 24 שעות	תל אביב יפו	אלנבי 134 תל אביב			||||||	0	1	0	32.061398	34.773548
מפגש העצמאות חיפה	חיפה	עצמאות 35			||||||	1	1	0	32.818907	35.000131
מנצס דימונה סניף הנשיא	דימונה	אריאל שרון 12			||||||	1	1	0	31.062782	35.030153
מתוק בלב דימונה	דימונה	המעפיל 8			||||||	1	1	0	31.071562	35.040543
זיד מרקט	ג'סר א זרקא	אלבחר 8			||||||	1	1	0	32.536262	34.911569
פיצוציית הנשיא	אור עקיבא	הנשיא ויצמן 44			||||||	1	1	0	32.507547	34.920022
gmt הגפן 3 קרית גת סוכן 115	קרית גת	הגפן 3			||||||	1	1	0	31.606961	34.770098
ל.ד.ר. אספקה טכנית	קרית טבעון	בן גוריון 11			||||||	1	1	0	32.722260	35.130224
רוני מרקט	קרית אתא	סוקולוב 40			||||||	1	1	0	32.810443	35.106075
ברכל כפר חסידים	כפר חסידים א'	נחלת יעקב 10			||||||	1	1	0	32.753311	35.090490
מפגש קורל גדרה	גדרה	ויצמן 3			||||||	1	1	0	31.818539	34.775275
מינימרקט סימון	כרמיאל	שדרות בית הכרם 1			||||||	1	1	0	32.910382	35.284771
אפריון תקשורת 2	ירושלים	עלי הכהן 1			||||||	1	1	0	31.793901	35.215110
אחיעזר אשדוד	אשדוד	חטיבת הנגב			||||||	0	1	0	31.801429	34.664225
סופר איציק	חולון	הלוחמים 37			||||||	0	1	0	32.015833	34.787384
מזון לכל	נוף הגליל	האדמור מבלעזא			||||||	1	1	0	32.729583	35.348786
נתיב החסד פרץ	רחובות	פרץ 8			||||||	1	1	0	31.890607	34.791099
בר כל טוב אושיות	רחובות	ליטני 37			||||||	1	1	0	31.892773	34.811272
ברכל מאדר	רחובות	מדר 27			||||||	1	1	0	31.896145	34.805903
נתיב החסד ניסנבוים-בת ים	בת ים	ניסנבוים 25			||||||	1	1	0	32.010389	34.750864
ברכל הרב מזוז	נתיבות	הרב מזוז 1			||||||	1	1	0	31.426471	34.583777
ברכל שדרות ירושלים	נתיבות	שדרות ירושלים 170			||||||	1	1	0	31.420059	34.578851
הקבלן מרקט	ירושלים	הקבלן 41			||||||	1	1	0	31.790204	35.176636
ברכל הרצל-אופקים	אופקים	הרצל 42			||||||	1	1	0	31.314243	34.621127
מרקט שחברי	נצרת	דרך חיפה 1096			||||||	1	1	0	32.693052	35.285481
מכולת בלאל	נצרת	רחוב בלאל 8015 שכונת ספאפרה			||||||	1	1	0	32.721432	35.294277
נתיב החסד שוהם	נתניה	שוהם			||||||	1	1	0	32.329856	34.859731
נתיב החסד הארי	נתניה	הארי			||||||	1	1	0	32.312025	34.863983
נתיב החסד לילנבלום	נתניה	לילינבלום 15			||||||	1	1	0	32.325112	34.859519
פיצוציית לודמילה	תל אביב יפו	מקווה ישראל 4			||||||	1	1	0	32.061944	34.774200
ברכל לנדרס	רמת גן	הרב לנרס 1			||||||	1	1	0	32.069703	34.838819
נתיב החסד הריף-אלעד	אלעד	הריף 1			||||||	1	1	0	32.054228	34.964385
ברכל אבטליון	אלעד	אבטליון 23			||||||	1	1	0	32.046761	34.949813
ברכל שמעון הצדיק 41	אלעד	שמעון הצדיק 41			||||||	1	1	0	32.047704	34.966074
ברכל שמעון הצדיק 7	אלעד	שמעון הצדיק 7			||||||	1	1	0	32.047591	34.961303
ברכל בן יאיר	אלעד	פנחס בן יאיר 35			||||||	1	1	0	32.051287	34.959961
מאפיית הארזים	טבריה	השקד 801			||||||	0	1	0	32.786927	35.520963
ברכל אבוחצירא	בני ברק	אבוחצירה 20			||||||	1	1	0	32.095118	34.831387
ברכל מתתיהו	בני ברק	מתתיהו 10			||||||	1	1	0	32.077043	34.841146
ברכל שלמה המלך	בני ברק	שלמה המלך 4			||||||	1	1	0	32.080011	34.839967
ברכל מאיר הכהן 2	בני ברק	מאיר הכהן 2			||||||	1	1	0	32.090907	34.825045
בר כל טוב עמנואל	עמנואל	חתם סופר 1			||||||	1	1	0	32.161762	35.132790
חיידר פני מנחם	ערד	יהודה 9			||||||	1	1	0	31.000014	35.000000
נתיב החסד הלל	אשדוד	הלל 8			||||||	1	1	0	31.792108	34.666986
נתיב החסד קרית מלאכי	קרית מלאכי	בן גוריון 88			||||||	1	1	0	31.731187	34.736905
נתיב החסד מרים הנביאה	בית שמש	מרים הנביאה 16			||||||	1	1	0	31.701324	34.992923
נתיב החסד נחל שורק	בית שמש	נחל שורק 11			||||||	1	1	0	31.714829	34.994260
נתיב החסד מיכאל 9	חיפה	מיכאל 9			||||||	1	1	0	32.805506	35.001538
ברכל רכסים	רכסים	רימונים 1			||||||	1	1	0	32.749558	35.100172
בר כל טוב יהודה הנשיא 34	מודיעין עילית	יהודה הנשיא 34			||||||	1	1	0	31.939782	35.046259
בר כל טוב יהודה הנשיא 23	מודיעין עילית	יהודה הנשיא 23			||||||	1	1	0	31.939418	35.042463
בר כל טוב מסילות יוסף 34	מודיעין עילית	מסילות יוסף 34			||||||	1	1	0	31.929525	35.043013
בר כל טוב מסילות יוסף 21	מודיעין עילית	מסילות יוסף 21			||||||	1	1	0	31.926859	35.042643
נתיב החסד קלישר	בני ברק	קלישר 17			||||||	1	1	0	32.089147	34.844028
נתיב החסד יגאל אלון	בני ברק	יגאל אלון 12			||||||	1	1	0	32.097328	34.836458
נתיב החסד גניחובסקי	בני ברק	שלמה יוסף גניחובסקי 23			||||||	1	1	0	32.099014	34.840082
נתיב החסד נויפלד	בני ברק	נויפלד 15			||||||	1	1	0	32.096748	34.840922
נתיב החסד פרדו	בני ברק	נועם אלימלך 2			||||||	1	1	0	32.085696	34.843662
נתיב החסד הורקונוס 22	אשדוד	הורקנוס 22			||||||	1	1	0	31.793970	34.661751
נתיב החסד מלצר	בני ברק	מלצר 24			||||||	1	1	0	32.081997	34.838430
נתיב החסד הרב קוק	בני ברק	הרב קוק 11			||||||	1	1	0	32.086884	34.826848
נתיב החסד הורקונוס 8	אשדוד	הורקונוס 8			||||||	1	1	0	31.791408	34.660996
נתיב החסד רשבי אשדוד	אשדוד	רשבי 15			||||||	1	1	0	31.789057	34.664933
בר כל טוב ינאי	אשדוד	ינאי 7			||||||	1	1	0	31.787865	34.664745
נתיב החסד רשב"ם	בני ברק	רשבם 15			||||||	1	1	0	32.078778	34.836052
מאנצ'יס אבן גבירול 2(לא מכשיר)בדיקה	תל אביב יפו	אבן גבירול 162			||||||	1	1	0	32.090553	34.782929
נתיב החסד תורת חיים	בני ברק	תורת חיים 1			||||||	1	1	0	32.075233	34.838203
בר כל טוב חפץ חיים	מודיעין עילית	חפץ חיים 10			||||||	1	1	0	31.932850	35.045201
בר כל טוב נתיבות המשפט 5	מודיעין עילית	נתיבות המשפט 5			||||||	1	1	0	31.933163	35.047665
נתיב החסד קוטלר	בני ברק	קוטלר 18			||||||	1	1	0	32.086188	34.834911
ברכל סוקולוב	בני ברק	סוקולוב 6			||||||	1	1	0	32.086662	34.833853
בר כל טוב נווה יעקב	ירושלים	משה שאולי			||||||	1	1	0	31.841477	35.246626
פינת הטיב	חיפה	הנביאים 4			||||||	1	1	0	32.814504	34.996889
מינימרקט גילי	נתניה	פתח תקווה 82			||||||	1	1	0	32.321458	34.853196
אלגר קיוסק	נתניה	רמז 15			||||||	1	1	0	32.327255	34.853974
אחרון בירקון	תל אביב יפו	הירקון 112			||||||	1	1	0	32.080455	34.768524
מינימרקט פנחס	לוד	אלי כהן 12			||||||	1	1	0	31.950828	34.888227
קיוסק יוליה	בת ים	ירושלים 32			||||||	1	1	0	32.025875	34.746546
GMT סוקולוב 32 הרצליה	הרצליה	סוקולוב 32			||||||	1	1	0	32.167194	34.843730
מזנון דניאל	בת ים	בלפור 127			||||||	1	1	0	32.015029	34.743492
קשר - כניסה 01/26	בני ברק	כהנמן 86			||||||	0	1	0	32.080057	34.841267
S.L.M	חצור הגלילית	צהל 519			||||||	1	1	0	32.978076	35.545353
ברכת השם סופרמרקט חדש	בני ברק	סוקולוב 46			||||||	1	1	0	32.090808	34.833737
איגוד קהילות בני התורה	ירושלים	קרל נטר 1			||||||	0	1	0	31.799117	35.226196
GMT סוכן 284 אלי כהן 25 בת ים	תל אביב יפו	אלנבי 92			||||||	1	1	0	32.066583	34.771552
מינימרקט זיגדון	נתיבות	חיל ההנדסה 42			||||||	1	1	0	31.425177	34.581599
מוישיס	בני ברק	דסלר 5			||||||	0	1	0	32.082057	34.831638
סמסם	חדרה	סימטת רודין 1			||||||	1	1	0	32.434046	34.919652
אפריון תקשורת	ירושלים	עלי הכהן 1			||||||	1	1	0	31.793901	35.215110
GMT מרכז מסחרי 17 מגדל העמק	מגדל העמק	מרכז מסחרי 17			||||||	1	1	0	31.730202	34.746996
מינימרקט הגיסים בעמ	אזור	יצחק שדה 16			||||||	1	1	0	32.022883	34.811253
היפר האחים	דבוריה	אלסאפה			||||||	1	1	0	32.694120	35.368513
GMT צאלון 21 מודיעין	מודיעין עילית	צאלון 21			||||||	1	1	0	31.905817	35.016995
הפינה של שי	רחובות	הרצל 147			||||||	1	1	0	31.895100	34.811364
החנווני	בני ברק	אברבנאל 59			||||||	1	1	0	32.095496	34.839928
בדיר	כפר קאסם	כפר קאסם			||||||	1	1	0	32.114093	34.972767
פרי מגדים	אשקלון	ההסתדרות 16			||||||	1	1	0	31.658380	34.560882
מרקט סימון ודור	אשקלון	הפורצים 1			||||||	1	1	0	31.653319	34.555180
המקום של אדיר	רמלה	יהודה שטיין 12			||||||	1	1	0	31.926650	34.863057
קפה פריסטיג	אשדוד	שבי ציון 28			||||||	1	1	0	31.806700	34.650950
קוצק בית כנסת	בני ברק	ברסלב 14			||||||	1	1	0	32.079768	34.837491
המפגש גדרה	גדרה	ויצמן 21			||||||	1	1	0	31.816536	34.779824
סופר הכיכר	באקה אל ע'רביה	אלבוסתאן 1			||||||	1	1	0	32.421521	35.039853
נקודה מתוקה-הרצליה	הרצליה	כצנלסון 23			||||||	1	1	0	32.168261	34.857297
כשר פון	ביתר עילית	המגיד ממזריטש 106			||||||	1	1	0	31.699916	35.109754
הראשון בגעתון מכשיר 2	נהריה	געתון 2			||||||	1	1	0	33.007175	35.092147
חושב על מחשב Computer4u	חולון	ההסתדרות 60			||||||	1	1	0	32.017337	34.774755
קפשקה	מעלות תרשיחא	בן גוריון 5			||||||	0	1	0	33.012386	35.285140
צרכניית דוד ויוסף	ירושלים	עלי הכהן 10			||||||	1	1	0	31.794517	35.215090
שופ מרקט	אשדוד	הרותם 12			||||||	1	1	0	31.789101	34.654298
סטופ	מגדל העמק	רמת יזראל 13			||||||	1	1	0	32.674244	35.239591
mahmoud	כפר קאסם	82			||||||	1	1	0	32.114093	34.972767
מינימרקט אור הקריה	קרית אתא	העצמאות 86			||||||	1	1	0	32.809489	35.104577
מכולת דהן	הרצליה	הר שומרון 10			||||||	0	1	0	32.176647	34.856048
מינימרקט גבאי	הוד השרון	דרך השרון 77			||||||	1	1	0	32.173312	34.893389
פרי טיים	בני ברק	הירקון 45			||||||	1	1	0	32.097045	34.828797
הדקה התשעים רעננה	רעננה	אחוזה 118			||||||	1	1	0	32.180713	34.874587
מרכז הסלולר עמית	נוף הגליל	דרך השושנים 30			||||||	1	1	0	32.694281	35.310332
אגוז תבלינים	נוף הגליל	החרוד 7			||||||	1	1	0	32.693084	35.316231
מחסני הבשר כסיפה	כסיפה	קניון כסיפה			||||||	0	1	0	31.248944	35.085235
קינג דבלפורס טכנולוגיות	פתח תקווה	רוטשילד			||||||	1	1	0	32.085397	34.882213
טיק טק תקשורת 1	כפר קאסם	אלשוהדא 1			||||||	1	1	0	32.116188	34.968582
מחסני מזון	ערד	שמעון 17			||||||	1	1	0	31.723374	35.225053
ממתקי קובי	בית שמש	0			||||||	0	1	0	31.747041	34.988099
מכולת הקריה	טבריה	ורנר 11			||||||	1	1	0	32.794093	35.528864
ביומי מרקט	חיפה	הגיבורים 28			||||||	1	1	0	32.803013	35.008051
חלום מתוק הגדוד השלישי 1	צפת	הגדוד השלישי 1			||||||	1	1	0	32.972444	35.506376
אקדמון פרויקטים 7	ירושלים	ת.ד 23385			||||||	1	1	0	31.768319	35.213710
פורטונה בר	בת ים	בר שאול 3			||||||	1	1	0	32.027450	34.746354
שטיבלך המרכזי	ביתר עילית	קדושת ציון 2			||||||	0	1	0	31.699216	35.102896
מפגש הפירמידה	כרמיאל	מורד הגיא 100			||||||	1	1	0	32.908544	35.292810
ברכל טוב סניף גילה	ירושלים	אריה בן אליעזר 47			||||||	1	1	0	31.737289	35.196665
לחם רפאל	קרית ביאליק	קרן היסוד 64			||||||	1	1	0	32.834588	35.088344
סיטונאות אחד העם	אשדוד	שמואל הנגיד 17			||||||	1	1	0	31.800161	34.647888
כל בו יונה	יבנה	הדרור 25			||||||	1	1	0	31.875425	34.744274
מיסטר מרקט	חיפה	ארלוזורוב 87			||||||	1	1	0	32.808139	34.993062
המשרד קרית עקרון	קרית עקרון	הרצל 34			||||||	1	1	0	31.859393	34.823033
נתיב החסד (ברכל) סניף פנים מאירות	ירושלים	פנים מאירות 10			||||||	1	1	0	31.796397	35.201715
ברכל סניף מנחם משיב	ירושלים	מנחם משיב 1			||||||	1	1	0	31.799197	35.206219
המקום	בית שאן	שאול המלך 27			||||||	1	1	0	32.501712	35.494169
טראק שירותי דרך בע"מ	מג'דל שמס	תחננת דלק טראק מגדל שמס ליד מגרש כדורגל כביש ראשי			||||||	1	1	0	33.265702	35.768330
קמפוס מרקט	אריאל	אוניברסיטת אריאל "שער דוד"			||||||	1	1	0	32.104637	35.174514
ללה מרקט	אריאל	הציונות 21			||||||	1	1	0	32.108449	35.185832
רואי חזיזה בע"מ	קרית אתא	אינשטיין 14			||||||	1	1	0	32.063010	34.826286
סופר כלנית	אשדוד	הנרקיס 2			||||||	1	1	0	31.786806	34.649098
עולם הממתקים חוף הכרמל 2	חיפה	הזורע 1			||||||	1	1	0	32.793607	34.959218
מרכז מסחרי תל שבע	תל שבע	מרכז מסחרי ב'			||||||	1	1	0	31.244751	34.812600
קיוסק מרכז ירושלים	נתיבות	ירושלים 79			||||||	1	1	0	31.423039	34.593935
צרכניית מדשן	נתיבות	אגוז 20			||||||	1	1	0	31.423721	34.586524
טוק אנד גו(מכשיר 1)	כפר קאסם	ת.ד 3017			||||||	1	1	0	32.114093	34.972767
ברכת יוסף נתן אלבז	אשדוד	נתן אלבד 2			||||||	1	1	0	31.797425	34.654883
ברכת יוסף אברמסקי	אשדוד	אברמסקי 5			||||||	1	1	0	31.801417	34.659306
בסט קיוסק לוד	לוד	דוד המלך 9			||||||	1	1	0	31.948052	34.890112
מגוון	מודיעין עילית	נתיבות המשפט 64			||||||	1	1	0	31.925845	35.043908
ברכת מרדכי	ירושלים	עין יעקב 35			||||||	1	1	0	31.786922	35.223125
לב המוסיקה מוצקין	קרית מוצקין	בן גוריון 84			||||||	1	1	0	32.840150	35.080976
האחים בוכריס	אופקים	יהדות דרום אפריקה 14			||||||	1	1	0	31.315293	34.623781
מפגש הפעמון נתיבות	נתיבות	ירושלילם 134			||||||	1	1	0	31.419597	34.587602
מינימרקט אדרי	נתיבות	ירושלים 139			||||||	1	1	0	31.420134	34.589213
מרכז הטוטו והלוטו	תל אביב יפו	אצל 51			||||||	1	1	0	32.051122	34.791740
קיוסק ומשקאות מרטין	רמלה	הרצל 47			||||||	1	1	0	31.931313	34.869560
קיוסק מוני רמלה	רמלה	הרצל 110			||||||	1	1	0	31.926398	34.875337
קיוסק המפנק רמלה	רמלה	הרצל 96			||||||	1	1	0	31.926757	34.873545
סמארט פון	נוף הגליל	הדקל 25			||||||	1	1	0	32.645511	35.348979
על הקו אילת	אילת	0			||||||	0	1	0	29.557669	34.951925
בא לי מרקט אשדוד	אשדוד	קדושי בלזן 1			||||||	0	1	0	31.810913	34.641745
ארז גיימינג אלקטרניק	קצרין	מרכז מסחרי איתן			||||||	1	1	0	32.994699	35.689534
מ.בוסת	טירה	טארק עבד אלחי 70			||||||	1	1	0	32.233395	34.959835
סופר 20 ירקן	ירושלים	מנחת יצחק 20			||||||	1	1	0	31.793840	35.209603
סופר 20 זונפלד	ירושלים	זונפלד 29			||||||	1	1	0	31.790239	35.222261
סופר 20 מנחת יצחק	ירושלים	מנחת יצחק 20			||||||	1	1	0	31.793840	35.209603
המקום של שמחה	גבעתיים	כצנלסון 67			||||||	1	1	0	32.075476	34.808796
שיפרס מרקט	חיפה	גאולה 35			||||||	1	1	0	32.802472	35.000499
אל אי וי	ערד	חן 37			||||||	0	1	0	31.256740	35.209182
אופן מרקט	חדרה	דוד שמעוני 40			||||||	1	1	0	32.438412	34.909975
ג'ינג' גרומן	בית שמש	החיד"א 5			||||||	1	1	0	31.749450	34.999600
טובלה	חיפה	דרך צרפת 63			||||||	1	1	0	32.821622	34.963969
מכולת עדי	קריית ביאליק	דרך עכו 14			||||||	1	1	0	32.824452	35.079956
מינימרקט הרותם	אשדוד	הרותם 6			||||||	1	1	0	31.788292	34.656724
כ.מ.ה אושר	חיפה	צפרירים 2			||||||	1	1	0	32.797108	34.983859
שהכל אחרי חמש	אשדוד	אלעזר בן הורקנוס 11			||||||	1	1	0	31.792138	34.660797
ויקי מרקט נתניה	נתניה	הרצל 42			||||||	1	1	0	32.327743	34.859301
ברכת אהרון	חיפה	ארלוזורוב 32			||||||	1	1	0	32.805071	34.998722
הפינה של רונן	רעננה	אחוזה 109			||||||	1	1	0	32.180118	34.875540
סופר שמש כפר סבא	כפר סבא	לוי אשכול 47			||||||	0	1	0	32.181639	34.940627
בונבון	כפר סבא	ויצמן 62			||||||	0	1	0	32.176367	34.903197
באבא שופ	כפר סבא	טשרניחיבסקי 24			||||||	1	1	0	32.177217	34.893670
00נווה שאנן 33 gmt	תל אביב יפו	נווה שאנן 33			||||||	1	1	0	32.058018	34.780367
gmtכנרת 51 אשדוד	אשדוד	כנרת 51			||||||	1	1	0	32.062990	34.767165
פופה טבקו אשדוד	אשדוד	רבי עקיבא 3			||||||	1	1	0	31.798026	34.660064
טוטו	צפת	ויצמן 4			||||||	1	1	0	32.957351	35.496113
ג'עפר פון	נצרת	פאולוס השישי 94			||||||	1	1	0	32.700992	35.297679
סופר תפרח	תפרח	מושב תפרח			||||||	1	1	0	31.325584	34.674401
אייס קופי	ירושלים	יפו 224			||||||	1	1	0	31.789028	35.203261
קיוסק מיכל שלי	באר שבע	שוק עירוני - אהלי קיבר חנות 270			||||||	1	1	0	31.207505	34.811517
ברכת אלעזר	קרית גת	גאון הירדן 32			||||||	0	1	0	31.610661	34.754546
הלו אחי	גוש עציון	צומת גוש עציון מתחם רמי לוי 1			||||||	0	1	0	31.642464	35.151220
קיוסק תקשורת	חיפה	הרצל 4			||||||	1	1	0	32.812997	34.995849
תחנת הכיכר רחובות	רחובות	בילו 23			||||||	0	1	0	31.893656	34.808353
לייזר בית	בית שמש	חזון איש 20 דירה 4			||||||	1	1	0	31.737880	34.993733
יין בעיר קניון G	יוקנעם	התמר 6			||||||	1	1	0	32.660027	35.105172
יין בעיר חריש	חריש	דרך הארץ 2- קניון מור			||||||	1	1	0	32.470665	35.039172
יין בעיר אקספרס	יוקנעם	התמר 4			||||||	1	1	0	32.655938	35.104911
פיצוחי אוניל	באר שבע	תחנה מרכזית יצחק בן צבי 24			||||||	1	1	0	31.244058	34.799143
איליה רשתות מזון	אשדוד	רוגוזין 1			||||||	1	1	0	31.808177	34.645178
גלידה מרקט	נתניה	בן צבי 67			||||||	1	1	0	32.298472	34.853909
כיכר המזל	אשדוד	כיכר סיגל 1			||||||	1	1	0	31.793897	34.646558
קפה סנטר	עכו	שלום הגליל 1			||||||	1	1	0	32.920367	35.092692
עולם הכסף	בית שמש	נהר הירדן 38			||||||	1	1	0	31.728819	34.992988
מני פון	עפולה	יצחק שדה 2			||||||	1	1	0	32.633176	35.325495
לייזר סטור	בית שמש	רשבי 2			||||||	1	1	0	31.729771	34.991784
בלאק גק	כרמיאל	החרושת 11			||||||	1	1	0	32.921990	35.305422
מחסני ניקיון	אשדוד	הצבעוני 13			||||||	1	1	0	31.788759	34.649533
שפע מרקט אשדוד	אשדוד	אברהם שפירא 36			||||||	1	1	0	31.791782	34.658569
מעדני השבת	אשדוד	הרותם 29			||||||	1	1	0	31.789767	34.651989
אל אי וי- יש	ערד	שמעון 13			||||||	1	1	0	31.260720	35.212608
אל אי וי	ערד	שמעון 37			||||||	1	1	0	31.258837	35.206699
אל אי וי	ערד	מכבים גור			||||||	0	1	0	31.890267	35.010397
היפר גבי	קריית מלאכי	שדרות ירושלים 40			||||||	1	1	0	31.729542	34.738543
מזל מתוק	ביתר	אלעזר המודעי 5			||||||	1	1	0	31.695657	35.118599
רוגלית	אשדוד	הורקנוס 22			||||||	1	1	0	31.794107	34.661794
סמיילי	בית שמש	נחל דולב 1			||||||	1	1	0	31.715925	34.998913
לבנדר	בית אל	שדרות לוז 2			||||||	1	1	0	31.938490	35.223080
ברכת השם	נתיבות	דר סמילו יוסף 12			||||||	1	1	0	31.421895	34.599357
אנג'ל בארי	בני ברק	בארי 8			||||||	0	1	0	32.078227	34.828608
ביסלה	בני ברק	עזרא 4			||||||	1	1	0	32.081527	34.840319
סופר יבניאל 2	יבנאל	אזור התעשייה 5			||||||	1	1	0	32.700651	35.510098
יום ולילה	כפר סבא	ויצמן 153			||||||	1	1	0	32.177143	34.901719
פיצוחי הירקון / עיר הפיצוחים	טבריה	הירקון 1			||||||	1	1	0	32.787055	35.540709
הפיצוציה 48	טבריה	הגליל 48			||||||	1	1	0	32.784879	35.541224
סטוק מתוק בזול	קרית גת	פרת 24/1			||||||	1	1	0	31.613994	34.755520
מכולת חזיזה	עפולה	מצפה 39			||||||	1	1	0	32.625103	35.323575
עת לכתוב	נתניה	דברי חיים 5			||||||	1	1	0	32.343018	34.856541
פיצוצית מגיק	אשדוד	שבט לוי 16/6			||||||	1	1	0	31.778272	34.635789
מזנון אגד 2	טבריה	תחנה מרכזית טבריה			||||||	1	1	0	32.787651	35.535569
ספורט בר	אשדוד	דב גור 12			||||||	0	1	0	31.792613	34.653470
הקיוסק שלנו	נוף הגליל	סביון 2			||||||	1	1	0	32.693996	35.312071
חגיגה בלב	קרית גת	שדרות לכיש 17/2			||||||	1	1	0	31.607932	34.773188
סופר נווה חי	קרית גת	הגפן 4			||||||	1	1	0	31.606991	34.770021
כאן זול קרית גת	קרית גת	בית יוסף 1			||||||	0	1	0	31.617427	34.753628
GMT -כנרת 51 - סוכן 114	אשדוד	כנרת 51			||||||	1	1	0	31.780915	34.631946
אופיר סטור 2	נשר	דרך השלום 16			||||||	0	1	0	32.771528	35.045338
אופיר סטור	נשר	דרך השלום 16			||||||	1	1	0	32.771528	35.045338
המקום של דודו חדרה	חדרה	העצמאות 18			||||||	1	1	0	32.428414	34.945425
מכולת אבו רבאח	עין נקובא	המרכז 22			||||||	1	1	0	31.794597	35.118688
מפגש הזהב	אשקלון	דוד רמז 57			||||||	1	1	0	31.669303	34.584407
קפה גושן	קרית מוצקין	שדרות משה גושן 2			||||||	1	1	0	32.824382	35.079177
מפגש הטוטו קרית חיים	חיפה	שדרות אח"י אילת 73			||||||	1	1	0	32.817809	35.076603
מינימרקט חורב	חיפה	חורב 16			||||||	1	1	0	32.785255	34.985965
מינימרקט בירו אברהם	רחובות	גבריאלוב 18			||||||	1	1	0	31.886808	34.786098
סימפל	חיפה	שלום עליכם 5			||||||	1	1	0	32.782929	35.015554
מפגש סיני(הרשאות)	חיפה	טרומפלדור 56			||||||	1	1	0	32.783091	35.013964
ברכת הטל	ביתר עילית	הרב יעקב מוצפי/ויזניץ 44			||||||	0	1	0	31.696591	35.104998
ממתקי שירן	חיפה	הנביאים 15 חיפה			||||||	1	1	0	32.813350	34.995884
מיני מרקט שלומי	אשדוד	אחי אילת 4			||||||	0	1	0	31.802633	34.649672
אן דן דינו	אשקלון	איילה 17			||||||	1	1	0	31.662181	34.576411
תן חיוך	רחובות	הרצל 31			||||||	1	1	0	31.884241	34.815724
כל בו אלן	טלסטון	הגר"א 2			||||||	1	1	0	31.803232	35.100417
מקס עשק גזר	ערד	יהודה 51			||||||	1	1	0	31.256242	35.210731
סגנון של מזנון	יבנה	שידלובסקי 2			||||||	1	1	0	31.891632	34.733330
מכולת השילוח	חיפה	השילוח 11			||||||	1	1	0	32.803805	35.001261
דראגסטור לב הדר	חיפה	החלוץ 16			||||||	1	1	0	32.812690	34.997605
סופר בן גוריון	אופקים	רחבת הארי 1			||||||	1	1	0	31.306914	34.620827
סופר צברי	אופקים	חפץ חיים 51			||||||	1	1	0	31.306312	34.626944
טורונטו	אשדוד	יהודה המכבי 6			||||||	1	1	0	31.796355	34.657370
מאפיית בית הלחם - יבנה	יבנה	הנשיאים 2			||||||	1	1	0	31.874425	34.749150
סופר חבד	צפת	הרב לוי ביסטריצקי 220			||||||	1	1	0	32.965290	35.502731
סופר מאור חיים	צפת	צהל 4			||||||	1	1	0	32.965880	35.488768
מעדניית אגד	צפת	ירושלים 1 תחנה מרכזית			||||||	1	1	0	32.966478	35.495999
וסרמן סבטלנה	טבריה	השילוח 1 תחנה מרכזית			||||||	1	1	0	32.787721	35.538021
מסביב לשעון כרמיאל	כרמיאל	שדרות נשיאי ישראל 7			||||||	1	1	0	32.921102	35.302965
סיטונאות שי	נתניה	בנימין 7			||||||	1	1	0	32.327444	34.858377
מרקט אקספרס לב המפרץ	חיפה	קניון לב המפרץ			||||||	1	1	0	32.793169	35.036642
סנקס סינמול - רכבת	חיפה	ההסתדרות 55			||||||	1	1	0	32.793169	35.036642
עולם הממתקים חוף הכרמל	חיפה	הזורע 1			||||||	1	1	0	32.793607	34.959218
עולם הממתקים רמב"ם	חיפה	בית חולים רמבם			||||||	1	1	0	32.833114	34.985695
מ.ג.ע תקשורת	אשקלון	שדרות בן גוריון 29, תחנה מרכזית			||||||	1	1	0	31.665193	34.566163
מתוק בכיכר אופקים	אופקים	הרצל 63			||||||	1	1	0	31.311562	34.621567
בונבון בגיבורים בע"מ	חדרה	הגיבורים 66			||||||	1	1	0	32.435991	34.922834
מינימרקט יעקב כהן אופקים	אופקים	הרצל 802			||||||	1	1	0	31.320825	34.619713
הפיצוציה של מאור 1	טבריה	הנשיא וייצמן 18			||||||	1	1	0	32.780070	35.514189
מזנון ימית עפולה	עפולה	משה שרת 11			||||||	1	1	0	32.610084	35.286439
מפגש העצמאות (טוטו לוטו)	מגדל העמק	דרך העצמאות 50			||||||	1	1	0	32.680985	35.235351
מיני מרקט דגש	לוד	הרצל 31			||||||	0	1	0	31.952635	34.895140
פיצוציית פאן-הוחלף מסל מרקט 29.07	נתניה	שער הגיא 10			||||||	0	1	0	32.327548	34.857251
לירון סופר	שדרות	השוק העירוני 1			||||||	1	1	0	31.522651	34.595032
הנקודה החמה - חיפה	חיפה	הרצל 39			||||||	1	1	0	32.810134	34.998771
מתוק זה אנחנו	בית שמש	נחל זוהר 10			||||||	1	1	0	31.714108	34.988010
מגן ועד ספר(הוחלף)	מודיעין עילית	קהילת יעקב 5			||||||	1	1	0	31.922437	35.050632
רגע מתוק ביתר	ביתר עילית	ישמח ישראל 2			||||||	0	1	0	31.700552	35.107475
מחסני אלכוהול	אשדוד	גיא אוני 1			||||||	0	1	0	31.785787	34.661220
מאפיית הנשיא	אשדוד	יהודה הנשיא 8			||||||	1	1	0	31.791676	34.665657
הקיוסק של חגי סניף שמעון בן שטח	אלעד	שמעון בן שטח 10			||||||	1	1	0	32.055268	34.960641
הפינה של חגי סניף שמאי(עבר לסניף בשמעון בן שטח)	אלעד	שמאי 1			||||||	1	1	0	32.050811	34.950749
על הכיכר	מודיעין עילית	חפץ חיים 9			||||||	1	1	0	31.932352	35.045002
קיוסק בסר 4	בני ברק	בסר 4			||||||	0	1	0	32.093625	34.824374
כושר פון רימונים	בני ברק	אהרנוביץ 12			||||||	1	1	0	32.090587	34.841042
סיטי מרקט לוינסקי 99	תל אביב	לוינסקי 99			||||||	1	1	0	32.058603	34.775710
סיטי מרקט סניף הר ציון 45	תל אביב	שדרות הר ציון 45			||||||	1	1	0	32.055067	34.775655
סיטי מרקט לוינסקי 76	תל אביב	לוינסקי 76			||||||	1	1	0	32.058456	34.775708
סיטי מרקט י.ח.ר ההסתדרות חולון בע"מ	חולון	ההסתדרות 106			||||||	1	1	0	32.016903	34.781383
השוק 7	תל אביב	לוינסקי 32			||||||	1	1	0	32.059764	34.771620
סופר הצומת תל אביב	תל אביב	אצל 99			||||||	1	1	0	32.047819	34.793867
מתוק מדבש (הוחלף)	ירושלים	רבי ישראל נג'ארה 31			||||||	1	1	0	31.790225	35.191674
איט מרקט (אליק)	בני ברק	זבוטינסקי 97			||||||	1	1	0	32.092969	34.837137
קפה בלפור	בת ים	בלפור 85			||||||	1	1	0	32.020923	34.745658
הסל ציוד משרדי	ירושלים	גבעת שאול 23			||||||	1	1	0	31.792587	35.191204
מעדניה רוסלקה	בת ים	בלפור 65			||||||	1	1	0	32.024263	34.745441
מתוק בשכונה	בת ים	מבצע סיני 16			||||||	1	1	0	32.021358	34.757416
אי מרקט סניף הרצל	ראשון לציון	הרצל 63			||||||	1	1	0	31.966925	34.802925
אי מרקט סניף פינסקר	ראשון לציון	יהודה לייב פינסקר 46			||||||	1	1	0	31.970624	34.807394
GMT עמדה 38	רמת גן	ביאליק 75			||||||	1	1	0	32.085621	34.811184
ענק הסלולר יפו חדש	ירושלים	יפו 43			||||||	1	1	0	31.782609	35.219195
סופר פון תקשורת	ירושלים	יפו 30			||||||	1	1	0	31.780888	35.221568
מיני זול בני ברק	בני ברק	ירושלים 27			||||||	1	1	0	32.084843	34.829837
קפלה	קרית שמונה	ארלוזורוב 3			||||||	1	1	0	33.209192	35.568941
עץ התמר	ירושלים	שמואל הנביא 64			||||||	1	1	0	31.792807	35.223161
בדיקות_QA	בני ברק	מצדה 7			||||||	1	1	0	32.093684	34.824588
המטעין מכללת ירושלים	ירושלים	ברוך דובדבני 36			||||||	1	1	0	31.762047	35.191763
המטעין בית ספר זיו	ירושלים	שדרות הרצל 137			||||||	0	1	0	31.777127	35.186132
ממתקים בתחנה תחנה מרכזית	ירושלים	תחנה מרכזית ירושלים יפו 224			||||||	1	1	0	31.788966	35.203275
מינימרקט מוריאל	רמת גן	יכין 4			||||||	1	1	0	32.080946	34.806497
GMT סוכן 202	תל אביב	ההגנה 72			||||||	1	1	0	32.054121	34.789839
אגד מרכזית ירושלים	ירושלים	שמגר 16, רוממה			||||||	1	1	0	31.794748	35.208407
ביניין מיטשל אגודת הסטודנטים	תל אביב	אגודת הסטודנטים אוניברסיטת תל אביב			||||||	0	1	0	32.112845	34.807216
אגד תחנה מרכזית ת"א	תל אביב	תחנה מרכזית תל אביב			||||||	1	1	0	32.055743	34.779693
אגד אבן גבירול	תל אביב	אבן גבירול 35			||||||	1	1	0	32.075780	34.781464
אגד בת ים	בת ים	בלפור 39			||||||	1	1	0	32.027307	34.745363
אגד ראשון הישנה	ראשון לציון	הרצל 45			||||||	1	1	0	31.966367	34.802545
אגד רחובות	רחובות	בילו 2			||||||	1	1	0	31.893519	34.807724
אגד ראשון החדשה	ראשון לציון	תחנה המרכזית החדשה			||||||	1	1	0	32.056141	34.779263
אגד נס ציונה	נס ציונה	רוטשילד 4			||||||	1	1	0	31.928465	34.797784
אגד חיפה הדר	חיפה	חסן שוקרי 3			||||||	1	1	0	32.814560	34.997789
אגד חיפה נו"ש	חיפה	אלה הגליל 76			||||||	1	1	0	32.789511	35.018674
אגד חיפה קריית חיים	קריית חיים	אחי אילת 73			||||||	1	1	0	32.817954	35.076592
אגד קריית מוצקין	קריית מוצקין	שדה בן גוריון 84			||||||	0	1	0	32.840719	35.080617
אגד - טירת כרמל	טירת כרמל	עצמאות 48			||||||	1	1	0	32.760948	34.973546
אגד 4	ירושלים	0			||||||	0	1	0	32.068424	34.824785
אגד 3	חיפה	0			||||||	1	1	0	32.794046	34.989571
אגד 2	חיפה	0			||||||	1	1	0	32.794046	34.989571
פיצפוציה	גבעת שמואל	אורנים 1			||||||	1	1	0	32.068435	34.845565
יוסף מכשירי כתיבה	זכרון יעקב	רמת צבי 83/7			||||||	1	1	0	32.567214	34.959086
מתנת שמיים	ירושלים	מאה שערים 17			||||||	1	1	0	31.788126	35.222404
שיק הפסגה	ירושלים	הפסגה 50, בית וגן			||||||	1	1	0	31.765853	35.186205
המרכז לטלפונים סלולריים	רחובות	הרצל 136			||||||	1	1	0	31.891342	34.814834
GMT	אשדוד	דב גור 29			||||||	1	1	0	31.791839	34.658219
GMT	בית שמש	הרצל 5			||||||	1	1	0	31.749444	34.989468
סופר בר אילן	ירושלים	שמואל הנביא 100			||||||	0	1	0	31.795306	35.222485
פיצוציית אדיר נקש-מכשיר 1	בני ברק	זבוטינסקי 174			||||||	1	1	0	32.092828	34.840240
זול פה בתחנה	תל אביב יפו	לוינסקי 116			||||||	1	1	0	32.056349	34.782463
קפה הפינה	רמת גן	שדרות ירושלים 51			||||||	1	1	0	32.074860	34.824821
מיני מרקט אחמד	לוד	שדרות שלמה המלך 27			||||||	1	1	0	31.947710	34.886438
ממתקי אלחנן	ירושלים	המשורר אצ"ג 6, רמות			||||||	1	1	0	31.821632	35.186899
פינת הזהב	ראשון לציון	החלוץ 8			||||||	1	1	0	31.984543	34.791925
פקקפה התחנה	תל אביב יפו	דרך מנחם בגין 27			||||||	1	1	0	32.064183	34.783014
אגד קניון גילה	ירושלים	צביה ויצחק 5			||||||	1	1	0	31.731468	35.189797
אגד בניין פעמון	ירושלים	המלך ג'ורג' 3			||||||	1	1	0	31.782718	35.219868
אגד קניון הדר	ירושלים	גנרל פייר קניג 26			||||||	1	1	0	31.753579	35.215651
נירוונה	כפר סבא	וייצמן 57			||||||	1	1	0	32.177091	34.901972
אברהם ממתקים	פתח תקווה	ברון הירש 22			||||||	1	1	0	32.090147	34.882742
מינימרקט טבריה	בני ברק	טבריה 14			||||||	1	1	0	32.087075	34.824715
מפגש החברה	ירושלים	הצבר 201 גילה			||||||	1	1	0	31.729330	35.188884
כיסופים ופרחים - לוטו עין גנים	פתח תקווה	עין גנים 52			||||||	1	1	0	32.086122	34.895699
GMT	תל אביב (לשעבר אופקים)	נווה שאנן 44			||||||	1	1	0	31.320925	34.621986
GMT	בית שמש	הרצל 5			||||||	1	1	0	32.103332	34.884386
עולם הסלולר	בני ברק	זבוטניסקי 18			||||||	1	1	0	32.091523	34.825429
רובע מרקט	ירושלים	תפארת ישראל 2, העיר העתיקה			||||||	1	1	0	31.776020	35.231135
מזנון שרה	תל אביב יפו	לוינסקי 134			||||||	1	1	0	32.058664	34.775421
בנות הדסה	בית שמש	נחל ערוגות 13			||||||	0	1	0	31.715739	34.990168
תחנת השלום	תל אביב יפו	אחוזת בית 3			||||||	1	1	0	32.064478	34.772774
דוכן אמיניין	ירושלים	שמואל הנביא 79			||||||	1	1	0	31.794525	35.220632
מתוקים מדבש	בני ברק	כהנמן 64			||||||	1	1	0	32.082652	34.840829
ממתקי מיוחס	ירושלים	השח"ל 58, גבעת מורדכי			||||||	1	1	0	31.764179	35.196884
מעיין 2000 סניף גבעת מרדכי	ירושלים	שח"ל 58			||||||	0	1	0	31.764179	35.196884
מינימרקט רמב"ם	גבעתיים	רמב"ם 2			||||||	1	1	0	32.070294	34.805269
מעיין 2000 גן ורשה	בני ברק	רבי עקיבא 94			||||||	0	1	0	32.085969	34.833696
מעיין 2000 הרב קוק	בני ברק	הרב אברהם יצחק הכהן קוק 5			||||||	0	1	0	32.087299	34.829322
מעיין 2000 סניף בית ישראל	ירושלים	בית ישראל 17			||||||	0	1	0	31.789514	35.226549
פיצוחי אמונה בע"מ סניף חזון איש 87	בני ברק	חזון אי"ש 87			||||||	1	1	0	32.076322	34.835714
פיצוחי אמונה בע"מ סניף רבי עקיבא 86	בני ברק	רבי עקיבא 86			||||||	0	1	0	32.086050	34.833551
ת"ת המסילה	מודיעין עילית	רבי עקיבא 39			||||||	0	1	0	31.940877	35.045537
י.א קפה (ריקוטה)	ירושלים	קריית המדע 3, הר חוצבים			||||||	1	1	0	31.800429	35.210939
גם סטוק נווה שאנן ב"מ	חיפה נווה שאנן	טרומפלדור 44			||||||	1	1	0	32.783951	35.015026
תל אור	ירושלים	ההסתדרות 1, מרכז העיר			||||||	1	1	0	31.782140	35.216984
GMT	אילת	שדרות התמרים 36			||||||	1	1	0	29.566282	34.950966
חטיף 301	קריית מלאכי	רשי 11			||||||	0	1	0	31.729937	34.748757
תלמוד תורה תורת ישעיהו	בני ברק	ישעיהו הנביא 17			||||||	1	1	0	32.088897	34.825084
בית הספר אילת השחר	מודיעין עילית	אבי עזרי 3			||||||	1	1	0	31.923154	35.052060
כנסת ישראל	ירושלים	קרית בן גוריון			||||||	0	1	0	31.790143	35.205285
GMT	ירושלים	אורוגואי 1			||||||	1	1	0	31.761071	35.176626
מעיין 2000 סניף קניון אדומים	מעלה אדומים	הרכס 31			||||||	0	1	0	31.782700	35.311382
GMT	חיפה	הנביאים 15			||||||	1	1	0	32.813188	34.998072
ממתקולדה	בני ברק	רש"י 1			||||||	1	1	0	32.085888	34.835555
GMT	גני תקווה	הרי יהודה 54			||||||	1	1	0	32.061525	34.870261
מעיין 2000 סניף סנדריה	ירושלים	ים סוף 17			||||||	0	1	0	31.800768	35.220362
ענק הסלולאר 2	ירושלים	קינג ג'ורג 21, מרכז העיר			||||||	1	1	0	31.781184	35.216155
סיטי מרקט סניף דרך שלמה 118	תל אביב	דרך שלמה 118			||||||	1	1	0	32.054729	34.776337
צ'ופ- ארלוזורוב	תל אביב יפו	ארלוזורוב 53			||||||	1	1	0	32.086053	34.778775
אור אסתר	אלעד	יהודה הנשיא 53			||||||	0	1	0	32.052617	34.955652
GMT	באר שבע	התקווה 4			||||||	1	1	0	31.245715	34.799244
קפה בן גוריון	רמת גן	דוד בן גוריון 32			||||||	1	1	0	32.092148	34.822285
GMT	ראשון לציון	רוטשילד 25			||||||	1	1	0	31.964327	34.804009
GMT	ראשון לציון	הרצל 74			||||||	1	1	0	31.964845	34.802759
GMT	פתח תקווה	ההגנה 14			||||||	1	1	0	32.088274	34.885615
דוד ויהונתן	בני ברק	ישראל אבוחצירה 9			||||||	1	1	0	32.084932	34.835226
GMT	רמת גן	ביאליק 19			||||||	1	1	0	32.081180	34.814789
GMT	רמת גן	ביאליק 5			||||||	1	1	0	32.079398	34.814745
ש.ב חנות נוחות אימפריה בע"מ	חולון	אחד במאי 2 ( כיכר סטרומה)			||||||	1	1	0	32.023342	34.769791
GMT	גבעתיים	כצנלסון 112			||||||	1	1	0	32.077244	34.814228
GMT שערי העיר	בני ברק	זאב ז'בוטינסקי 12			||||||	1	1	0	32.091279	34.825040
GMT	רמת השרון	סוקולוב 51			||||||	1	1	0	32.143932	34.839735
יורו צ׳יינג׳ ד.מ 2012 בע״מ	תל אביב יפו	אבן גבירול 89			||||||	1	1	0	32.084819	34.781509
268-בית הדפוס 12 ירושלים GMT	ירושלים	בית הדפוס 12			||||||	1	1	0	31.786580	35.188434
GMT ברכה והצלחה בע"מ	ירושלים	אגריפס 28			||||||	1	1	0	31.783488	35.215829
ענק הסלולאר	ירושלים	קינג ג'ורג' 21, מרכז העיר			||||||	1	1	0	31.781184	35.216155
אלברט אהרון בע"מ GMT	תל אביב	בן יהודה 16			||||||	1	1	0	32.075040	34.768060
GMT אלברט אהרון בע"מ	חולון	סוקולוב 29			||||||	1	1	0	32.023292	34.772924
GMTמאניגולד	בת ים	רוטשילד 34			||||||	1	1	0	32.027272	34.747687
GMT- אלכס שפע נכסים בע"מ	תל אביב	אצ"ל 4			||||||	1	1	0	32.051575	34.791472
GMT BEST CHANGE	תל אביב	לוינסקי 108, תחנה מרכזית			||||||	1	1	0	32.055454	34.780275
ש.ב. חנות נוחות בע"מ	חולון	דוב הוז 84			||||||	1	1	0	32.023761	34.762100
פירות ארץ ישראל	עפולה	קרן היסוד 12			||||||	1	1	0	32.604840	35.286361
דהרי מקומי	תל אביב יפו	הדר יוסף 12			||||||	1	1	0	32.110085	34.818532
כולם כאן.	בני ברק	דרך בן גוריון 31			||||||	1	1	0	32.090484	34.822817
מינימרקט יעקב ירושלים	ירושלים	אריה בן אליעזר 62, גילה			||||||	1	1	0	31.736990	35.199422
התחנה הסופית/ברכת התחנה - מרכזית ירושלים	ירושלים	יפו 234 תחנה מרכזית			||||||	1	1	0	31.789443	35.201258
7TO7 ש.ב ריינבו בע"מ , נאמן חיים	תל אביב	אבן גבירול 76			||||||	1	1	0	32.081502	34.781425
לגוטין בע"מ (אלפא טורס)	בת ים	העצמאות 64			||||||	1	1	0	32.028654	34.749361
חסדי דוד המלך	בני ברק	סמטת החייל 4			||||||	1	1	0	32.082505	34.842982
מינימרקט ציון	בני ברק	יצחק ניסים 16			||||||	1	1	0	32.073623	34.839371
מפגש לי - תחנה מרכזית	תל אביב יפו	לוינסקי 108 קומה 6			||||||	1	1	0	32.056414	34.779519
עונג שבת	בני ברק	נחמיה 2			||||||	1	1	0	32.079727	34.834370
אלפא טורס העצמאות 64 בת ים	בת ים	העצמאות 64			||||||	0	1	0	32.027693	34.751020
טיים אווט	הוד השרון	החרש 5			||||||	1	1	0	32.132757	34.899008
ג.ג המרות בע"מ	גני תקווה	רבאון 1			||||||	0	1	0	32.056740	34.869045
מכבסה	בני ברק	חזון אי"ש 27			||||||	1	1	0	32.082699	34.835423
זול פה-בני ברק	בני ברק	ירושלים 41			||||||	1	1	0	32.083517	34.829420
א.צ סלולר com בעמ	חיפה	צה"ל 10			||||||	1	1	0	32.824498	34.982173
מזליקו	בית שמש	השבעה 3			||||||	1	1	0	31.750073	34.985272
פיצוחי לב העיר	רמת גן	ז'בוטינסקי 125			||||||	1	1	0	32.090430	34.819934
מיני market	בת ים	בן ציון ישראל 8			||||||	1	1	0	32.015962	34.746157
סופר אחים נשיא	חולון	ג׳סי כהן 10			||||||	1	1	0	32.003507	34.772956
עמלים	תל אביב	קהילת ונציה 10			||||||	1	1	0	32.114019	34.822795
סקיאן	ירושלים	בן יהודה 27, מרכז העיר			||||||	1	1	0	31.781271	35.215165
גבריאל שי	בת ים	אורט ישראל 36			||||||	1	1	0	32.010169	34.746554
ר. גורמה בע"מ	נתניה	פנחס לבנון 30			||||||	1	1	0	32.280948	34.852660
הראשון בגעתון	נהריה	געתון 2			||||||	1	1	0	33.005714	35.213345
בני סופרון בע״מ	ירושלים	אורוגואי 42, קריית יובל			||||||	1	1	0	31.756424	35.177209
אחים יצחק	ירושלים	השומר 2, קטמון			||||||	0	1	0	31.755964	35.198020
גולדמן שירותי סיעוד- לא להפנות	ירושלים	המלך ג'ורג' 16 כניסה ג'			||||||	0	1	0	32.072173	34.773257
מינימרקט המרכז	ירושלים	הגננת 216, גילה			||||||	1	1	0	31.730086	35.189782
דני ספרים	ירושלים	כנפי נשרים 13, גבעת שאול			||||||	0	1	0	31.787680	35.184843
ק.ר מינימרקט ברכה בע"מ	חולון	אילת 58			||||||	1	1	0	32.013739	34.764879
אגודת הסטודנטים של אונ' בר-אילן	רמת גן	אוניברסיטת בר אילן			||||||	0	1	0	32.069163	34.843646
מרכז הפיצוח	ירושלים	יוחנן בן זכאי 7, קטמון			||||||	1	1	0	31.759186	35.212991
בית מרקחת גבעת זאב	גבעת זאב	המכבים 50			||||||	1	1	0	31.864524	35.167612
מפגש הפלמ״ח	ירושלים	הפלמ״ח 42, רחביה			||||||	1	1	0	31.766632	35.208869
בית מרקחת בטיש ציון פארם	ירושלים	שטראוס 10			||||||	0	1	0	31.785964	35.218866
נ.א שיווק ביצים	קריית מלאכי	רש"י 7			||||||	0	1	0	31.729280	34.750940
am-phone	בינימין	אזור תעשיה שער ביניימין קניון בבא			||||||	0	1	0	31.865876	35.261634
מזנון אגד	טבריה	תחנה מרכזית טבריה			||||||	1	1	0	32.787969	35.536866
מינימרקט נחמיאס	טבריה	נייברג 18			||||||	0	1	0	32.796772	35.530453
א.א תקשורת	קרית גת	שדרות העצמאות 49/7			||||||	1	1	0	31.609664	34.770518
הבריאות של קושקוש	גבעתיים	ויצמן 30			||||||	1	1	0	32.071905	34.808362
amiros	תל אביב	נחניאל 2			||||||	0	1	0	32.068202	34.769100
חיימסון	תל אביב יפו	ברנר 2 פינת אלנבי 57			||||||	0	1	0	32.069377	34.770976
דור חן גל מרקט	ראשון לציון	מורדי הגטאות 69			||||||	1	1	0	31.954292	34.824585
מכללת אורט סינגלובסקי	תל אביב יפו	דרך הטייסים 28			||||||	0	1	0	32.056692	34.804197
קיוסק ברטנורא	בני ברק	ברטנורה 9			||||||	1	1	0	32.083381	34.834244
הפרגולה	בית שמש	יצחק רבין 11			||||||	1	1	0	31.747868	34.994197
צעצועי בקי	גבעתיים	כצנלסון 53			||||||	1	1	0	32.075684	34.806949
בסט מרקט	נתניה	פנחס לבנון 30			||||||	0	1	0	32.280707	34.854859
הפינה של סומו	אשקלון	גדוד הפורצים 1			||||||	0	1	0	31.653319	34.557360
המקום של שי	אשקלון	דוד רמז 78			||||||	1	1	0	31.669377	34.584423
קפה רוברטו	רחובות	הרצל 215			||||||	1	1	0	31.903182	34.808171
ארדיטי אסתר	יהוד	אשכנזי 19			||||||	1	1	0	32.029451	34.891327
כלבו הרצל	בני ברק	ירושלים 21			||||||	1	1	0	32.085643	34.829959
א.א שוקולד בע"מ	רחובות	הרצל 185			||||||	1	1	0	31.899956	34.809800
עמלים 2	0	542499433			||||||	1	1	0	32.114019	34.822795
מפגש הנמרים	תל אביב יפו	אבן גבירול 139			||||||	1	1	0	32.089598	34.782392
מינימרקט ניסים	תל אביב יפו	ישראל מסלנט 15			||||||	1	1	0	32.049345	34.781059
סינגל צחי	רמלה	הרצל 23			||||||	1	1	0	31.934647	34.867793
אורי יצחק	רמת גן	כיכר הרב פרדס 2			||||||	1	1	0	32.050099	34.813979
ד.ר.ב סחר ושיווק	תל אביב	פעמונית 18			||||||	1	1	0	32.033409	34.754570
עולם הממתקים בית חולים הלל יפה	חדרה	השלום			||||||	1	1	0	32.452304	34.899265
אברהם פרטוש	רמת גן	שוהם 3			||||||	1	1	0	32.085062	34.800570
קינדר טויס ראשי לנדא 7	בני ברק	לנדא 7			||||||	1	1	0	32.080147	34.832829
אלקטרו ציון בע"מ- הטמבוריה	תל אביב יפו	קיבוץ גלויות 71			||||||	1	1	0	32.050822	34.772172
ברקאי אליהו	בני ברק	רמבם 14			||||||	1	1	0	32.089009	34.829773
ממתקי יוסף	חולון	קרן היסוד 1 פינת משה שרת 28			||||||	1	1	0	32.008374	34.791948
ג.פ. נמטי סחר -סופר שוק גיורא	אזור	בן גוריון 24			||||||	1	1	0	32.020605	34.815003
מכולת רחל (רעיה)	תל אביב יפו	ישראל מסלנט 15			||||||	1	1	0	32.049427	34.781134
מכולת בדש	חולון	מסילת העולים 8			||||||	1	1	0	32.001954	34.763662
באלי קפה	פתח תקווה	גליס 6 סגולה			||||||	1	1	0	32.103123	34.897049
הפינה המתוקה ראש העין	ראש העין	שבזי 133			||||||	1	1	0	32.088078	34.952889
מינימרקט מנצור	פתח תקווה	דוד רמז 1			||||||	1	1	0	32.090312	34.904310
לגוטין בע"מ (אלפא פון) בלפור 45 בת ים	בת ים	בלפור 45			||||||	1	1	0	32.026474	34.745250
שפע זול	פתח תקווה	יונה גרין 9			||||||	1	1	0	32.099078	34.898284
מפגש סירקין	פתח תקווה	אלטרמן 5			||||||	1	1	0	32.083767	34.900531
מכולת "שמעון" טייב שמעון לילי	תל אביב	צרעה 3			||||||	1	1	0	32.047935	34.809281
מעדניה למשפחה	בת ים	עוזיאל 25			||||||	1	1	0	32.022273	34.749614
אולפנית בני עקיבא	תל אביב	לילינבלום 7			||||||	1	1	0	32.062610	34.768201
קיוסק אביבה אנילביץ 3 בת ים	בת ים	אנילביץ' 3			||||||	1	1	0	32.022150	34.750590
אבי בנגבה	רמת גן	דרך נגבה 51			||||||	1	1	0	32.070571	34.827822
פיצוצית א.א.	תל אביב יפו	מח"ל 79			||||||	0	1	0	32.049756	34.812072
פיצוץ בלח"י	תל אביב יפו	לח"י 14			||||||	1	1	0	32.047567	34.789737
מנצ'יס אבן גבירול	תל אביב	אבן גבירול 162			||||||	1	1	0	32.090826	34.782919
קיוסק נתן	תל אביב יפו	קינג ג'ורג' 27			||||||	1	1	0	32.071887	34.772921
מינימרקט אחים דבורה 1	תל אביב יפו	משה דיין 5			||||||	1	1	0	32.054056	34.800659
מפגש הנשיא	בת ים	אלי כהן 21			||||||	1	1	0	32.014496	34.758859
פינת המזל אור יהודה	אור יהודה	יחזקאל קזז 9			||||||	1	1	0	32.031812	34.846805
ניסנוב מרקט- עידן הגלידה	תל אביב	הקשת 15			||||||	1	1	0	32.043705	34.773840
קיוסק אבי חיימוב	רמת גן	דרך אבא הלל 2			||||||	0	1	0	32.084170	34.803822
בועז- מכשירי כתיבה	גבעתיים	תפוצות ישראל 4			||||||	1	1	0	32.060043	34.815554
יניב לוי טוטו לוטו שטמפפר 30 פתח תקווה	פתח תקווה	שטמפפר 30			||||||	1	1	0	32.091579	34.887933
מרכז שירות לתייר יפו	תל אביב	מרזוק ועזר 2			||||||	1	1	0	32.055420	34.756846
תיכון הייטק ואומנויות -לשעברבית הספר עמל שבח - דן	תל אביב יפו	יעקובוב אוריאל 3			||||||	1	1	0	32.042067	34.767289
המרקט שלנו	גבעתיים	כצנלסון 34			||||||	1	1	0	32.075323	34.805548
צעצועי בקי	גבעתיים	כצנלסון 53			||||||	0	1	0	32.075398	34.809106
מאנציס קפה	ראש העין	המרץ 13			||||||	1	1	0	32.106163	34.940159
פינה בלב	חולון	ההסתדרות 80			||||||	1	1	0	32.017170	34.778254
פיצוחי לילי	בת ים	העצמאות 64			||||||	1	1	0	32.028627	34.749393
מקסישופ הירקונים 35 פתח תקווה	פתח תקווה	הירקונים 35			||||||	1	1	0	32.100599	34.899405
מקסישופ	קרית אונו	כלנית 17			||||||	1	1	0	32.056459	34.864404
סופר רוטשילד	פתח תקווה	רוטשילד 132			||||||	0	1	0	32.081665	34.883424
קיוסק בר מזל	רמת גן	דרך אבא הלל 30			||||||	1	1	0	32.090938	34.811720
קיוסק הצומת	בת ים	כצנלסון 30			||||||	1	1	0	32.022121	34.754256
קפה בחווה	חולון	בית ספר תיכון קציר, שד׳ יצחק רבין 20			||||||	0	1	0	32.002455	34.772509
טנגו	רמת גן	לנדרס 1			||||||	1	1	0	32.069967	34.838873
גרינברג	גבעתיים	רמבם 28			||||||	1	1	0	32.070706	34.806929
המקום של אילן בת ים	בת ים	קרן היסוד 20			||||||	1	1	0	32.004742	34.752960
פיצוחי המלך	חולון	אהרונוביץ 40			||||||	1	1	0	32.009350	34.769017
חשמליה	רמת גן	עוזיאל 130			||||||	1	1	0	32.065100	34.820395
מכולת שמחה כהן הנשיא 17 גבעת שמואל	גבעת שמואל	הנשיא 17			||||||	1	1	0	32.081263	34.851272
מזנון גבאי-עופר גבאי	רמת גן	עוזיאל 77			||||||	1	1	0	32.072285	34.823224
אלטה	בת ים	העצמאות 62			||||||	1	1	0	32.028239	34.749146
אברהם הוסטל ת"א	תל אביב	לבונטין 21			||||||	1	1	0	32.063320	34.776442
אס אר פון	בת ים	בלפור 126			||||||	1	1	0	32.014276	34.742374
הפינה המתוקה אצל מוטי אילת 36 חולון	חולון	אילת 36			||||||	1	1	0	32.018279	34.764565
לגוטין בע"מ (אלפא פון) בלפור 62 בת ים	בת ים	בלפור 62			||||||	1	1	0	32.023404	34.745176
מינימרקט ציון	בני ברק	יצחק ניסים 16			||||||	1	1	0	32.073273	34.841506
עמדת רכבת ארלזרוב 43	תל אביב	תחנת רכבת ארלזרוב			||||||	1	1	0	32.084022	34.796946
בית דן	תל אביב	שדרות שאול המלך 39			||||||	1	1	0	32.077955	34.790694
אגף החינוך החרדי -1	ירושלים	משעול הגבורה 1			||||||	0	1	0	31.781337	35.224063
פיצוחי שמוליק	בני ברק	ירושלים 69			||||||	0	1	0	32.082898	34.825711
BAHA'I WORLD CENTR	חיפה	שדרות אליהו גולומב 16			||||||	0	1	0	32.811900	34.987557
GMT אורוגוא ירושלים	ירושלים	אורוגוא 1			||||||	1	1	0	31.760770	35.176701
מכון שלום הרטמן - חברותא	ירושלים	גדליהו אלון 11, עמק רפאים			||||||	0	1	0	31.766956	35.217555
הלב המתוק ב.ס.ר 3	בני ברק	מצדה 9			||||||	1	1	0	32.092508	34.824877
אגודת הסטודנטים של אונ' בר-אילן	רמת גן	מקס ואנה ווב בניין 107			||||||	1	1	0	32.066989	34.842444
הפינה של באסם	תל אביב יפו	יהודה הימית 34			||||||	1	1	0	32.050461	34.753676
עמדת טעינה תל אביב	תל אביב	תחנה מרכזית קומה 6	קווים		00:00-23:59|00:00-23:59|00:00-23:59|00:00-23:59|00:00-23:59|00:00-23:59|00:00-23:59	1	1	0	32.056151	34.779536
עמדת טעינה תל אביב	תל אביב	תחנה מרכזית קומה 7	קווים		00:00-23:59|00:00-23:59|00:00-23:59|00:00-23:59|00:00-23:59|00:00-23:59|00:00-23:59	1	1	0	32.055644	34.779694
עמדת טעינה שוהם	שוהם	איילון כיכר יסעור	קווים		00:00-23:59|00:00-23:59|00:00-23:59|00:00-23:59|00:00-23:59|00:00-23:59|00:00-23:59	0	1	0	32.005226	34.947237
עמדת טעינה שוהם	שוהם	בניין מועצה מקומית	קווים		00:00-23:59|00:00-23:59|00:00-23:59|00:00-23:59|00:00-23:59|00:00-23:59|00:00-23:59	1	1	0	31.998817	34.945478
עמדת טעינה שוהם	שוהם	תרשיש 2	קווים		00:00-23:59|00:00-23:59|00:00-23:59|00:00-23:59|00:00-23:59|00:00-23:59|00:00-23:59	1	1	0	31.994186	34.945210
עמדת טעינה שוהם	שוהם	המודיעים 27	קווים		00:00-23:59|00:00-23:59|00:00-23:59|00:00-23:59|00:00-23:59|00:00-23:59|00:00-23:59	0	1	0	31.988083	34.934938
עמדת טעינה רמת גן	רמת גן	זבוטינסקי 88	קווים		00:00-23:59|00:00-23:59|00:00-23:59|00:00-23:59|00:00-23:59|00:00-23:59|00:00-23:59	0	1	0	32.088475	34.815114
עמדת טעינה רמת גן	רמת גן	זבוטינסקי 125	קווים		00:00-23:59|00:00-23:59|00:00-23:59|00:00-23:59|00:00-23:59|00:00-23:59|00:00-23:59	1	1	0	32.086643	34.791336
עמדת טעינה רמת גן	רמת גן	זבוטינסקי 55	קווים		00:00-23:59|00:00-23:59|00:00-23:59|00:00-23:59|00:00-23:59|00:00-23:59|00:00-23:59	0	1	0	32.085549	34.810164
עמדת טעינה רמת גן	רמת גן	זבוטינסקי 16	קווים		00:00-23:59|00:00-23:59|00:00-23:59|00:00-23:59|00:00-23:59|00:00-23:59|00:00-23:59	1	1	0	32.083150	34.805606
עמדת טעינה רמלה	רמלה	מול הרצל 24	קווים		00:00-23:59|00:00-23:59|00:00-23:59|00:00-23:59|00:00-23:59|00:00-23:59|00:00-23:59	0	1	0	31.937402	34.866160
עמדת טעינה רמלה	רמלה	הרצל 47	קווים		00:00-23:59|00:00-23:59|00:00-23:59|00:00-23:59|00:00-23:59|00:00-23:59|00:00-23:59	1	1	0	31.931313	34.869560
עמדת טעינה רמלה	רמלה	בן צבי 19	קווים		00:00-23:59|00:00-23:59|00:00-23:59|00:00-23:59|00:00-23:59|00:00-23:59|00:00-23:59	1	1	0	31.929048	34.860713
עמדת טעינה רמלה	רמלה	תחנה מרכזית רציף 8	קווים		00:00-23:59|00:00-23:59|00:00-23:59|00:00-23:59|00:00-23:59|00:00-23:59|00:00-23:59	1	1	0	31.926902	34.877711
עמדת טעינה רחובות	רחובות	תחנה מרכזית	קווים		00:00-23:59|00:00-23:59|00:00-23:59|00:00-23:59|00:00-23:59|00:00-23:59|00:00-23:59	0	1	0	31.893459	34.807735
עמדת טעינה רחובות	רחובות	עזרא 33	קווים		00:00-23:59|00:00-23:59|00:00-23:59|00:00-23:59|00:00-23:59|00:00-23:59|00:00-23:59	1	1	0	31.892125	34.816258
עמדת טעינה ראשון לציון	ראשון לציון	הרצל 52	קווים		00:00-23:59|00:00-23:59|00:00-23:59|00:00-23:59|00:00-23:59|00:00-23:59|00:00-23:59	0	1	0	31.966277	34.802572
עמדת טעינה צורן	צורן	צורן לב השרון	קווים		||||||	0	0	0	32.287800	34.944200
עמדת טעינה פרדסיה	פרדסיה	הברוש מול 14 בתחנת אוטובוס	קווים		00:00-23:59|00:00-23:59|00:00-23:59|00:00-23:59|00:00-23:59|00:00-23:59|00:00-23:59	0	1	0	32.307514	34.910296
עמדת טעינה נתניה	נתניה	זלמן שזר 18	קווים		00:00-23:59|00:00-23:59|00:00-23:59|00:00-23:59|00:00-23:59|00:00-23:59|00:00-23:59	0	1	0	32.276827	34.847985
עמדת טעינה נתניה	נתניה	תחנה מרכזית	קווים		00:00-23:59|00:00-23:59|00:00-23:59|00:00-23:59|00:00-23:59|00:00-23:59|00:00-23:59	1	1	0	32.327129	34.858391
עמדת טעינה נתניה	נתניה	צבי אלון 4	קווים		00:00-23:59|00:00-23:59|00:00-23:59|00:00-23:59|00:00-23:59|00:00-23:59|00:00-23:59	0	1	0	32.326589	34.858206
עמדת טעינה מעלה אדומים	מעלה אדומים	רחוב הר הבית ליד תחנת משטרה	קווים		||||||	0	0	0	31.775900	35.300600
עמדת טעינה מעלה אדומים	מעלה אדומים	קניון ברחוב געש	קווים		||||||	0	0	0	31.772000	35.297400
עמדת טעינה מודיעין עילית	מודיעין עילית	רמב"ן/רבנו תם	קווים		||||||	0	0	0	31.934600	35.038900
עמדת טעינה מודיעין עילית	מודיעין עילית	מהרי"ל/רמב"ם	קווים		||||||	0	0	0	31.936100	35.036800
עמדת טעינה מודיעין עילית	מודיעין עילית	הגר"א / בעש"ט	קווים		||||||	0	0	0	31.932800	35.041100
עמדת טעינה מודיעין עילית	מודיעין עילית	רבי עקיבא 22	קווים		00:00-23:59|00:00-23:59|00:00-23:59|00:00-23:59|00:00-23:59|00:00-23:59|00:00-23:59	1	1	0	31.940491	35.042917
עמדת טעינה מודיעין עילית	מודיעין עילית	רבי עקיבא 3 במרכז מסחרי	קווים		00:00-23:59|00:00-23:59|00:00-23:59|00:00-23:59|00:00-23:59|00:00-23:59|00:00-23:59	1	1	0	31.939999	35.038511
עמדת טעינה מודיעין עילית	מודיעין עילית	רבי יהודה הנשיא 34	קווים		00:00-23:59|00:00-23:59|00:00-23:59|00:00-23:59|00:00-23:59|00:00-23:59|00:00-23:59	1	1	0	31.939782	35.046259
עמדת טעינה מודיעין עילית	מודיעין עילית	רבי יהודה הנשיא 12	קווים		00:00-23:59|00:00-23:59|00:00-23:59|00:00-23:59|00:00-23:59|00:00-23:59|00:00-23:59	0	1	0	31.938496	35.041412
עמדת טעינה מודיעין עילית	מודיעין עילית	רשבי 45	קווים		00:00-23:59|00:00-23:59|00:00-23:59|00:00-23:59|00:00-23:59|00:00-23:59|00:00-23:59	1	1	0	31.938034	35.045881
עמדת טעינה מודיעין עילית	מודיעין עילית	שד יחזקאל צמוד למרכז	קווים		00:00-23:59|00:00-23:59|00:00-23:59|00:00-23:59|00:00-23:59|00:00-23:59|00:00-23:59	1	1	0	31.937600	35.037104
עמדת טעינה מודיעין עילית	מודיעין עילית	רשבי 29	קווים		00:00-23:59|00:00-23:59|00:00-23:59|00:00-23:59|00:00-23:59|00:00-23:59|00:00-23:59	1	1	0	31.937460	35.043236
עמדת טעינה מודיעין עילית	מודיעין עילית	מול רשבי 9	קווים		00:00-23:59|00:00-23:59|00:00-23:59|00:00-23:59|00:00-23:59|00:00-23:59|00:00-23:59	1	1	0	31.937289	35.039467
עמדת טעינה מודיעין עילית	מודיעין עילית	רשבי 30	קווים		00:00-23:59|00:00-23:59|00:00-23:59|00:00-23:59|00:00-23:59|00:00-23:59|00:00-23:59	1	1	0	31.936902	35.044630
עמדת טעינה מודיעין עילית	מודיעין עילית	מרכז עסקים זול שפע	קווים		00:00-23:59|00:00-23:59|00:00-23:59|00:00-23:59|00:00-23:59|00:00-23:59|00:00-23:59	0	1	0	31.936816	35.038903
עמדת טעינה מודיעין עילית	מודיעין עילית	תחנת אוטובוס יציאה מהעיר	קווים		00:00-23:59|00:00-23:59|00:00-23:59|00:00-23:59|00:00-23:59|00:00-23:59|00:00-23:59	1	1	0	31.936594	35.037495
עמדת טעינה מודיעין עילית	מודיעין עילית	ישיבת עטרת שלמה	קווים		00:00-23:59|00:00-23:59|00:00-23:59|00:00-23:59|00:00-23:59|00:00-23:59|00:00-23:59	1	1	0	31.936080	35.042376
עמדת טעינה מודיעין עילית	מודיעין עילית	מסוף עירוני	קווים		00:00-23:59|00:00-23:59|00:00-23:59|00:00-23:59|00:00-23:59|00:00-23:59|00:00-23:59	1	1	0	31.936068	35.037369
עמדת טעינה מודיעין עילית	מודיעין עילית	משך חוכמה 2	קווים		00:00-23:59|00:00-23:59|00:00-23:59|00:00-23:59|00:00-23:59|00:00-23:59|00:00-23:59	1	1	0	31.935437	35.042096
עמדת טעינה מודיעין עילית	מודיעין עילית	אבני נזר 18	קווים		00:00-23:59|00:00-23:59|00:00-23:59|00:00-23:59|00:00-23:59|00:00-23:59|00:00-23:59	1	1	0	31.934667	35.042227
עמדת טעינה מודיעין עילית	מודיעין עילית	חפץ חיים 1	קווים		00:00-23:59|00:00-23:59|00:00-23:59|00:00-23:59|00:00-23:59|00:00-23:59|00:00-23:59	1	1	0	31.934658	35.047349
עמדת טעינה מודיעין עילית	מודיעין עילית	שדה חמד 11	קווים		00:00-23:59|00:00-23:59|00:00-23:59|00:00-23:59|00:00-23:59|00:00-23:59|00:00-23:59	0	1	0	31.933948	35.043619
עמדת טעינה מודיעין עילית	מודיעין עילית	נתיבות המשפט 5	קווים		00:00-23:59|00:00-23:59|00:00-23:59|00:00-23:59|00:00-23:59|00:00-23:59|00:00-23:59	0	1	0	31.933163	35.047665
עמדת טעינה מודיעין עילית	מודיעין עילית	חפץ חיים 10	קווים		00:00-23:59|00:00-23:59|00:00-23:59|00:00-23:59|00:00-23:59|00:00-23:59|00:00-23:59	0	1	0	31.932850	35.045201
עמדת טעינה מודיעין עילית	מודיעין עילית	חתם סופר 10	קווים		00:00-23:59|00:00-23:59|00:00-23:59|00:00-23:59|00:00-23:59|00:00-23:59|00:00-23:59	1	1	0	31.932833	35.046040
עמדת טעינה מודיעין עילית	מודיעין עילית	אור החיים 20	קווים		00:00-23:59|00:00-23:59|00:00-23:59|00:00-23:59|00:00-23:59|00:00-23:59|00:00-23:59	0	1	0	31.931660	35.041454
עמדת טעינה מודיעין עילית	מודיעין עילית	אבני נזר 46 מרכז קסם	קווים		00:00-23:59|00:00-23:59|00:00-23:59|00:00-23:59|00:00-23:59|00:00-23:59|00:00-23:59	0	1	0	31.930275	35.039162
עמדת טעינה מודיעין עילית	מודיעין עילית	מסילת יוסף 32	קווים		00:00-23:59|00:00-23:59|00:00-23:59|00:00-23:59|00:00-23:59|00:00-23:59|00:00-23:59	0	1	0	31.929491	35.043369
עמדת טעינה מודיעין עילית	מודיעין עילית	שאגת אריה פינת קצות החושן	קווים		00:00-23:59|00:00-23:59|00:00-23:59|00:00-23:59|00:00-23:59|00:00-23:59|00:00-23:59	1	1	0	31.929465	35.042313
עמדת טעינה מודיעין עילית	מודיעין עילית	מעלות שמחה פינת מסילת ישרים	קווים		00:00-23:59|00:00-23:59|00:00-23:59|00:00-23:59|00:00-23:59|00:00-23:59|00:00-23:59	1	1	0	31.929379	35.038391
עמדת טעינה מודיעין עילית	מודיעין עילית	כיכר מרומי שדה פינת נתיבות המשפט	קווים		00:00-23:59|00:00-23:59|00:00-23:59|00:00-23:59|00:00-23:59|00:00-23:59|00:00-23:59	1	1	0	31.929309	35.044634
עמדת טעינה מודיעין עילית	מודיעין עילית	שערי תשובה פינת חזון דוד	קווים		00:00-23:59|00:00-23:59|00:00-23:59|00:00-23:59|00:00-23:59|00:00-23:59|00:00-23:59	1	1	0	31.927986	35.038177
עמדת טעינה מודיעין עילית	מודיעין עילית	הריטבא 3	קווים		00:00-23:59|00:00-23:59|00:00-23:59|00:00-23:59|00:00-23:59|00:00-23:59|00:00-23:59	1	1	0	31.927702	35.047708
עמדת טעינה מודיעין עילית	מודיעין עילית	הריטבא 20	קווים		00:00-23:59|00:00-23:59|00:00-23:59|00:00-23:59|00:00-23:59|00:00-23:59|00:00-23:59	0	1	0	31.927606	35.048521
עמדת טעינה מודיעין עילית	מודיעין עילית	מסילת יוסף 21	קווים		00:00-23:59|00:00-23:59|00:00-23:59|00:00-23:59|00:00-23:59|00:00-23:59|00:00-23:59	0	1	0	31.926859	35.042643
עמדת טעינה מודיעין עילית	מודיעין עילית	נתיבות המשפט 64	קווים		00:00-23:59|00:00-23:59|00:00-23:59|00:00-23:59|00:00-23:59|00:00-23:59|00:00-23:59	1	1	0	31.925845	35.043908
עמדת טעינה מודיעין עילית	מודיעין עילית	שדרות הרב מפונוביז 4	קווים		00:00-23:59|00:00-23:59|00:00-23:59|00:00-23:59|00:00-23:59|00:00-23:59|00:00-23:59	1	1	0	31.923929	35.046749
עמדת טעינה מודיעין עילית	מודיעין עילית	עיון התלמוד 5	קווים		00:00-23:59|00:00-23:59|00:00-23:59|00:00-23:59|00:00-23:59|00:00-23:59|00:00-23:59	1	1	0	31.923139	35.048221
עמדת טעינה מודיעין עילית	מודיעין עילית	אבי עזר פינת קהילת יעקב	קווים		00:00-23:59|00:00-23:59|00:00-23:59|00:00-23:59|00:00-23:59|00:00-23:59|00:00-23:59	1	1	0	31.922831	35.050095
עמדת טעינה מודיעין עילית	מודיעין עילית	ישועת דוד 12	קווים		00:00-23:59|00:00-23:59|00:00-23:59|00:00-23:59|00:00-23:59|00:00-23:59|00:00-23:59	1	1	0	31.922785	35.047897
עמדת טעינה מודיעין	מודיעין	עמק האלה 82 לב העמק	קווים		00:00-23:59|00:00-23:59|00:00-23:59|00:00-23:59|00:00-23:59|00:00-23:59|00:00-23:59	0	1	0	31.914261	35.005871
עמדת טעינה מודיעין	מודיעין	מודיעין עמק בית שאן 32	קווים		00:00-23:59|00:00-23:59|00:00-23:59|00:00-23:59|00:00-23:59|00:00-23:59|00:00-23:59	0	1	0	31.912227	35.002120
עמדת טעינה מודיעין	מודיעין	ראל מרדכי מקלף 1 סולומון סנטר	קווים		00:00-23:59|00:00-23:59|00:00-23:59|00:00-23:59|00:00-23:59|00:00-23:59|00:00-23:59	0	1	0	31.909192	35.001603
עמדת טעינה מודיעין	מודיעין	מודיעין דם המכבים 33 צמוד לעירייה	קווים		00:00-23:59|00:00-23:59|00:00-23:59|00:00-23:59|00:00-23:59|00:00-23:59|00:00-23:59	1	1	0	31.908046	35.008036
עמדת טעינה מודיעין	מודיעין	תלתן 8 מודיעין	קווים		00:00-23:59|00:00-23:59|00:00-23:59|00:00-23:59|00:00-23:59|00:00-23:59|00:00-23:59	1	1	0	31.905459	35.007586
עמדת טעינה מודיעין	מודיעין	מודיעין תלתן 33	קווים		00:00-23:59|00:00-23:59|00:00-23:59|00:00-23:59|00:00-23:59|00:00-23:59|00:00-23:59	1	1	0	31.902416	35.009714
עמדת טעינה מודיעין	מודיעין	מסוף תחבורה	קווים		00:00-23:59|00:00-23:59|00:00-23:59|00:00-23:59|00:00-23:59|00:00-23:59|00:00-23:59	1	1	0	31.900074	35.006744
עמדת טעינה מודיעין	מודיעין	מודיעין ערער 2	קווים		00:00-23:59|00:00-23:59|00:00-23:59|00:00-23:59|00:00-23:59|00:00-23:59|00:00-23:59	1	1	0	31.899000	35.009799
עמדת טעינה מודיעין	מודיעין	מודיעין עמק החולה אמפיתאטרון	קווים		00:00-23:59|00:00-23:59|00:00-23:59|00:00-23:59|00:00-23:59|00:00-23:59|00:00-23:59	1	1	0	31.895792	35.016791
עמדת טעינה מודיעין	מודיעין	מודיעין עמק החולה 10	קווים		00:00-23:59|00:00-23:59|00:00-23:59|00:00-23:59|00:00-23:59|00:00-23:59|00:00-23:59	1	1	0	31.895333	35.022673
עמדת טעינה מודיעין	מודיעין	יצחק רבין 38 מודיעין	קווים		00:00-23:59|00:00-23:59|00:00-23:59|00:00-23:59|00:00-23:59|00:00-23:59|00:00-23:59	1	1	0	31.893398	35.003539
עמדת טעינה לוד	לוד	רחוב ארבע העונות 16 גני אביב	קווים		||||||	0	0	0	31.964400	34.900700
עמדת טעינה לוד	לוד	לוד תחנה מרכזית	קווים		00:00-23:59|00:00-23:59|00:00-23:59|00:00-23:59|00:00-23:59|00:00-23:59|00:00-23:59	0	1	0	31.956264	34.898033
עמדת טעינה לוד	לוד	שלמה המלך 27	קווים		00:00-23:59|00:00-23:59|00:00-23:59|00:00-23:59|00:00-23:59|00:00-23:59|00:00-23:59	0	1	0	31.947682	34.886438
עמדת טעינה לוד	לוד	לוד הנשיא 2	קווים		00:00-23:59|00:00-23:59|00:00-23:59|00:00-23:59|00:00-23:59|00:00-23:59|00:00-23:59	1	1	0	31.947249	34.892309
עמדת טעינה לוד	לוד	אבא הלל סילבר ליד התחנה	קווים		00:00-23:59|00:00-23:59|00:00-23:59|00:00-23:59|00:00-23:59|00:00-23:59|00:00-23:59	0	1	0	31.938353	34.850091
עמדת טעינה כפר יונה	כפר יונה	כפר יונה שרת 6	קווים		00:00-23:59|00:00-23:59|00:00-23:59|00:00-23:59|00:00-23:59|00:00-23:59|00:00-23:59	1	1	0	32.318185	34.934240
עמדת טעינה כפר יונה	כפר יונה	מול נחל פולג 33	קווים		00:00-23:59|00:00-23:59|00:00-23:59|00:00-23:59|00:00-23:59|00:00-23:59|00:00-23:59	1	1	0	32.310571	34.930085
עמדת טעינה כפר גליקסון	כפר גליקסון	בכניסה למזכירות כפר גליקסון	קווים		00:00-23:59|00:00-23:59|00:00-23:59|00:00-23:59|00:00-23:59|00:00-23:59|00:00-23:59	0	1	0	32.506402	35.005403
עמדת טעינה ירושלים	ירושלים	מחוץ לקניון פסגת זאב	קווים		00:00-23:59|00:00-23:59|00:00-23:59|00:00-23:59|00:00-23:59|00:00-23:59|00:00-23:59	0	1	0	31.824280	35.237117
עמדת טעינה ירושלים	ירושלים	שיבת ציון 10	קווים		00:00-23:59|00:00-23:59|00:00-23:59|00:00-23:59|00:00-23:59|00:00-23:59|00:00-23:59	1	1	0	31.815864	35.199863
עמדת טעינה ירושלים	ירושלים	קריית יערים בכיכר בכניסה למושב	קווים		00:00-23:59|00:00-23:59|00:00-23:59|00:00-23:59|00:00-23:59|00:00-23:59|00:00-23:59	1	1	0	31.802774	35.099945
עמדת טעינה ירושלים	ירושלים	גבעת התחמושת ליד תחנת רכבת קלה	קווים		00:00-23:59|00:00-23:59|00:00-23:59|00:00-23:59|00:00-23:59|00:00-23:59|00:00-23:59	0	1	0	31.799032	35.232059
עמדת טעינה ירושלים	ירושלים	בר אילן 12	קווים		00:00-23:59|00:00-23:59|00:00-23:59|00:00-23:59|00:00-23:59|00:00-23:59|00:00-23:59	0	1	0	31.795218	35.218611
עמדת טעינה ירושלים	ירושלים	האוניברסיטה העברית קמפוס ספרא	קווים		00:00-23:59|00:00-23:59|00:00-23:59|00:00-23:59|00:00-23:59|00:00-23:59|00:00-23:59	1	1	0	31.794558	35.241401
עמדת טעינה ירושלים	ירושלים	מלכי ישראל 38	קווים		00:00-23:59|00:00-23:59|00:00-23:59|00:00-23:59|00:00-23:59|00:00-23:59|00:00-23:59	1	1	0	31.790899	35.210628
עמדת טעינה ירושלים	ירושלים	יפו 213	קווים		00:00-23:59|00:00-23:59|00:00-23:59|00:00-23:59|00:00-23:59|00:00-23:59|00:00-23:59	0	1	0	31.788866	35.201882
עמדת טעינה ירושלים	ירושלים	מחנה יהודה פינת בית יעקוב בנק דיסקונט	קווים		00:00-23:59|00:00-23:59|00:00-23:59|00:00-23:59|00:00-23:59|00:00-23:59|00:00-23:59	0	1	0	31.785660	35.212068
עמדת טעינה ירושלים	ירושלים	יפו מול 97 פינת הנביאים	קווים		00:00-23:59|00:00-23:59|00:00-23:59|00:00-23:59|00:00-23:59|00:00-23:59|00:00-23:59	0	1	0	31.784294	35.214896
עמדת טעינה ירושלים	ירושלים	קינג גורג 1	קווים		00:00-23:59|00:00-23:59|00:00-23:59|00:00-23:59|00:00-23:59|00:00-23:59|00:00-23:59	0	1	0	31.783050	35.217809
עמדת טעינה ירושלים	ירושלים	הרצל 74	קווים		00:00-23:59|00:00-23:59|00:00-23:59|00:00-23:59|00:00-23:59|00:00-23:59|00:00-23:59	0	1	0	31.782992	35.190558
עמדת טעינה ירושלים	ירושלים	קריית המממשלה משרד התחבורה	קווים		00:00-23:59|00:00-23:59|00:00-23:59|00:00-23:59|00:00-23:59|00:00-23:59|00:00-23:59	1	1	0	31.782560	35.199636
עמדת טעינה ירושלים	ירושלים	הרצל 100	קווים		00:00-23:59|00:00-23:59|00:00-23:59|00:00-23:59|00:00-23:59|00:00-23:59|00:00-23:59	0	1	0	31.780296	35.188169
עמדת טעינה ירושלים	ירושלים	כיכר ספרא	קווים		00:00-23:59|00:00-23:59|00:00-23:59|00:00-23:59|00:00-23:59|00:00-23:59|00:00-23:59	0	1	0	31.780223	35.224045
עמדת טעינה ירושלים	ירושלים	הרצל 137	קווים		00:00-23:59|00:00-23:59|00:00-23:59|00:00-23:59|00:00-23:59|00:00-23:59|00:00-23:59	0	1	0	31.777009	35.186143
עמדת טעינה ירושלים	ירושלים	הכותל המערבי	קווים		00:00-23:59|00:00-23:59|00:00-23:59|00:00-23:59|00:00-23:59|00:00-23:59|00:00-23:59	1	1	0	31.776719	35.234508
עמדת טעינה ירושלים	ירושלים	הר הרצל כניסה שמאלית	קווים		00:00-23:59|00:00-23:59|00:00-23:59|00:00-23:59|00:00-23:59|00:00-23:59|00:00-23:59	0	1	0	31.774041	35.180371
עמדת טעינה ירושלים	ירושלים	דרך אגודת הספורט מכבי ירושלים	קווים		00:00-23:59|00:00-23:59|00:00-23:59|00:00-23:59|00:00-23:59|00:00-23:59|00:00-23:59	0	1	0	31.750690	35.187134
עמדת טעינה יהוד	יהוד	ויצמן 45	קווים		00:00-23:59|00:00-23:59|00:00-23:59|00:00-23:59|00:00-23:59|00:00-23:59|00:00-23:59	1	1	0	32.032872	34.892658
עמדת טעינה חריש	חריש	שדרות ההגשמה 28,בכניסה לסופר שווה	קווים		||||||	0	0	0	32.461900	35.041300
עמדת טעינה חריש	חריש	כניסה לסופר שווה	קווים		||||||	0	0	0	32.462000	35.041600
עמדת טעינה חריש	חריש	טורקיז 3	קווים		||||||	0	0	0	32.458900	35.036700
עמדת טעינה חדרה	חדרה	רש"י 21	קווים		||||||	0	0	0	32.438700	34.919600
עמדת טעינה חדרה	חדרה	קניון הווילג'	קווים		||||||	0	0	0	32.439900	34.906600
עמדת טעינה חדרה	חדרה	הנשיא 11	קווים		00:00-23:59|00:00-23:59|00:00-23:59|00:00-23:59|00:00-23:59|00:00-23:59|00:00-23:59	0	1	0	32.440556	34.917277
עמדת טעינה חדרה	חדרה	קניון לב חדרה	קווים		00:00-23:59|00:00-23:59|00:00-23:59|00:00-23:59|00:00-23:59|00:00-23:59|00:00-23:59	0	1	0	32.437894	34.921999
עמדת טעינה חדרה	חדרה	תחנה מרכזית סניף קווים	קווים		00:00-23:59|00:00-23:59|00:00-23:59|00:00-23:59|00:00-23:59|00:00-23:59|00:00-23:59	1	1	0	32.435379	34.914413
עמדת טעינה זכרון יעקב	זכרון יעקב	הנדיב 5	קווים		00:00-23:59|00:00-23:59|00:00-23:59|00:00-23:59|00:00-23:59|00:00-23:59|00:00-23:59	1	1	0	32.574187	34.952872
עמדת טעינה זכרון יעקב	זכרון יעקב	המייסדים 2	קווים		00:00-23:59|00:00-23:59|00:00-23:59|00:00-23:59|00:00-23:59|00:00-23:59|00:00-23:59	1	1	0	32.569371	34.954109
עמדת טעינה זכרון יעקב	זכרון יעקב	הדגן 2	קווים		00:00-23:59|00:00-23:59|00:00-23:59|00:00-23:59|00:00-23:59|00:00-23:59|00:00-23:59	0	1	0	32.568439	34.954749
עמדת טעינה הוד השרון	הוד השרון	כיכר מגדיאל סמוך לתחנת אוטובוס יהודה שוארמה	קווים		00:00-23:59|00:00-23:59|00:00-23:59|00:00-23:59|00:00-23:59|00:00-23:59|00:00-23:59	1	1	0	32.160430	34.902639
עמדת טעינה גבעת שמואל	גבעת שמואל	הזיתים 69	קווים		00:00-23:59|00:00-23:59|00:00-23:59|00:00-23:59|00:00-23:59|00:00-23:59|00:00-23:59	1	1	0	32.079442	34.852181
עמדת טעינה גבעת שמואל	גבעת שמואל	עיריית גבעת שמואל	קווים		00:00-23:59|00:00-23:59|00:00-23:59|00:00-23:59|00:00-23:59|00:00-23:59|00:00-23:59	1	1	0	32.078174	34.847340
עמדת טעינה גבעת שמואל	גבעת שמואל	מנחם בגין 17	קווים		00:00-23:59|00:00-23:59|00:00-23:59|00:00-23:59|00:00-23:59|00:00-23:59|00:00-23:59	1	1	0	32.076270	34.853622
עמדת טעינה גבעת עדה	גבעת עדה	חי פינת הזית גבעת עדה	קווים		00:00-23:59|00:00-23:59|00:00-23:59|00:00-23:59|00:00-23:59|00:00-23:59|00:00-23:59	0	1	0	32.516792	35.006229
עמדת טעינה בנימינה	בנימינה	בקניון ליד בית המרקחת	קווים		00:00-23:59|00:00-23:59|00:00-23:59|00:00-23:59|00:00-23:59|00:00-23:59|00:00-23:59	0	1	0	32.517664	34.940354
עמדת טעינה בני ברק	בני ברק	ירושלים 49	קווים		00:00-23:59|00:00-23:59|00:00-23:59|00:00-23:59|00:00-23:59|00:00-23:59|00:00-23:59	0	1	0	32.082960	34.828362
עמדת טעינה בני ברק	בני ברק	דמשק אליעזר 19	קווים		00:00-23:59|00:00-23:59|00:00-23:59|00:00-23:59|00:00-23:59|00:00-23:59|00:00-23:59	1	1	0	32.074857	34.837355
עמדת טעינה בני ברק	בני ברק	קובלסקי 3	קווים		00:00-23:59|00:00-23:59|00:00-23:59|00:00-23:59|00:00-23:59|00:00-23:59|00:00-23:59	1	1	0	32.097859	34.842698
עמדת טעינה בני ברק	בני ברק	צבי הרלונג 10	קווים		00:00-23:59|00:00-23:59|00:00-23:59|00:00-23:59|00:00-23:59|00:00-23:59|00:00-23:59	0	1	0	32.097106	34.838916
עמדת טעינה בני ברק	בני ברק	אהרונוביץ 12	קווים		00:00-23:59|00:00-23:59|00:00-23:59|00:00-23:59|00:00-23:59|00:00-23:59|00:00-23:59	1	1	0	32.090587	34.838853
עמדת טעינה בני ברק	בני ברק	רבי עקיבא 20	קווים		00:00-23:59|00:00-23:59|00:00-23:59|00:00-23:59|00:00-23:59|00:00-23:59|00:00-23:59	1	1	0	32.089587	34.826052
עמדת טעינה בני ברק	בני ברק	ארונוביץ 22	קווים		00:00-23:59|00:00-23:59|00:00-23:59|00:00-23:59|00:00-23:59|00:00-23:59|00:00-23:59	0	1	0	32.088086	34.838608
עמדת טעינה בני ברק	בני ברק	זבוטינסקי 90	קווים		00:00-23:59|00:00-23:59|00:00-23:59|00:00-23:59|00:00-23:59|00:00-23:59|00:00-23:59	0	1	0	32.087965	34.782569
עמדת טעינה בני ברק	בני ברק	זבוטינסקי 122	קווים		00:00-23:59|00:00-23:59|00:00-23:59|00:00-23:59|00:00-23:59|00:00-23:59|00:00-23:59	1	1	0	32.086840	34.788273
עמדת טעינה בני ברק	בני ברק	רבי עקיבא 115	קווים		00:00-23:59|00:00-23:59|00:00-23:59|00:00-23:59|00:00-23:59|00:00-23:59|00:00-23:59	0	1	0	32.085859	34.834911
עמדת טעינה בני ברק	בני ברק	רבי עקיבא 122	קווים		00:00-23:59|00:00-23:59|00:00-23:59|00:00-23:59|00:00-23:59|00:00-23:59|00:00-23:59	0	1	0	32.085674	34.834885
עמדת טעינה בני ברק	בני ברק	רבי עקיבא 133	קווים		00:00-23:59|00:00-23:59|00:00-23:59|00:00-23:59|00:00-23:59|00:00-23:59|00:00-23:59	0	1	0	32.085665	34.837320
עמדת טעינה בני ברק	בני ברק	הרב כהנמן 48	קווים		00:00-23:59|00:00-23:59|00:00-23:59|00:00-23:59|00:00-23:59|00:00-23:59|00:00-23:59	1	1	0	32.085400	34.839430
עמדת טעינה בני ברק	בני ברק	חזון איש 4	קווים		00:00-23:59|00:00-23:59|00:00-23:59|00:00-23:59|00:00-23:59|00:00-23:59|00:00-23:59	0	1	0	32.085202	34.836270
עמדת טעינה בני ברק	בני ברק	פוברוסקי 34	קווים		00:00-23:59|00:00-23:59|00:00-23:59|00:00-23:59|00:00-23:59|00:00-23:59|00:00-23:59	0	1	0	32.084527	34.842867
עמדת טעינה בני ברק	בני ברק	ירושלים 67	קווים		00:00-23:59|00:00-23:59|00:00-23:59|00:00-23:59|00:00-23:59|00:00-23:59|00:00-23:59	0	1	0	32.082731	34.826050
עמדת טעינה בני ברק	בני ברק	דסלר 3	קווים		00:00-23:59|00:00-23:59|00:00-23:59|00:00-23:59|00:00-23:59|00:00-23:59|00:00-23:59	0	1	0	32.082048	34.831476
עמדת טעינה בני ברק	בני ברק	חזון איש 38	קווים		00:00-23:59|00:00-23:59|00:00-23:59|00:00-23:59|00:00-23:59|00:00-23:59|00:00-23:59	1	1	0	32.081446	34.834534
עמדת טעינה בני ברק	בני ברק	עזרא 5	קווים		00:00-23:59|00:00-23:59|00:00-23:59|00:00-23:59|00:00-23:59|00:00-23:59|00:00-23:59	1	1	0	32.080944	34.840266
עמדת טעינה בני ברק	בני ברק	עזרא 28	קווים		00:00-23:59|00:00-23:59|00:00-23:59|00:00-23:59|00:00-23:59|00:00-23:59|00:00-23:59	1	1	0	32.079665	34.838401
עמדת טעינה בני ברק	בני ברק	חזון איש 63	קווים		00:00-23:59|00:00-23:59|00:00-23:59|00:00-23:59|00:00-23:59|00:00-23:59|00:00-23:59	0	1	0	32.078827	34.834103
עמדת טעינה בני ברק	בני ברק	חזון איש 54	קווים		00:00-23:59|00:00-23:59|00:00-23:59|00:00-23:59|00:00-23:59|00:00-23:59|00:00-23:59	1	1	0	32.078680	34.833294
עמדת טעינה בני ברק	בני ברק	הרב כהנמן 106	קווים		00:00-23:59|00:00-23:59|00:00-23:59|00:00-23:59|00:00-23:59|00:00-23:59|00:00-23:59	1	1	0	32.077300	34.842231
עמדת טעינה בני ברק	בני ברק	עזרא 45	קווים		00:00-23:59|00:00-23:59|00:00-23:59|00:00-23:59|00:00-23:59|00:00-23:59|00:00-23:59	1	1	0	32.076440	34.836083
עמדת טעינה בני ברק	בני ברק	נדבורנא 74	קווים		00:00-23:59|00:00-23:59|00:00-23:59|00:00-23:59|00:00-23:59|00:00-23:59|00:00-23:59	0	1	0	32.075948	34.833495
עמדת טעינה בני ברק	בני ברק	יצחק ניסים 20	קווים		00:00-23:59|00:00-23:59|00:00-23:59|00:00-23:59|00:00-23:59|00:00-23:59|00:00-23:59	1	1	0	32.073332	34.838847
עמדת טעינה בני ברק	בני ברק	קהלת יעקוב 72	קווים		00:00-23:59|00:00-23:59|00:00-23:59|00:00-23:59|00:00-23:59|00:00-23:59|00:00-23:59	1	1	0	32.071023	34.838290
עמדת טעינה ביתר עילית	ביתר עילית	פחד יצחק מול 27	קווים		||||||	0	0	0	31.695600	35.112900
עמדת טעינה ביתר עילית	ביתר עילית	הרב שך 78	קווים		||||||	0	0	0	31.694900	35.116100
עמדת טעינה ביתר עילית	ביתר עילית	הרב אלישיב מול 5	קווים		||||||	0	0	0	31.696600	35.118400
עמדת טעינה ביתר עילית	ביתר עילית	המגיד ממעזריטש 33	קווים		||||||	0	0	0	31.697800	35.113700
עמדת טעינה ביתר עילית	ביתר עילית	בן זכאי 11	קווים		||||||	0	0	0	31.698900	35.111500
עמדת טעינה ביתר עילית	ביתר עילית	אוהב ישראל/ אדמורי ויזניץ	קווים		||||||	0	0	0	31.699400	35.110200
עמדת טעינה ביתר עילית	ביתר עילית	אדמורי ויזניץ / כנסת יחזקאל	קווים		||||||	0	0	0	31.699800	35.109800
עמדת טעינה ביתר עילית	ביתר עילית	קדושת לוי 29	קווים		00:00-23:59|00:00-23:59|00:00-23:59|00:00-23:59|00:00-23:59|00:00-23:59|00:00-23:59	1	1	0	31.705988	35.118088
עמדת טעינה ביתר עילית	ביתר עילית	הרן 6	קווים		00:00-23:59|00:00-23:59|00:00-23:59|00:00-23:59|00:00-23:59|00:00-23:59|00:00-23:59	1	1	0	31.705051	35.116998
עמדת טעינה ביתר עילית	ביתר עילית	הרב ברים 4	קווים		00:00-23:59|00:00-23:59|00:00-23:59|00:00-23:59|00:00-23:59|00:00-23:59|00:00-23:59	1	1	0	31.704611	35.116995
עמדת טעינה ביתר עילית	ביתר עילית	קדושת לוי 47	קווים		00:00-23:59|00:00-23:59|00:00-23:59|00:00-23:59|00:00-23:59|00:00-23:59|00:00-23:59	1	1	0	31.704323	35.113700
עמדת טעינה ביתר עילית	ביתר עילית	המגיד ממעזריטש 22	קווים		00:00-23:59|00:00-23:59|00:00-23:59|00:00-23:59|00:00-23:59|00:00-23:59|00:00-23:59	1	1	0	31.702501	35.120590
עמדת טעינה ביתר עילית	ביתר עילית	קדושת לוי פינת הרב שך	קווים		00:00-23:59|00:00-23:59|00:00-23:59|00:00-23:59|00:00-23:59|00:00-23:59|00:00-23:59	1	1	0	31.702126	35.109512
עמדת טעינה ביתר עילית	ביתר עילית	חבד פינת המגיד ממעזריטש	קווים		00:00-23:59|00:00-23:59|00:00-23:59|00:00-23:59|00:00-23:59|00:00-23:59|00:00-23:59	1	1	0	31.700704	35.112705
עמדת טעינה ביתר עילית	ביתר עילית	הרב שך פינת הרב כדורי	קווים		00:00-23:59|00:00-23:59|00:00-23:59|00:00-23:59|00:00-23:59|00:00-23:59|00:00-23:59	1	1	0	31.700647	35.102237
עמדת טעינה ביתר עילית	ביתר עילית	קדושת לוי 109	קווים		00:00-23:59|00:00-23:59|00:00-23:59|00:00-23:59|00:00-23:59|00:00-23:59|00:00-23:59	1	1	0	31.699932	35.102775
עמדת טעינה ביתר עילית	ביתר עילית	ישמח ישראל 1	קווים		00:00-23:59|00:00-23:59|00:00-23:59|00:00-23:59|00:00-23:59|00:00-23:59|00:00-23:59	1	1	0	31.699861	35.107495
עמדת טעינה ביתר עילית	ביתר עילית	המגיד ממעזריטש 134	קווים		00:00-23:59|00:00-23:59|00:00-23:59|00:00-23:59|00:00-23:59|00:00-23:59|00:00-23:59	1	1	0	31.699793	35.108866
עמדת טעינה ביתר עילית	ביתר עילית	רבי עקיבא 38	קווים		00:00-23:59|00:00-23:59|00:00-23:59|00:00-23:59|00:00-23:59|00:00-23:59|00:00-23:59	1	1	0	31.699492	35.125357
עמדת טעינה ביתר עילית	ביתר עילית	דרכי איש 14	קווים		00:00-23:59|00:00-23:59|00:00-23:59|00:00-23:59|00:00-23:59|00:00-23:59|00:00-23:59	1	1	0	31.699081	35.102747
עמדת טעינה ביתר עילית	ביתר עילית	קדושת לוי פינת ברוק	קווים		00:00-23:59|00:00-23:59|00:00-23:59|00:00-23:59|00:00-23:59|00:00-23:59|00:00-23:59	1	1	0	31.698711	35.100933
עמדת טעינה ביתר עילית	ביתר עילית	רבי עקיבא 9	קווים		00:00-23:59|00:00-23:59|00:00-23:59|00:00-23:59|00:00-23:59|00:00-23:59|00:00-23:59	1	1	0	31.697635	35.122210
עמדת טעינה ביתר עילית	ביתר עילית	החוזה מלובלין פינת דרכי איש	קווים		00:00-23:59|00:00-23:59|00:00-23:59|00:00-23:59|00:00-23:59|00:00-23:59|00:00-23:59	1	1	0	31.697168	35.104474
עמדת טעינה ביתר עילית	ביתר עילית	רבי עקיבא 2	קווים		00:00-23:59|00:00-23:59|00:00-23:59|00:00-23:59|00:00-23:59|00:00-23:59|00:00-23:59	1	1	0	31.697090	35.121178
עמדת טעינה ביתר עילית	ביתר עילית	רבי נחמן מברסלב 2	קווים		00:00-23:59|00:00-23:59|00:00-23:59|00:00-23:59|00:00-23:59|00:00-23:59|00:00-23:59	1	1	0	31.696431	35.117491
עמדת טעינה ביתר עילית	ביתר עילית	כנסת מרדכי מול 5	קווים		00:00-23:59|00:00-23:59|00:00-23:59|00:00-23:59|00:00-23:59|00:00-23:59|00:00-23:59	1	1	0	31.696088	35.106192
עמדת טעינה ביתר עילית	ביתר עילית	הרב מוצפי מול 29	קווים		00:00-23:59|00:00-23:59|00:00-23:59|00:00-23:59|00:00-23:59|00:00-23:59|00:00-23:59	1	1	0	31.695394	35.103906
עמדת טעינה ביתר עילית	ביתר עילית	דרך הרמז פינת אגרות משה	קווים		00:00-23:59|00:00-23:59|00:00-23:59|00:00-23:59|00:00-23:59|00:00-23:59|00:00-23:59	1	1	0	31.695075	35.110435
עמדת טעינה ביתר עילית	ביתר עילית	רבי אלעזר המודעי 2	קווים		00:00-23:59|00:00-23:59|00:00-23:59|00:00-23:59|00:00-23:59|00:00-23:59|00:00-23:59	1	1	0	31.694808	35.118465
עמדת טעינה ביתר עילית	ביתר עילית	אבא שאול פינת דרך רמז	קווים		00:00-23:59|00:00-23:59|00:00-23:59|00:00-23:59|00:00-23:59|00:00-23:59|00:00-23:59	1	1	0	31.694250	35.104778
עמדת טעינה ביתר עילית	ביתר עילית	אש קדוש פינת הרב צדקה	קווים		00:00-23:59|00:00-23:59|00:00-23:59|00:00-23:59|00:00-23:59|00:00-23:59|00:00-23:59	1	1	0	31.692941	35.118199
עמדת טעינה ביתר עילית	ביתר עילית	הרב קעניג 5	קווים		00:00-23:59|00:00-23:59|00:00-23:59|00:00-23:59|00:00-23:59|00:00-23:59|00:00-23:59	1	1	0	31.692914	35.108548
עמדת טעינה ביתר עילית	ביתר עילית	נדבורנא 2	קווים		00:00-23:59|00:00-23:59|00:00-23:59|00:00-23:59|00:00-23:59|00:00-23:59|00:00-23:59	1	1	0	31.692229	35.109934
עמדת טעינה ביתר עילית	ביתר עילית	כף החיים פינת אגרות משה	קווים		00:00-23:59|00:00-23:59|00:00-23:59|00:00-23:59|00:00-23:59|00:00-23:59|00:00-23:59	1	1	0	31.691382	35.105865
עמדת טעינה ביתר עילית	ביתר עילית	הרב אויבראך 14	קווים		00:00-23:59|00:00-23:59|00:00-23:59|00:00-23:59|00:00-23:59|00:00-23:59|00:00-23:59	1	1	0	31.691182	35.115038
עמדת טעינה בית שמש	בית שמש	שפת אמת 4	קווים		00:00-23:59|00:00-23:59|00:00-23:59|00:00-23:59|00:00-23:59|00:00-23:59|00:00-23:59	1	1	0	31.741700	34.995019
עמדת טעינה בית שמש	בית שמש	חזון איש 32	קווים		00:00-23:59|00:00-23:59|00:00-23:59|00:00-23:59|00:00-23:59|00:00-23:59|00:00-23:59	1	1	0	31.737720	34.994214
עמדת טעינה בית שמש	בית שמש	נהר הירדן 38	קווים		00:00-23:59|00:00-23:59|00:00-23:59|00:00-23:59|00:00-23:59|00:00-23:59|00:00-23:59	1	1	0	31.728630	34.992875
עמדת טעינה בית שמש	בית שמש	נחל קישון 19	קווים		00:00-23:59|00:00-23:59|00:00-23:59|00:00-23:59|00:00-23:59|00:00-23:59|00:00-23:59	1	1	0	31.715231	34.989902
עמדת טעינה אשדוד	אשדוד	חטיבת הנגב 17	קווים		00:00-23:59|00:00-23:59|00:00-23:59|00:00-23:59|00:00-23:59|00:00-23:59|00:00-23:59	1	1	0	31.801976	34.664353
עמדת טעינה אשדוד	אשדוד	הפלמח 19 א	קווים		00:00-23:59|00:00-23:59|00:00-23:59|00:00-23:59|00:00-23:59|00:00-23:59|00:00-23:59	0	1	0	31.800079	34.663045
עמדת טעינה אשדוד	אשדוד	יהודה הנשיא מול 8	קווים		00:00-23:59|00:00-23:59|00:00-23:59|00:00-23:59|00:00-23:59|00:00-23:59|00:00-23:59	1	1	0	31.791612	34.665679
עמדת טעינה אשדוד	אשדוד	אליעזר בן הורקנוס 4	קווים		00:00-23:59|00:00-23:59|00:00-23:59|00:00-23:59|00:00-23:59|00:00-23:59|00:00-23:59	1	1	0	31.790563	34.660660
עמדת טעינה אשדוד	אשדוד	הרותם 29	קווים		00:00-23:59|00:00-23:59|00:00-23:59|00:00-23:59|00:00-23:59|00:00-23:59|00:00-23:59	1	1	0	31.789630	34.651635
עמדת טעינה אלעד	אלעד	רבי מאיר 7	קווים		||||||	0	0	0	32.049400	34.956300
עמדת טעינה אלעד	אלעד	רבי חייא 9 במתנ"ס	קווים		||||||	0	0	0	32.051000	34.954900
עמדת טעינה אלעד	אלעד	בן עוזיאל 34	קווים		||||||	0	0	0	32.048500	34.953800
עמדת טעינה אלעד	אלעד	בן זכאי 81	קווים		||||||	0	0	0	32.055200	34.950300
עמדת טעינה אלעד	אלעד	בן זכאי 32	קווים		||||||	0	0	0	32.052600	34.953000
עמדת טעינה אלעד	אלעד	אבטליון 8 מתנ"ס	קווים		||||||	0	0	0	32.047800	34.951600
עמדת טעינה אלעד	אלעד	יהודה נשיא 29	קווים		00:00-23:59|00:00-23:59|00:00-23:59|00:00-23:59|00:00-23:59|00:00-23:59|00:00-23:59	0	1	0	32.071543	34.905822
עמדת טעינה אלעד	אלעד	יהודה הנשיא 92	קווים		00:00-23:59|00:00-23:59|00:00-23:59|00:00-23:59|00:00-23:59|00:00-23:59|00:00-23:59	0	1	0	32.071481	34.907238
עמדת טעינה אלעד	אלעד	הריף 19	קווים		00:00-23:59|00:00-23:59|00:00-23:59|00:00-23:59|00:00-23:59|00:00-23:59|00:00-23:59	0	1	0	32.054305	34.962263
עמדת טעינה אלעד	אלעד	אבן גבירול 21	קווים		00:00-23:59|00:00-23:59|00:00-23:59|00:00-23:59|00:00-23:59|00:00-23:59|00:00-23:59	0	1	0	32.053862	34.960168
עמדת טעינה אלעד	אלעד	חוני המעגל 1	קווים		00:00-23:59|00:00-23:59|00:00-23:59|00:00-23:59|00:00-23:59|00:00-23:59|00:00-23:59	0	1	0	32.052790	34.945494
עמדת טעינה אלעד	אלעד	פנחס 24	קווים		00:00-23:59|00:00-23:59|00:00-23:59|00:00-23:59|00:00-23:59|00:00-23:59|00:00-23:59	0	1	0	32.051126	34.960287
עמדת טעינה אלעד	אלעד	סעדיה גאון 21	קווים		00:00-23:59|00:00-23:59|00:00-23:59|00:00-23:59|00:00-23:59|00:00-23:59|00:00-23:59	0	1	0	32.050054	34.962968
עמדת טעינה אלעד	אלעד	בעלי התוספות 23	קווים		00:00-23:59|00:00-23:59|00:00-23:59|00:00-23:59|00:00-23:59|00:00-23:59|00:00-23:59	0	1	0	32.048804	34.959552
עמדת טעינה אלעד	אלעד	אבטליון פינת רבי טרפון	קווים		00:00-23:59|00:00-23:59|00:00-23:59|00:00-23:59|00:00-23:59|00:00-23:59|00:00-23:59	0	1	0	32.048557	34.947212
עמדת טעינה אלעד	אלעד	בן זכאי מול 27	קווים		00:00-23:59|00:00-23:59|00:00-23:59|00:00-23:59|00:00-23:59|00:00-23:59|00:00-23:59	0	1	0	32.048178	34.952431
עמדת טעינה אלעד	אלעד	יוחנן בן זכאי 72	קווים		00:00-23:59|00:00-23:59|00:00-23:59|00:00-23:59|00:00-23:59|00:00-23:59|00:00-23:59	0	1	0	32.048041	34.962087
עמדת טעינה אלעד	אלעד	יוסי בן קיסמא 18	קווים		00:00-23:59|00:00-23:59|00:00-23:59|00:00-23:59|00:00-23:59|00:00-23:59|00:00-23:59	0	1	0	32.046115	34.956921
עמדת טעינה אליכין	אליכין	שבזי 35 ליד המועצה המקומית	קווים		00:00-23:59|00:00-23:59|00:00-23:59|00:00-23:59|00:00-23:59|00:00-23:59|00:00-23:59	0	1	0	32.408516	34.924613
עמדת טעינה אור עקיבא	אור עקיבא	הנשיא ויצמן 19	קווים		00:00-23:59|00:00-23:59|00:00-23:59|00:00-23:59|00:00-23:59|00:00-23:59|00:00-23:59	0	1	0	32.509974	34.919918
עמדת טעינה אור עקיבא	אור עקיבא	רוטשילד 2 ליד העירייה	קווים		00:00-23:59|00:00-23:59|00:00-23:59|00:00-23:59|00:00-23:59|00:00-23:59|00:00-23:59	1	1	0	32.507087	34.919294
עמדת טעינה אום אל פאחם	אום אל פאחם	מסוף תחבורה ציבורית	קווים		||||||	0	0	0	32.531700	35.149700
עמדת טעינה אוטומטית אשדוד קניון סיטי	אשדוד	שדרות מנחם בגין 1	מטרופולין		00:00-23:59|00:00-23:59|00:00-23:59|00:00-23:59|00:00-23:59|00:00-23:59|00:00-23:59	1	1	1	31.790742	34.639367
עמדת טעינה אוטומטית באר שבע תחנה מרכזית	באר שבע	דרך אילת 15	מטרופולין		00:00-23:59|00:00-23:59|00:00-23:59|00:00-23:59|00:00-23:59|00:00-23:59|00:00-23:59	1	1	1	31.243026	34.797233
עמדת טעינה אוטומטית באר שבע אוניברסיטת בן גוריון	באר שבע	שדרות בן גוריון 1	מטרופולין		00:00-23:59|00:00-23:59|00:00-23:59|00:00-23:59|00:00-23:59|00:00-23:59|00:00-23:59	1	1	1	31.261431	34.801743
עמדת טעינה אוטומטית באר שבע גראנד קניון	באר שבע	שדרות דוד טוביהו 125	מטרופולין		00:00-23:59|00:00-23:59|00:00-23:59|00:00-23:59|00:00-23:59|00:00-23:59|00:00-23:59	0	1	1	31.250645	34.773851
עמדת טעינה אוטומטית הרצליה צמוד לעמדת על הקו	הרצליה	שדרות בן גוריון 2	מטרופולין		00:00-23:59|00:00-23:59|00:00-23:59|00:00-23:59|00:00-23:59|00:00-23:59|00:00-23:59	0	1	1	32.166586	34.842243
עמדת טעינה אוטומטית דימונה תחנה מרכזית	דימונה	שדרות הרצל 295	מטרופולין		00:00-23:59|00:00-23:59|00:00-23:59|00:00-23:59|00:00-23:59|00:00-23:59|00:00-23:59	1	1	1	31.067893	35.034717
עמדת טעינה אוטומטית כסייפה בניין המועצה	כסייפה	בניין המועצה	מטרופולין		00:00-23:59|00:00-23:59|00:00-23:59|00:00-23:59|00:00-23:59|00:00-23:59|00:00-23:59	0	1	1	31.244468	35.094073
עמדת טעינה אוטומטית מיתר מרכז מסחרי	מיתר	שדרות עומרים, פינת שדרות המייסדים	מטרופולין		00:00-23:59|00:00-23:59|00:00-23:59|00:00-23:59|00:00-23:59|00:00-23:59|00:00-23:59	0	1	1	31.327410	34.940366
עמדת טעינה אוטומטית מצפה רמון מתנס	מצפה רמון	שדרות דוד בן גוריון 12	מטרופולין		00:00-23:59|00:00-23:59|00:00-23:59|00:00-23:59|00:00-23:59|00:00-23:59|00:00-23:59	0	1	1	30.611511	34.804784
עמדת טעינה אוטומטית נתיבות מרכז מסחרי	נתיבות	מרכז מסחרי	מטרופולין		00:00-23:59|00:00-23:59|00:00-23:59|00:00-23:59|00:00-23:59|00:00-23:59|00:00-23:59	1	1	1	31.418491	34.601415
עמדת טעינה אוטומטית עומר מרכז מסחרי	עומר	מרכז מסחרי	מטרופולין		00:00-23:59|00:00-23:59|00:00-23:59|00:00-23:59|00:00-23:59|00:00-23:59|00:00-23:59	0	1	1	31.274696	34.876569
עמדת טעינה אוטומטית ערד תחנה מרכזית ליד עמדת על הקו	ערד	רחוב יהודה פינת רחוב ירושלים	מטרופולין		00:00-23:59|00:00-23:59|00:00-23:59|00:00-23:59|00:00-23:59|00:00-23:59|00:00-23:59	1	1	1	31.256472	35.212671
עמדת טעינה אוטומטית ראשון לציון תחנה מרכזית	ראשון לציון	רחוב גולדה מאיר 1	מטרופולין		00:00-23:59|00:00-23:59|00:00-23:59|00:00-23:59|00:00-23:59|00:00-23:59|00:00-23:59	0	1	1	31.967533	34.788732
עמדת טעינה אוטומטית רחובות תחנה מרכזית	רחובות	רחוב בילו 2	מטרופולין		00:00-23:59|00:00-23:59|00:00-23:59|00:00-23:59|00:00-23:59|00:00-23:59|00:00-23:59	0	1	1	31.893771	34.809305
עמדת טעינה אוטומטית רעננה קניון רננים קומת קרקע	רעננה	רחוב המלאכה 2	מטרופולין		00:00-23:59|00:00-23:59|00:00-23:59|00:00-23:59|00:00-23:59|00:00-23:59|00:00-23:59	0	1	1	32.198033	34.882649
עמדת טעינה אוטומטית תל אביב- יפו תחנה מרכזית קומה 6 מול הרציפים	תל אביב-יפו	רחוב לוינסקי 108	מטרופולין		00:00-23:59|00:00-23:59|00:00-23:59|00:00-23:59|00:00-23:59|00:00-23:59|00:00-23:59	1	1	1	32.056082	34.781718
בניין מזכירות המועצה	אבן מנחם	בניין מזכירות המועצה	נתיב קספרס		00:00-23:59|00:00-23:59|00:00-23:59|00:00-23:59|00:00-23:59|00:00-23:59|00:00-23:59	0	1	0	33.074200	35.295400
בניין מזכירות המועצה	איילת השחר	בניין מזכירות המועצה	נתיב קספרס		00:00-23:59|00:00-23:59|00:00-23:59|00:00-23:59|00:00-23:59|00:00-23:59|00:00-23:59	0	1	0	33.021360	35.575400
ליד בנק מרכנתיל	אעבלין	ליד בנק מרכנתיל	נתיב קספרס		00:00-23:59|00:00-23:59|00:00-23:59|00:00-23:59|00:00-23:59|00:00-23:59|00:00-23:59	1	1	0	32.825830	35.189370
מרכז הכפר	ביר אלמכסור	מרכז הכפר	נתיב קספרס		00:00-23:59|00:00-23:59|00:00-23:59|00:00-23:59|00:00-23:59|00:00-23:59|00:00-23:59	0	1	0	32.775412	35.221555
מועצה מקומית	בית גאן	מועצה מקומית	נתיב קספרס		00:00-23:59|00:00-23:59|00:00-23:59|00:00-23:59|00:00-23:59|00:00-23:59|00:00-23:59	1	1	0	32.965220	35.379310
חזון איש	בני ברק	חזון איש	נתיב קספרס		00:00-23:59|00:00-23:59|00:00-23:59|00:00-23:59|00:00-23:59|00:00-23:59|00:00-23:59	1	1	0	32.073180	35.833070
מועצה מקומית	גוש חלב	מועצה מקומית	נתיב קספרס		00:00-23:59|00:00-23:59|00:00-23:59|00:00-23:59|00:00-23:59|00:00-23:59|00:00-23:59	0	1	0	33.021710	35.446780
קניון סאלח דבאח	דיר אל אסד	קניון סאלח דבאח	נתיב קספרס		00:00-23:59|00:00-23:59|00:00-23:59|00:00-23:59|00:00-23:59|00:00-23:59|00:00-23:59	1	1	0	32.924200	35.276800
ביג פארם	דיר חנא	ביג פארם	נתיב קספרס		00:00-23:59|00:00-23:59|00:00-23:59|00:00-23:59|00:00-23:59|00:00-23:59|00:00-23:59	0	1	0	32.862100	35.369900
בית הסטודנט	הטכניון	בית הסטודנט	נתיב קספרס		00:00-23:59|00:00-23:59|00:00-23:59|00:00-23:59|00:00-23:59|00:00-23:59|00:00-23:59	1	1	0	32.776620	35.022800
חורפיש	חורפש	חורפיש	נתיב קספרס		00:00-23:59|00:00-23:59|00:00-23:59|00:00-23:59|00:00-23:59|00:00-23:59|00:00-23:59	1	1	0	33.015940	35.349160
מרכזית המפרץ	חיפה	מרכזית המפרץ	נתיב קספרס		00:00-23:59|00:00-23:59|00:00-23:59|00:00-23:59|00:00-23:59|00:00-23:59|00:00-23:59	1	1	0	32.792985	35.034193
המרכז המסחרי	חצור	המרכז המסחרי	נתיב קספרס		00:00-23:59|00:00-23:59|00:00-23:59|00:00-23:59|00:00-23:59|00:00-23:59|00:00-23:59	1	1	0	32.981780	35.544440
הקריה החסידית	חצור	הקריה החסידית	נתיב קספרס		00:00-23:59|00:00-23:59|00:00-23:59|00:00-23:59|00:00-23:59|00:00-23:59|00:00-23:59	1	1	0	32.984860	35.547940
חצור גלילית במסוף	חצור	חצור גלילית במסוף	נתיב קספרס		00:00-23:59|00:00-23:59|00:00-23:59|00:00-23:59|00:00-23:59|00:00-23:59|00:00-23:59	0	1	0	32.980800	35.555700
חגאזי טרוול	טמרה	חגאזי טרוול	נתיב קספרס		00:00-23:59|00:00-23:59|00:00-23:59|00:00-23:59|00:00-23:59|00:00-23:59|00:00-23:59	1	1	0	32.855800	35.196900
מרכז העיר - חנות אסראר אל גאמל	טמרה	מרכז העיר - חנות אסראר אל גאמל	נתיב קספרס		00:00-23:59|00:00-23:59|00:00-23:59|00:00-23:59|00:00-23:59|00:00-23:59|00:00-23:59	0	1	0	32.853800	35.188200
קניון טמרה החדש	טמרה	קניון טמרה החדש	נתיב קספרס		00:00-23:59|00:00-23:59|00:00-23:59|00:00-23:59|00:00-23:59|00:00-23:59|00:00-23:59	1	1	0	32.856300	35.178800
בכניסה לכפר ינוח	ינוח גת	בכניסה לכפר ינוח	נתיב קספרס		00:00-23:59|00:00-23:59|00:00-23:59|00:00-23:59|00:00-23:59|00:00-23:59|00:00-23:59	1	1	0	32.982200	35.252500
כניסה לכפר	ינוח גת	כניסה לכפר	נתיב קספרס		00:00-23:59|00:00-23:59|00:00-23:59|00:00-23:59|00:00-23:59|00:00-23:59|00:00-23:59	0	1	0	32.975200	35.233400
ליד הסופר	יערה	ליד הסופר	נתיב קספרס		00:00-23:59|00:00-23:59|00:00-23:59|00:00-23:59|00:00-23:59|00:00-23:59|00:00-23:59	0	1	0	33.067600	35.188200
ירכא מועצה	ירכא	מועצה	נתיב קספרס		00:00-23:59|00:00-23:59|00:00-23:59|00:00-23:59|00:00-23:59|00:00-23:59|00:00-23:59	0	1	0	32.954660	35.215140
כאבול	כאבול	כאבול	נתיב קספרס		00:00-23:59|00:00-23:59|00:00-23:59|00:00-23:59|00:00-23:59|00:00-23:59|00:00-23:59	1	1	0	32.869350	35.202160
תחנת דלק סונול	כאוכב	תחנת דלק סונול	נתיב קספרס		00:00-23:59|00:00-23:59|00:00-23:59|00:00-23:59|00:00-23:59|00:00-23:59|00:00-23:59	1	1	0	32.836470	35.248050
מועצה מקומית	כיסרא סמיע	מועצה מקומית	נתיב קספרס		00:00-23:59|00:00-23:59|00:00-23:59|00:00-23:59|00:00-23:59|00:00-23:59|00:00-23:59	1	1	0	32.962400	35.303100
בניין מזכירות המועצה	כפר הנשיא	בניין מזכירות המועצה	נתיב קספרס		00:00-23:59|00:00-23:59|00:00-23:59|00:00-23:59|00:00-23:59|00:00-23:59|00:00-23:59	0	1	0	32.974850	35.603800
כפר ורדים מרכז מועצה מקומית	כפר ורדים	כפר ורדים מרכז מועצה מקומית	נתיב קספרס		00:00-23:59|00:00-23:59|00:00-23:59|00:00-23:59|00:00-23:59|00:00-23:59|00:00-23:59	1	1	0	32.995710	35.275710
צומת המפה	כפר ורדים	צומת המפה	נתיב קספרס		00:00-23:59|00:00-23:59|00:00-23:59|00:00-23:59|00:00-23:59|00:00-23:59|00:00-23:59	0	1	0	32.993630	35.277930
בנק מרכנתיל	כפר יאסיף	בנק מרכנתיל	נתיב קספרס		00:00-23:59|00:00-23:59|00:00-23:59|00:00-23:59|00:00-23:59|00:00-23:59|00:00-23:59	1	1	0	32.957400	35.159900
ספריית אלמעתז	כפר מנדא	ספריית אלמעתז	נתיב קספרס		00:00-23:59|00:00-23:59|00:00-23:59|00:00-23:59|00:00-23:59|00:00-23:59|00:00-23:59	1	1	0	32.807570	35.259840
ביג כרמיאל	כרמיאל	ביג כרמיאל	נתיב קספרס		00:00-23:59|00:00-23:59|00:00-23:59|00:00-23:59|00:00-23:59|00:00-23:59|00:00-23:59	0	1	0	32.927400	35.323900
מכללת אורט בראודה	כרמיאל	מכללת אורט בראודה	נתיב קספרס		00:00-23:59|00:00-23:59|00:00-23:59|00:00-23:59|00:00-23:59|00:00-23:59|00:00-23:59	1	1	0	32.913376	35.282287
קניון לב כרמיאל	כרמיאל	קניון לב כרמיאל	נתיב קספרס		00:00-23:59|00:00-23:59|00:00-23:59|00:00-23:59|00:00-23:59|00:00-23:59|00:00-23:59	0	1	0	32.907997	35.294163
תחנה מרכזית	כרמיאל	תחנה מרכזית	נתיב קספרס		00:00-23:59|00:00-23:59|00:00-23:59|00:00-23:59|00:00-23:59|00:00-23:59|00:00-23:59	1	1	0	32.922900	35.299800
במרכז הכפר ליד הדואר	מגד אלכרום	במרכז הכפר ליד הדואר	נתיב קספרס		00:00-23:59|00:00-23:59|00:00-23:59|00:00-23:59|00:00-23:59|00:00-23:59|00:00-23:59	1	1	0	32.919969	35.250024
מועצה מקומית מזרעה	מזרעה	מועצה מקומית מזרעה	נתיב קספרס		00:00-23:59|00:00-23:59|00:00-23:59|00:00-23:59|00:00-23:59|00:00-23:59|00:00-23:59	1	1	0	32.983350	35.097110
המועצה הדתית	מירון	המועצה הדתית	נתיב קספרס		00:00-23:59|00:00-23:59|00:00-23:59|00:00-23:59|00:00-23:59|00:00-23:59|00:00-23:59	1	1	0	32.987600	35.441400
מועצה אזורית	מעלה יוסף	מועצה אזורית	נתיב קספרס		00:00-23:59|00:00-23:59|00:00-23:59|00:00-23:59|00:00-23:59|00:00-23:59|00:00-23:59	0	1	0	33.061800	35.247100
זבוטינסקי מול מרכז המסחרי	מעלות	זבוטינסקי מול מרכז המסחרי	נתיב קספרס		00:00-23:59|00:00-23:59|00:00-23:59|00:00-23:59|00:00-23:59|00:00-23:59|00:00-23:59	1	1	0	33.015400	35.282100
זבוטינסקי פינת בן גוריון	מעלות	זבוטינסקי פינת בן גוריון	נתיב קספרס		00:00-23:59|00:00-23:59|00:00-23:59|00:00-23:59|00:00-23:59|00:00-23:59|00:00-23:59	0	1	0	33.012500	35.284500
צים סנטר	מעלות	צים סנטר	נתיב קספרס		00:00-23:59|00:00-23:59|00:00-23:59|00:00-23:59|00:00-23:59|00:00-23:59|00:00-23:59	0	1	0	33.021600	35.280300
שדרות ירושלים - קניון רקפות	מעלות	שדרות ירושלים - קניון רקפות	נתיב קספרס		00:00-23:59|00:00-23:59|00:00-23:59|00:00-23:59|00:00-23:59|00:00-23:59|00:00-23:59	0	1	0	33.021500	35.285300
עסי סנטר	מעלות תרשיחא	עסי סנטר	נתיב קספרס		00:00-23:59|00:00-23:59|00:00-23:59|00:00-23:59|00:00-23:59|00:00-23:59|00:00-23:59	0	1	0	33.021400	35.262800
מועצה אזורית	משגב	מועצה אזורית	נתיב קספרס		00:00-23:59|00:00-23:59|00:00-23:59|00:00-23:59|00:00-23:59|00:00-23:59|00:00-23:59	0	1	0	32.858500	35.260800
נהריה	נהריה	ביג רגבה	נתיב קספרס		00:00-23:59|00:00-23:59|00:00-23:59|00:00-23:59|00:00-23:59|00:00-23:59|00:00-23:59	0	1	0	32.973100	35.094500
נהריה	נהריה	שדרות הגעתון	נתיב קספרס		00:00-23:59|00:00-23:59|00:00-23:59|00:00-23:59|00:00-23:59|00:00-23:59|00:00-23:59	0	1	0	32.006140	35.095610
שופרסל לוחמי הגטאות	נהריה	שופרסל לוחמי הגטאות	נתיב קספרס		00:00-23:59|00:00-23:59|00:00-23:59|00:00-23:59|00:00-23:59|00:00-23:59|00:00-23:59	0	1	0	33.001100	35.097300
תחנה מרכזית נהריה	נהריה	תחנה מרכזית נהריה	נתיב קספרס		00:00-23:59|00:00-23:59|00:00-23:59|00:00-23:59|00:00-23:59|00:00-23:59|00:00-23:59	1	1	0	33.005750	35.096870
מרכז הישוב	נטועה	מרכז הישוב	נתיב קספרס		00:00-23:59|00:00-23:59|00:00-23:59|00:00-23:59|00:00-23:59|00:00-23:59|00:00-23:59	0	1	0	33.063500	35.322200
קריית צאנז	נתניה	קריית צאנז	נתיב קספרס		00:00-23:59|00:00-23:59|00:00-23:59|00:00-23:59|00:00-23:59|00:00-23:59|00:00-23:59	1	1	0	32.342610	34.858550
עיריית סכנין	סכנין	עיריית סכנין	נתיב קספרס		00:00-23:59|00:00-23:59|00:00-23:59|00:00-23:59|00:00-23:59|00:00-23:59|00:00-23:59	0	1	0	32.860100	35.304100
קניון עומר אל מוכתר	סכנין	קניון עומר אל מוכתר	נתיב קספרס		00:00-23:59|00:00-23:59|00:00-23:59|00:00-23:59|00:00-23:59|00:00-23:59|00:00-23:59	0	1	0	32.860200	35.311800
קופת חולים מאוחדת בן עמי 32	עכו	קופת חולים מאוחדת בן עמי 32	נתיב קספרס		00:00-23:59|00:00-23:59|00:00-23:59|00:00-23:59|00:00-23:59|00:00-23:59|00:00-23:59	0	1	0	32.926300	35.075700
בית המשפט לשלום	עכו	בית המשפט לשלום	נתיב קספרס		00:00-23:59|00:00-23:59|00:00-23:59|00:00-23:59|00:00-23:59|00:00-23:59|00:00-23:59	0	1	0	32.924000	35.078100
המכללה גליל מערבי	עכו	המכללה גליל מערבי	נתיב קספרס		00:00-23:59|00:00-23:59|00:00-23:59|00:00-23:59|00:00-23:59|00:00-23:59|00:00-23:59	1	1	0	32.939910	35.086320
הקניון הישן	עכו	הקניון הישן	נתיב קספרס		00:00-23:59|00:00-23:59|00:00-23:59|00:00-23:59|00:00-23:59|00:00-23:59|00:00-23:59	0	1	0	32.920600	35.091800
ישיבת ההסדר רחוב דושנצקי	עכו	ישיבת ההסדר רחוב דושנצקי	נתיב קספרס		00:00-23:59|00:00-23:59|00:00-23:59|00:00-23:59|00:00-23:59|00:00-23:59|00:00-23:59	1	1	0	32.932100	35.088800
מרכז מסחרי שפירא	עכו	מרכז מסחרי שפירא	נתיב קספרס		00:00-23:59|00:00-23:59|00:00-23:59|00:00-23:59|00:00-23:59|00:00-23:59|00:00-23:59	0	1	0	32.937950	35.078220
נחליאלי 12	עכו	נחליאלי 12	נתיב קספרס		00:00-23:59|00:00-23:59|00:00-23:59|00:00-23:59|00:00-23:59|00:00-23:59|00:00-23:59	0	1	0	32.941770	35.079770
עזריאלי	עכו	עזריאלי	נתיב קספרס		00:00-23:59|00:00-23:59|00:00-23:59|00:00-23:59|00:00-23:59|00:00-23:59|00:00-23:59	0	1	0	32.923400	35.082200
עיריית עכו	עכו	עיריית עכו	נתיב קספרס		00:00-23:59|00:00-23:59|00:00-23:59|00:00-23:59|00:00-23:59|00:00-23:59|00:00-23:59	1	1	0	32.929310	35.072930
תחנה מרכזית	עכו	תחנה מרכזית	נתיב קספרס		00:00-23:59|00:00-23:59|00:00-23:59|00:00-23:59|00:00-23:59|00:00-23:59|00:00-23:59	1	1	0	32.927320	35.079570
מרכז רפואי אלאמל	עראבה	מרכז רפואי אלאמל	נתיב קספרס		00:00-23:59|00:00-23:59|00:00-23:59|00:00-23:59|00:00-23:59|00:00-23:59|00:00-23:59	1	1	0	32.856500	35.335300
בתחנה	פסוטה	בתחנה	נתיב קספרס		00:00-23:59|00:00-23:59|00:00-23:59|00:00-23:59|00:00-23:59|00:00-23:59|00:00-23:59	1	1	0	33.046900	35.311300
במרכז ליד המועצה	פקיעין	במרכז ליד המועצה	נתיב קספרס		00:00-23:59|00:00-23:59|00:00-23:59|00:00-23:59|00:00-23:59|00:00-23:59|00:00-23:59	1	1	0	32.980741	35.331675
קופת חולים מאוחדת צהל	צפת	קופת חולים מאוחדת צהל	נתיב קספרס		00:00-23:59|00:00-23:59|00:00-23:59|00:00-23:59|00:00-23:59|00:00-23:59|00:00-23:59	0	1	0	32.964770	35.492080
בית חולים זיו	צפת	בית חולים זיו	נתיב קספרס		00:00-23:59|00:00-23:59|00:00-23:59|00:00-23:59|00:00-23:59|00:00-23:59|00:00-23:59	1	1	0	32.954870	35.492170
הנשרים שכונת איבקור סופר מרקט	צפת	הנשרים שכונה איבקור סופר מרקט	נתיב קספרס		00:00-23:59|00:00-23:59|00:00-23:59|00:00-23:59|00:00-23:59|00:00-23:59|00:00-23:59	1	1	0	32.982440	35.508210
מכללת צפת	צפת	מכללת צפת	נתיב קספרס		00:00-23:59|00:00-23:59|00:00-23:59|00:00-23:59|00:00-23:59|00:00-23:59|00:00-23:59	1	1	0	32.971510	35.494390
מנחם בגין	צפת	מנחם בגין	נתיב קספרס		00:00-23:59|00:00-23:59|00:00-23:59|00:00-23:59|00:00-23:59|00:00-23:59|00:00-23:59	0	1	0	32.966510	35.499140
מרכז צליל	צפת	מרכז צליל	נתיב קספרס		00:00-23:59|00:00-23:59|00:00-23:59|00:00-23:59|00:00-23:59|00:00-23:59|00:00-23:59	0	1	0	32.965900	35.495300
מרכז תרבות יגאל אלון	צפת	מרכז תרבות יגאל אלון	נתיב קספרס		00:00-23:59|00:00-23:59|00:00-23:59|00:00-23:59|00:00-23:59|00:00-23:59|00:00-23:59	1	1	0	32.963800	35.495900
נוף כינרת	צפת	נוף כינרת	נתיב קספרס		00:00-23:59|00:00-23:59|00:00-23:59|00:00-23:59|00:00-23:59|00:00-23:59|00:00-23:59	0	1	0	32.954350	35.531080
עיריית צפת	צפת	עיריית צפת	נתיב קספרס		00:00-23:59|00:00-23:59|00:00-23:59|00:00-23:59|00:00-23:59|00:00-23:59|00:00-23:59	1	1	0	32.968830	35.493110
קניון שערי העיר	צפת	קניון שערי העיר	נתיב קספרס		00:00-23:59|00:00-23:59|00:00-23:59|00:00-23:59|00:00-23:59|00:00-23:59|00:00-23:59	0	1	0	32.971880	35.505130
שופרסל וייצמן	צפת	שופרסל וייצמן	נתיב קספרס		00:00-23:59|00:00-23:59|00:00-23:59|00:00-23:59|00:00-23:59|00:00-23:59|00:00-23:59	0	1	0	32.957600	35.498300
תחנה מרכזית צפת	צפת	תחנה מרכזית צפת	נתיב קספרס		00:00-23:59|00:00-23:59|00:00-23:59|00:00-23:59|00:00-23:59|00:00-23:59|00:00-23:59	1	1	0	32.969980	35.497250
בניין מזכירות המועצה	קיבוץ חניתה	בניין מזכירות המועצה	נתיב קספרס		00:00-23:59|00:00-23:59|00:00-23:59|00:00-23:59|00:00-23:59|00:00-23:59|00:00-23:59	0	1	0	33.086500	35.173700
מכללת תל חי מזרח	קריית שמונה	מכללת תל חי מזרח	נתיב קספרס		00:00-23:59|00:00-23:59|00:00-23:59|00:00-23:59|00:00-23:59|00:00-23:59|00:00-23:59	1	1	0	33.234970	35.577720
מכללת תל חי מערב	קריית שמונה	מכללת תל חי מערב	נתיב קספרס		00:00-23:59|00:00-23:59|00:00-23:59|00:00-23:59|00:00-23:59|00:00-23:59|00:00-23:59	1	1	0	33.234900	35.577800
מתחם ביג	קריית שמונה	מתחם ביג	נתיב קספרס		00:00-23:59|00:00-23:59|00:00-23:59|00:00-23:59|00:00-23:59|00:00-23:59|00:00-23:59	0	1	0	33.192120	35.570360
קניון נחמיה	קריית שמונה	קניון נחמיה	נתיב קספרס		00:00-23:59|00:00-23:59|00:00-23:59|00:00-23:59|00:00-23:59|00:00-23:59|00:00-23:59	0	1	0	33.221184	35.575230
תחנה מרכזית	קריית שמונה	תחנה מרכזית	נתיב קספרס		00:00-23:59|00:00-23:59|00:00-23:59|00:00-23:59|00:00-23:59|00:00-23:59|00:00-23:59	0	1	0	33.209510	35.569110
ראמה	ראמה	ראמה	נתיב קספרס		00:00-23:59|00:00-23:59|00:00-23:59|00:00-23:59|00:00-23:59|00:00-23:59|00:00-23:59	1	1	0	32.936000	35.365500
קניון חאן	ראש פינה	קניון חאן	נתיב קספרס		00:00-23:59|00:00-23:59|00:00-23:59|00:00-23:59|00:00-23:59|00:00-23:59|00:00-23:59	0	1	0	32.969330	35.544720
תחנה מרכזית ראש פינה	ראש פינה	תחנה מרכזית ראש פינה	נתיב קספרס		00:00-23:59|00:00-23:59|00:00-23:59|00:00-23:59|00:00-23:59|00:00-23:59|00:00-23:59	1	1	0	32.968380	35.549300
מכללת ארז	שלומי	מכללת ארז	נתיב קספרס		00:00-23:59|00:00-23:59|00:00-23:59|00:00-23:59|00:00-23:59|00:00-23:59|00:00-23:59	0	1	0	33.077200	35.144200
מסוף התחבורה החדש	שלומי	מסוף התחבורה החדש	נתיב קספרס		00:00-23:59|00:00-23:59|00:00-23:59|00:00-23:59|00:00-23:59|00:00-23:59|00:00-23:59	1	1	0	33.075900	35.143200
קופת חולים כללית הרב עוזיאל	שלומי	קופת חולים כללית הרב עוזיאל	נתיב קספרס		00:00-23:59|00:00-23:59|00:00-23:59|00:00-23:59|00:00-23:59|00:00-23:59|00:00-23:59	1	1	0	33.073310	35.142820
רחוב בן גוריון	שלומי	רחוב בן גוריון	נתיב קספרס		00:00-23:59|00:00-23:59|00:00-23:59|00:00-23:59|00:00-23:59|00:00-23:59|00:00-23:59	0	1	0	33.069100	35.145300
שכונת שלומית תיבות הדואר	שלומי	שכונת שלומית תיבות הדואר	נתיב קספרס		00:00-23:59|00:00-23:59|00:00-23:59|00:00-23:59|00:00-23:59|00:00-23:59|00:00-23:59	0	1	0	33.079200	35.153200
כיבוי אש	שפרעם	כיבוי אש	נתיב קספרס		00:00-23:59|00:00-23:59|00:00-23:59|00:00-23:59|00:00-23:59|00:00-23:59|00:00-23:59	1	1	0	32.811480	35.164500
מכולת אבו עלי	שפרעם	מכולת אבו עלי	נתיב קספרס		00:00-23:59|00:00-23:59|00:00-23:59|00:00-23:59|00:00-23:59|00:00-23:59|00:00-23:59	1	1	0	32.805300	35.163700
מרכז העיר	שפרעם	מרכז העיר	נתיב קספרס		00:00-23:59|00:00-23:59|00:00-23:59|00:00-23:59|00:00-23:59|00:00-23:59|00:00-23:59	1	1	0	32.803420	35.173810
משרד נתיב	שפרעם	משרד נתיב	נתיב קספרס		00:00-23:59|00:00-23:59|00:00-23:59|00:00-23:59|00:00-23:59|00:00-23:59|00:00-23:59	1	1	0	32.170100	35.170100
עין עאפיה	שפרעם	עין עאפיה	נתיב קספרס		00:00-23:59|00:00-23:59|00:00-23:59|00:00-23:59|00:00-23:59|00:00-23:59|00:00-23:59	0	1	0	32.809499	35.181800
קניון תרשיחא	תרשיחא	קניון תרשיחא	נתיב קספרס		00:00-23:59|00:00-23:59|00:00-23:59|00:00-23:59|00:00-23:59|00:00-23:59|00:00-23:59	0	1	0	33.013800	35.267300
מכללת אורנים	אורנים	אגודת הסטודנטים בניין קרפדה			||||||	1	1	0	32.711249	35.109584
מכללת אלקסאמי	באקה אל גראביה	מכללת אלקסאמי כניסה ראשית			||||||	0	1	0	32.794720	34.989234
מכללת תילתן	חיפה	העצמאות 65 חיפה			||||||	0	1	0	32.821054	34.997366
מכללת שנקר	רמת גן	אנה פרנק, 12			||||||	0	1	0	32.089802	34.802765
מכללת שנקר	רמת גן	אנה פרנק 12			||||||	1	1	0	32.075887	34.823821
	ירושלים	בית הדפוס, 28			||||||	0	1	0	31.786096	35.182988
סמינר בית חנה	נתניה	רבי מאיר 11			||||||	0	1	0	32.343984	34.859756
משרדי הישוב נוקדים	נוקדים	משרדי הישוב נוקדים			||||||	0	1	0	31.645008	35.243071
סמינר גור בני ברק	בני ברק	הרב הרצוג, 28			||||||	0	1	0	32.087330	34.825573
סמינר נוות ישראל	ירושלים	שמואל הנביא, 24			||||||	0	1	0	31.788940	35.225918
סמינר רכסים	רכסים	השקד, 1			||||||	0	1	0	32.751438	35.105658
	תל אביב-יפו	דרך מנחם בגין, 132			||||||	0	0	0	32.074390	34.792169
	תל אביב-יפו	דיזנגוף, 50			||||||	0	1	0	32.075108	34.774942
	עמנואל	עמנואל			||||||	1	1	0	32.161206	35.135696
היסמין, 6, מגדל העמק	מגדל העמק	היסמין, 6			||||||	0	1	0	32.675154	35.255166
דוד ילין ירושלים	ירושלים	מעגל בית המדרש, 7			||||||	0	1	0	31.781924	35.190694
האקדמיה למוזיקה ומחול	ירושלים	האקדמיה למוסיקה ולמחול בירושלים			||||||	0	1	0	32.066234	34.783641
	ביתר עילית	האדמו"ר מרוזין, 31			||||||	0	1	0	31.700743	35.126452
תיכון עירוני אלמוסתקבל	תל אביב	טולוז, 6			||||||	0	1	0	32.040438	34.748335
	מגדל העמק	אלי כהן, 2			||||||	0	1	0	32.674506	35.234902
במועדון	טל מנשה	טל מנשה			||||||	0	1	0	32.484041	35.160613
מזכירות היישוב	קרית נטפים	קרית נטפים			||||||	0	1	0	32.117896	35.112103
בניין המועצה - הר אדר	הר אדר	הר אדר			||||||	0	1	0	31.824356	35.129004
טל מנשה	טל מנשה	טל מנשה			||||||	0	1	0	32.483702	35.160725
ביכורים	ירושלים	הנביאים, 25			||||||	0	1	0	31.783842	35.223173
	עלי זהב	ש"ג			||||||	0	1	0	32.072387	35.064202
	תל אביב-יפו	שלמה אבן גבירול, 71			||||||	0	1	0	32.082232	34.780021
קופת העיר	בני ברק	רשב"ם, 23			||||||	0	1	0	32.078565	34.836858
ישוב אור הגנוז	אור הגנוז	ישוב אור הגנוז			||||||	0	1	0	33.005010	35.446556
קיבוץ בחן	קיבוץ בחן	קיבוץ בחן			||||||	0	1	0	32.351774	35.018408
קופת העיר	בני ברק	רבי עקיבא, 80			||||||	0	1	0	32.086346	34.829827
פיסנטרה מרכזי שירות	מעון	מעון			||||||	0	1	0	31.414858	35.163934
המרכז הרפואי לגליל נהריה	נהריה	כביש 89			||||||	0	1	0	33.007302	35.119894
	שוקדה	מזכירות שוקדה , שוקדה			||||||	0	1	0	32.085300	34.781768
כפר המכביה	רמת גן	פרץ ברנשטיין, 7			||||||	0	1	0	32.055950	34.828050
בית כנסת - נווה הפסגה ירושלים	ירושלים	תאומים 5			||||||	0	1	0	31.768350	35.213602
	נתיבות	קריית החינוך מועצה אזורית שדות נגב			||||||	0	1	0	31.431474	34.591251
ישיבת אור ירושלים	ירושלים	ישיבת אור ירושלים			||||||	0	1	0	31.794662	35.037182
בית מאיר	בית מאיר	צפצפה 1			||||||	0	1	0	31.791451	35.037530
	כפר הנוער בן שמן	כפר הנוער בן שמן			||||||	0	1	0	31.959019	34.927831
ישיבת מאור התלמוד	רחובות	ישיבת מאור התלמוד			||||||	0	1	0	31.892600	34.811287
בית מנחם מענדל	צפת	הגדוד השלישי, 5			||||||	0	1	0	32.972559	35.506354
	ג'לג'וליה	מועצה מקומית			||||||	0	1	0	32.152370	34.954187
מלון צנאז	נתניה	המלכים, 6			||||||	0	1	0	32.345089	34.854679
מזכירות, טנא עומרים	טנא עומרים	מזכירות, טנא עומרים			||||||	0	1	0	31.375836	34.956333
מזכירות, בית יתיר	בית יתיר	מזכירות, בית יתיר			||||||	0	1	0	31.353103	35.063024
יקיר	יקיר	טרמפיאדה			||||||	0	1	0	32.149681	35.114029
סמינר מכון שרה	ירושלים	המעלות, 7			||||||	0	1	0	31.779311	35.214895
מרכז ינר	ירושלים	בית הדפוס, 28			||||||	0	1	0	31.786096	35.182988
	הוד השרון	מרגוע, 5			||||||	0	1	0	32.155880	34.901138
מזכירות, ברקן	ברקן	מזכירות			||||||	0	1	0	32.109403	35.105949
ישיבת נר רחל	ירושלים	בתי מחסה, 1			||||||	0	1	0	31.773893	35.232210
קרית יערים	קרית יערים	קרית יערים			||||||	0	1	0	31.802787	35.099984
ישיבת תפארת ברוך	ירושלים	מנחם בצרי 10			||||||	0	1	0	31.798888	35.212580
	נתניה	וינגייט			||||||	0	1	0	32.263036	34.837004
	ברוכים קלע אלון	ברוכים קלע אלון			||||||	0	1	0	33.132218	35.692840
במזכירות היישוב	אשכולות	אשכולות			||||||	0	1	0	31.391290	34.904899
ישיבת דעת אהרון	ירושלים	הפלאה, 1			||||||	0	1	0	31.787066	35.175828
המכללה האקדמית תל אביב-יפו	תל אביב-יפו	המכללה האקדמית תל אביב-יפו			||||||	0	1	0	32.113314	34.804388
מכללת לוינסקי	תל אביב-יפו	שושנה פרסיץ, 15			||||||	0	1	0	32.136783	34.797551
ישיבת דרך חכמה	ירושלים	הרב רפאל קצנלבוגן, 84			||||||	0	1	0	31.784252	35.177785
אפיקים	ראש העין	שבזי 26			||||||	0	0	0	32.096516	34.943600
עמדות שירות מפעיל אפיקים	פתח תקווה	שלום צלח, 30			||||||	1	1	0	32.076028	34.910817
אפיקים	אשדוד	אבנר בן נר 2 / הנביאים 18			||||||	1	1	0	31.783399	34.648453
אפיקים	אשדוד	הרב לוין 33			||||||	0	0	0	31.791922	34.659802
אפיקים	אשדוד	המסחר 182			||||||	0	0	0	31.800815	34.641506
אפיקים	פתח תקווה	ז'בוטינסקי 72			||||||	0	0	0	32.093235	34.865482
עמדות שירות מפעיל אפיקים	תל אביב	לוינסקי 108			||||||	1	1	0	32.056077	34.779530
	יהוד מונוסון	שבזי, 28			||||||	0	0	0	32.027885	34.897310
	אשדוד	דרך אריאל שרון , 1, ביג פאשן			||||||	0	0	0	31.771932	34.624310
אפיקים	יבנה	שידלובסקי, 1			||||||	0	0	0	31.891127	34.734242
אפיקים	גן יבנה	הרצל, 42			||||||	0	0	0	31.785177	34.706721
	גבעת שמואל	הערבה, 1			||||||	0	0	0	32.084025	34.855606
קווים	אור יהודה	אליהו סעדון 120			||||||	1	1	0	32.025487	34.858076
קווים	אור עקיבא	רוטשילד 1			||||||	1	1	0	32.506617	34.919599
קווים	רמלה	הרצל 91			||||||	1	1	0	31.926945	34.877748
קווים	אום אל פחם	חניון אוטובוסים			||||||	1	1	0	32.531739	35.149734
קווים	ביתר עילית	ישמח ישראל 2			||||||	1	1	0	31.700424	35.107654
קווים	מודיעין עילית	חפץ חיים 5			||||||	1	1	0	31.933676	35.046481
קווים	חדרה	תחנה מרכזית רח' אחד העם 2			||||||	1	1	0	32.435391	34.914365
קווים	ביתר עילית	רבי עקיבא 9			||||||	1	1	0	31.697636	35.122211
קווים	לוד	כיכר הפלמ"ח, תחנה מרכזית			||||||	1	1	0	31.956439	34.898285
קווים	נתניה	תחנה מרכזית			||||||	1	1	0	32.326689	34.859450
קווים	יהוד-מונוסון	ויצמן 45			||||||	1	1	0	32.032872	34.892658
	ביתר עילית	ישמח ישראל, 2			||||||	1	1	0	31.700423	35.107654
קווים	מודיעין עילית	מסילת ישרים			||||||	1	1	0	31.935117	35.037559
קווים	פרדס חנה כרכור	הדקלים 86			||||||	1	1	0	32.474277	34.973500
קווים	ביתר עילית	הר"ן 6			||||||	1	1	0	31.705030	35.116959
קווים	מודיעין	דם המכבים 13			||||||	1	1	0	31.908453	35.010841
טהר הממתקים	רמת גן	תרצה 19			||||||	1	1	0	32.071908	34.829134
חד פעמי	ירושלים	אשר גולאק 30			||||||	1	1	0	31.843087	35.243263
	דימונה	המעלה, 8			||||||	1	1	0	31.071913	35.041087
בית מדרש עליון	בני ברק	אורליאן 2			||||||	1	1	0	32.073315	34.841732
ישיבת פוניבז'	בני ברק	רבי אבא גרוסברד 7			||||||	1	1	0	32.083679	34.832836
מאניקן פיס	תל אביב	יהודה הלוי 109			||||||	1	1	0	32.066960	34.779245
קיוסק דגמי	פתח תקווה	מוהליבר 8			||||||	1	1	0	32.087445	34.884798
מפגש 27	גבעתיים	כצנלסון 27			||||||	1	1	0	32.075398	34.804347
מיי פוטו	אריאל	הבנאי 2			||||||	1	1	0	32.100590	35.169687
הבית של פיסטוק	רמת גן	בן גוריון 113			||||||	1	1	0	32.081789	34.820696
סופר בני תורה	ירושלים	חי טוב 48			||||||	1	1	0	31.782765	35.171776
פינת דניאל	בת ים	הרב עוזיאל 25			||||||	1	1	0	32.022231	34.749619
דלק היובל	חולון	משה דיין 10			||||||	1	1	0	32.000721	34.764227
קוקיס	רמת גן	ז'בוטינסקי 149			||||||	1	1	0	32.090674	34.821427
מכולת יזדי	ירושלים	שלמה בן יוסף 307			||||||	1	1	0	31.749142	35.235434
אלי ורוני שקורי	ירושלים	עין גדי 19			||||||	1	1	0	31.752756	35.222801
אינטרקול	ירושלים	ברל לוקר 4 (מרכז מסחרי)			||||||	1	1	0	31.751021	35.200885
BE	נס ציונה	נס ציונה מתחם ישפרו			||||||	1	1	0	31.921137	34.792147
BE	נתניה	שד' בנימין 60			||||||	1	1	0	32.320247	34.855369
BE	תל אביב	אהרון בקר 8			||||||	1	1	0	32.122911	34.816548
BE	גבעתיים	ויצמן 10			||||||	1	1	0	32.075556	34.808549
	רמלה	משה לוי, 13			||||||	1	1	0	31.933293	34.851645
	רמת השרון	אוסישקין, 3			||||||	1	1	0	32.137969	34.841151
BE	שוהם	הדקל 30			||||||	1	1	0	32.006637	34.951189
BE	חולון	הלוחמים 62			||||||	1	1	0	32.036233	34.762324
BE	ירכא	גאיה סנטר			||||||	1	1	0	32.955025	35.181597
BE	תל אביב	המעון 3			||||||	1	1	0	32.055944	34.766881
BE	גדרה	פינס 1			||||||	1	1	0	31.816518	34.777688
BE	רמת השרון	סוקולוב 74			||||||	1	1	0	32.146601	34.839136
	אשדוד	ז'בוטינסקי, 45			||||||	1	1	0	31.810227	34.656640
BE	אשדוד	בית חולים אסותא			||||||	1	1	0	31.779165	34.657156
BE	נשר	דרך בר יהודה 147			||||||	1	1	0	32.778440	35.038926
BE	קרית אתא	קניון עזריאלי, העצמאות 37			||||||	1	1	0	32.803837	35.103263
	הוד השרון	סוקולוב, 46			||||||	1	1	0	32.143418	34.837694
BE	נתניה	מרכז אלון, טום לנטוס			||||||	1	1	0	32.307192	34.869037
BE	נהריה	אירית 2			||||||	1	1	0	32.990476	35.095364
BE	רחובות	ירושלים 15			||||||	1	1	0	31.890324	34.830093
BE	גבעת שמואל	יוני נתניהו 27			||||||	1	1	0	32.076814	34.854590
BE	בני ברק	יעקב לנדא 4			||||||	1	1	0	32.079712	34.833076
BE	תל אביב	הברזל 20 רמת החייל			||||||	1	1	0	32.108082	34.838721
BE	ראשון לציון	לח"י, 2			||||||	1	1	0	31.985546	34.766757
BE	חיפה	מרכז פנורמה שד הנשיא 109			||||||	1	1	0	32.806264	34.987510
BE	יהוד-מונוסון	דרך משה דיין 3			||||||	1	1	0	32.030570	34.878163
BE	באר שבע	דרך נפחא 25			||||||	1	1	0	31.246291	34.812011
BE	ראש פינה	מרכז מסחרי סנטר הגליל			||||||	1	1	0	32.969235	35.550235
BE	בת ים	קניון בת ים, יוספטל 92			||||||	1	1	0	32.015492	34.756146
BE	הרצליה	בן גוריון 19			||||||	1	1	0	32.163791	34.842628
BE	שדרות	מול 7, דרך מנחם בגין			||||||	1	1	0	31.516508	34.589585
BE	פתח תקווה	ז'בוטנסקי 34 בלינסון			||||||	1	1	0	32.088273	34.867529
BE	אלונים	מרכז מסחרי אלונים			||||||	1	1	0	32.710435	35.143505
BE	תל אביב	החשמונאים 84			||||||	1	1	0	32.069480	34.782475
BE	ירושלים	בית חולים שערי צדק			||||||	1	1	0	31.773473	35.185250
BE	כרמיאל	מעלה כמון 5			||||||	1	1	0	32.928150	35.326111
BE	חדרה	השלום, חדרה			||||||	1	1	0	32.451467	34.895821
BE	פתח תקווה	ראשון לציון 1			||||||	1	1	0	32.099918	34.875942
BE	כפר סבא	טשרניחובסקי 57			||||||	1	1	0	32.180959	34.897263
BE	פתח תקווה	הרב מסעוד אשר פינטו 20			||||||	1	1	0	32.101011	34.893699
BE	דלית אל כרמל	שכ' ואדי אלפאש			||||||	1	1	0	32.697336	35.054443
BE	הוד השרון	קניון שרונים, הירקון 2			||||||	1	1	0	32.133501	34.901142
BE	תל אביב	אליהו ברלין 13			||||||	1	1	0	32.124865	34.792497
BE	תל אביב	בן יהודה 75			||||||	1	1	0	32.081322	34.770357
BE	תל אביב	לוינסקי 108			||||||	1	1	0	32.056096	34.779535
BE	עכו	החרושת 2			||||||	1	1	0	32.923197	35.081232
BE	חיפה	משה פלימן 4			||||||	1	1	0	32.789777	34.965680
BE	תל אביב	שדרות מנחם בגין 144			||||||	1	1	0	32.077231	34.793389
BE	כפר סבא	קניון ערים, כצנלסון 20			||||||	1	1	0	32.176880	34.904066
BE	באר שבע	חייל הנדסה 1, מתחם MAX			||||||	1	1	0	31.245000	34.812523
BE	פתח תקווה	אלעזר פרידמן 9			||||||	1	1	0	32.079613	34.902558
BE	רחובות	מנוחה ונחלה 18			||||||	1	1	0	31.894261	34.817794
BE	חיפה	הרצל 18			||||||	1	1	0	32.811630	34.997503
BE	אזור	העליה השניה 43			||||||	1	1	0	32.024750	34.802716
	אפרת	זית שמן, 3			||||||	1	1	0	31.668790	35.163696
BE	חולון	תמנע 6,			||||||	1	1	0	32.024283	34.799445
BE	אריאל	הבנאי 6			||||||	1	1	0	32.100800	35.170257
	אור עקיבא	פרדס רימונים 2			||||||	1	1	0	32.489970	34.921084
BE	אשקלון	מח"ל 1			||||||	1	1	0	31.681051	34.570052
BE	מתחם עין שמר צומת כרכור	מתחם עין שמר צומת כרכור			||||||	1	1	0	32.461917	35.006730
BE	נתניה	המחקר 3			||||||	1	1	0	32.291211	34.861803
BE	עפולה	קהילת ציון 5			||||||	1	1	0	32.607448	35.292750
BE	משמר השרון	מרכז מסחרי אלון			||||||	1	1	0	32.306981	34.869096
BE	רחובות	בילו 2 קניון עופר מליסרון			||||||	1	1	0	31.893922	34.807127
BE	תל אביב	אבן גבירול 71			||||||	1	1	0	32.082721	34.781063
BE	ראשון לציון	רוטשילד 49			||||||	1	1	0	31.963919	34.801328
BE	אשדוד	קניון הסיטי, הרצל פינת מנחם בגין			||||||	1	1	0	31.790974	34.639583
BE	אלעד	יהודה הנשיא 94			||||||	1	1	0	32.052376	34.961860
	עפולה	יוסף ברזילאי, 5			||||||	1	1	0	32.620129	35.313913
BE	רעננה	אחוזה 114			||||||	1	1	0	32.180906	34.875430
BE	תל אביב	וייצמן 6			||||||	1	1	0	32.080135	34.789898
BE	בני דרור	קניון דרורים			||||||	1	1	0	32.260221	34.893847
BE	אשדוד	העצמאות 87			||||||	1	1	0	31.788350	34.643975
BE	כפר סבא	בי סנטר אנגל 78			||||||	1	1	0	32.198340	34.890126
BE	תל אביב	דיזנגוף, 50			||||||	1	1	0	32.075346	34.775395
BE	אשקלון	הנמל 9 מרינה MALL			||||||	1	1	0	31.682095	34.556059
BE	חדרה	תרנ"א 20			||||||	1	1	0	32.434648	34.925546
BE	יוקנעם	קניון G יוקנעם, התמר 2			||||||	1	1	0	32.659986	35.105126
BE	שילת	דרך הזית, 1			||||||	1	1	0	31.917974	35.018208
be	תל אביב-יפו	דיזנגוף, 102			||||||	1	1	0	32.079607	34.774042
BE	פתח תקווה	העצמאות, 63			||||||	1	1	0	32.074521	34.871631
BE	מודיעין עילית	לב העיר 2, קניון עזריאלי			||||||	1	1	0	31.900097	35.008384
BE	נתניה	נתן יונתן, 12			||||||	1	1	0	32.279361	34.840921
BE	נתיבות	בעלי המלאכה, 3			||||||	1	1	0	31.417963	34.594002
BE	נצרת	דרך החטיבות 4			||||||	1	1	0	32.698603	35.311975
BE	גבעתיים	סירקין, 11			||||||	1	1	0	32.077759	34.814456
BE	מעלה אדומים	הרכס, 31			||||||	1	1	0	31.782445	35.311307
BE	פרדס חנה כרכור	הגליל 17			||||||	1	1	0	32.480829	34.989436
BE	מודיעין-מכבים-רעות	לאה אימנו 1 מרכז מסחרי מוריה סנטר			||||||	1	1	0	31.885763	35.005620
BE	קרית שמונה	קניון קריית שמונה, צרניחובסקי 4			||||||	1	1	0	33.211053	35.568672
BE	טירה	טארק עבד אל חי, 6			||||||	1	1	0	32.233336	34.959354
BE	מודיעין מכבים רעות	גינת זבולון, None			||||||	1	1	0	31.901274	35.002828
BE	פרדס חנה כרכור	התחייה 7			||||||	1	1	0	32.471703	34.953919
טבק עוזיאל	בת ים	עוזיאל 25			||||||	1	1	0	32.022258	34.749603
	בת ים	בלפור, 151			||||||	1	1	0	32.025381	34.745346
מיניכל אמיר	רמת גן	ברוריה 5			||||||	1	1	0	32.088819	34.803477
משביר לעמו	בני ברק	ירושלים 9			||||||	1	1	0	32.086438	34.830278
עולם הממתקים שערי צדק בע״מ	ירושלים	בית חולים שערי צדק			||||||	1	1	0	31.773199	35.185261
	כפר סבא	טשרניחובסקי 38			||||||	1	1	0	32.179206	34.898060
מרקולים בע"מ	רמת גן	מלכי צדק 25			||||||	1	1	0	32.050785	34.820510
י.נ חנויות נוחות בע"מ	רמת גן	אהרון קציר 1			||||||	1	1	0	32.048762	34.848757
מיני רוזה בע"מ	בת ים	בלפור 105			||||||	1	1	0	32.017356	34.745578
	ראש העין	דרך הציונות 18 ועוד 2 כתובות			||||||	1	1	0	32.101878	34.960720
	ראש העין	צהל 27			||||||	1	1	0	32.099017	34.945395
עטרת סופרים	בית שמש	חזון איש 35			||||||	1	1	0	31.738247	34.994150
מינימרקט כל ישראל חברים	חיפה	כל ישראל חברים 45			||||||	1	1	0	32.820517	34.967984
	חיפה	טשרניחובסקי, 35			||||||	1	1	0	32.820219	34.973980
קןקיס מרקט	חולון	ההסתדרות 169			||||||	1	1	0	32.014275	34.786858
	אשדוד	יהויכין המלך 1			||||||	1	1	0	31.772337	34.644730
סופר ארזי הבירה	ירושלים	שמואל הנביא 51, בוכרים			||||||	1	1	0	31.791654	35.223864
סופר ארזי הבירה	ירושלים	פארן 15, רמת אשכול			||||||	1	1	0	31.800890	35.226390
סופר ארזי הבירה	ירושלים	ארזי הבירה 48			||||||	1	1	0	31.792632	35.224200
	בני ברק	רבי עקיבא, 140			||||||	1	1	0	32.085509	34.836998
ר.ג חנות נוחות	חולון	המעפילים 2			||||||	1	1	0	32.024450	34.765738
א.א.מ סחר	ירושלים	קנצינלבורגן 82 הר נוף			||||||	1	1	0	31.783233	35.178663
א.א.מ סחר	ירושלים	קצנלבוגן 82			||||||	1	1	0	31.783236	35.178666
עולם הדיו	רמת גן	אבא הלל 2			||||||	1	1	0	32.084025	34.803704
אורגני שיווק וסחר בע"מ	ירושלים	שמגר 21			||||||	1	1	0	31.794557	35.207710
מיני מחניודה כנפי נשרים	ירושלים	כנפי נשרים 31			||||||	1	1	0	31.787190	35.181639
מינימרקט בוריס	חולון	מונטיפיורי 54			||||||	1	1	0	32.025061	34.772349
	ירושלים	עלי הכהן, 16			||||||	1	1	0	31.795013	35.214755
עדיף יזמות	ירושלים	חזון איש 34			||||||	1	1	0	31.807547	35.221726
	בית שמש	שדורות רבי יהודה הנשיא 5			||||||	1	1	0	31.729087	34.992700
היימש סל	בני ברק	עזרא 32			||||||	1	1	0	32.079384	34.838151
היימש סל	בני ברק	ירושלים 22			||||||	1	1	0	32.085404	34.829834
היימש סל	בני ברק	חזון איש 23			||||||	1	1	0	32.082826	34.835643
נישנוש אורן בע"מ	ראשון לציון	רוטשילד 60			||||||	1	1	0	31.964009	34.799310
מינימרקט א.א.י	ירושלים	סולם יעקב 8			||||||	1	1	0	31.820460	35.201058
בוטיק ברנר 21	תל אביב	ברנר 21			||||||	1	1	0	32.069011	34.772643
	אשדוד	יוספטל 25 חנות מספר 84 .85			||||||	1	1	0	31.805198	34.653532
פינסקר	ראשון לציון	רוטשילד 12			||||||	1	1	0	31.964626	34.805638
בזאר פינסקר	ראשון לציון	יהודה לייב פינסקר 2			||||||	1	1	0	31.964406	34.807677
	רחובות	יעקב, 3			||||||	1	1	0	31.896233	34.811658
אקדמון	עכו	מכללת הגליל המערבי			||||||	1	1	0	32.936348	35.086530
אקדמון	ירושלים	הדסה עין כרם			||||||	1	1	0	31.764950	35.149411
אקדמון	ירושלים	קמפוס אדמונד ספרא האוניברסיטה העברית - גבעת רם			||||||	1	1	0	31.779007	35.197306
אקדמון	חיפה	אוניברסיטת חיפה			||||||	1	1	0	32.761629	35.019863
אקדמון	הרצליה	המרכז הבינתחומי			||||||	1	1	0	32.176113	34.836234
אקדמון	ראשון לציון	המכללה למנהל			||||||	1	1	0	31.969738	34.772787
אקדמון	רחובות	פקולטה לחקלאות			||||||	1	1	0	31.904991	34.804628
אקדמון	גבעת שמואל	אוניברסיטת בר אילן			||||||	1	1	0	32.069199	34.843088
אקדמון	ירושלים	האוניברסיטה העברית הר הצופים			||||||	1	1	0	31.793060	35.244934
אקדמון	באר שבע	אוניברסיטת בן גוריון			||||||	1	1	0	31.262218	34.801461
אקדמון	תל אביב	אוניברסיטת תל אביב			||||||	1	1	0	32.103700	34.804600
אקדמון	ירושלים	אוניברסיטה עברית הר הצופים ספרים			||||||	1	1	0	31.793025	35.242887
סופר התחנה	ירושלים	אוסישקין 41			||||||	1	1	0	31.778562	35.212283
בסט שאבי	ירושלים	אבן שפרוט, 1			||||||	1	1	0	31.776501	35.211565
	חיפה	נתנזון 22			||||||	1	1	0	32.817161	35.000760
ממתקי השלושה	ירושלים	אורוגוואי 1			||||||	1	1	0	31.760786	35.176698
	ירושלים	עזרת ישראל, 3			||||||	1	1	0	31.783660	35.217194
	תל אביב-יפו	לוינסקי, 39			||||||	1	1	0	32.059921	34.771615
משקאות דודיק בע"מ	ראשון לציון	רמז 1			||||||	1	1	0	31.964356	34.793293
מיני מלחה בע"מ	ירושלים	אריה דולצ'ין 26			||||||	1	1	0	31.750187	35.169212
מיני מלחה בע"מ	ירושלים	הדישון 1			||||||	1	1	0	31.749947	35.180739
הממתקייה ל.ר.ק בע"מ	רמת גן	תרצה 19			||||||	1	1	0	32.071908	34.829134
קהילות	ירושלים	הרב כהנמן 16			||||||	0	1	0	31.808633	35.221075
קהילות	טבריה	שזר 6			||||||	0	1	0	32.780558	35.516015
קהילות	רחובות	הנוטר 12			||||||	0	1	0	31.894463	34.823018
קהילות	ביתר עלית	הרב שך 12			||||||	0	1	0	31.699031	35.098378
קהילות	אשקלון	התחיה 30			||||||	0	1	0	31.655887	34.584749
קהילות	עפולה	הזית 1			||||||	0	1	0	32.634710	35.332977
קהילות	טבריה	ורנר 27			||||||	0	1	0	32.795859	35.530973
קהילות	ביתר עילית	הבבא סאלי 20			||||||	0	1	0	31.693362	35.110442
קהילות	אלעד	המאירי			||||||	0	1	0	32.052234	34.964492
קהילות	ירושלים	לייב יפה 11			||||||	0	1	0	31.748083	35.222901
קהילות	בני ברק	לבדוק			||||||	0	1	0	32.084932	34.835226
קהילות	בני ברק	מנחם בגין 48			||||||	0	1	0	32.092679	34.831622
קהילות	נתניה	יהודה הלוי 58			||||||	0	1	0	32.318815	34.856339
קהילות	רחובות	יצחק שטינברג 7			||||||	0	1	0	31.891968	34.821693
קהילות	בני ברק	ירושלים 34			||||||	0	1	0	32.084502	34.829700
קהילות	ירושלים	הלר 8			||||||	0	1	0	31.764887	35.196196
קהילות	ירושלים	מעלות דפנה			||||||	0	1	0	31.796121	35.226088
קהילות	בני ברק	גיבורי ישראל 16			||||||	0	1	0	32.081982	34.843054
קהילות	מודיעין עילית	רשבי 21			||||||	0	1	0	31.938094	35.041549
קהילות	בני ברק	אדמורי שאץ 3			||||||	0	1	0	32.074538	34.842122
קהילות	בני ברק	ישעיהו 10			||||||	0	1	0	32.089047	34.825636
קהילות	ירושלים	הנשיא 48			||||||	0	1	0	31.754740	35.204259
קהילות	בני ברק	רבי עקיבא 56			||||||	0	1	0	32.087397	34.828153
קהילות	בני ברק	מהרש"ל 4			||||||	0	1	0	32.085502	34.833556
קהילות	רמת גן	תל השומר			||||||	0	1	0	32.042658	34.855893
קהילות	בני ברק	בן נריה 1			||||||	0	1	0	32.088116	34.837318
קהילות	אלעד	הרטיבא 11			||||||	0	1	0	32.047197	34.951074
קהילות	ירושלים	זולטי 83			||||||	0	1	0	31.809770	35.217649
קהילות	בני ברק	אברמסקי 26			||||||	0	1	0	32.098937	34.837157
קהילות	בני ברק	מינץ 22			||||||	0	1	0	32.090077	34.826782
קהילות	נתניה	נתן יונתן 3			||||||	0	1	0	32.278581	34.839377
קהילות	ירושלים	הרותם 29			||||||	0	1	0	31.809771	35.194348
קהילות	כוכב יעקוב	טל אורות 37			||||||	0	1	0	31.878628	35.245252
קהילות	טבריה	יוחנן בן זכאי 335			||||||	0	1	0	32.789562	35.537434
קהילות	קדומים	מעלה רש''י 44			||||||	0	1	0	32.220540	35.160989
קהילות	מודעין עלית	אביי ורבא 5			||||||	0	1	0	31.939032	35.047120
קהילות	בני ברק	באר מים חיים			||||||	0	1	0	32.083106	34.841556
קהילות	מודיעין עילית	הריטבא 1			||||||	0	1	0	31.927709	35.047292
קהילות	בית שמש	נחל לוז 21			||||||	0	1	0	31.709072	34.994946
קהילות	נתניה	סעדיה גאון 6			||||||	0	1	0	32.343855	34.858063
קהילות	ראש העין	חפץ חיים 6			||||||	0	1	0	32.100559	34.941944
קהילות	מושב חמד	ת ד 140			||||||	0	1	0	32.017992	34.841265
קהילות	בני ברק	סלנט 7			||||||	0	1	0	32.083933	34.888262
קהילות	טבריה	כרכום 366			||||||	0	1	0	32.788064	35.528154
קהילות	בית שאן	אחד העם 3			||||||	0	1	0	32.492947	35.497346
קהילות	אלעד	י בן עוזיאל 11			||||||	0	1	0	32.049219	34.958376
קהילות	בני ברק	סמטת לוין 29			||||||	0	1	0	32.097957	34.838012
קהילות	אלעד	פנחס בן יאיר 23			||||||	0	1	0	32.051271	34.960508
קהילות	ירושלים	מעגלות הפרדס ליד גן פטרי			||||||	0	1	0	31.768319	35.213710
קהילות	אשדוד	בעל הנס 14			||||||	0	1	0	31.789741	34.660096
קהילות	מודעין עלית	רבי יהודא הנשיא 35			||||||	0	1	0	31.938506	35.043881
קהילות	ירושלים	חזון איש 29			||||||	0	1	0	31.807987	35.220548
קהילות	בני ברק	גוטמאכר 10			||||||	0	1	0	32.088293	34.842475
קהילות	בני ברק	הרב פרדו 2			||||||	0	1	0	32.085482	34.844805
קהילות	בית שמש	חזון איש 13			||||||	0	1	0	31.739747	34.992738
קהילות	בית שמש	נחל מאור 6			||||||	0	1	0	31.709290	35.001010
קהילות	אופקים	הרצל 31			||||||	0	1	0	31.315361	34.621528
קהילות	ירושלים	אגסי 10			||||||	0	1	0	31.785122	35.174818
קהילות	אשדוד	מורדי הגטאות 3			||||||	0	1	0	31.805862	34.658749
קהילות	יד בנימין	הנחלים 11			||||||	0	1	0	31.796770	34.820378
קהילות	ירשלים	רובנשטיין 3			||||||	0	1	0	31.767809	35.176185
קהילות	רחובות	הגרא 10			||||||	0	1	0	31.902537	34.816665
קהילות	ירושלים	קרית משה 1			||||||	0	1	0	31.785829	35.197385
קהילות	בני ברק	הרב פורברסקי 17			||||||	0	1	0	32.084959	34.844088
קהילות	בני ברק	בירנבוים 13			||||||	0	1	0	32.090481	34.849119
קהילות	קרית גת	האדמור מחבד 28			||||||	0	1	0	31.617087	34.751623
קהילות	ירושלים	ליד שכונת רמות והר שמואל			||||||	0	1	0	31.725959	35.221951
קהילות	בית שמש	שומרי אמונים 9			||||||	0	1	0	31.747041	34.988099
קהילות	בני ברק	עזרא 72			||||||	0	1	0	32.075953	34.833764
קהילות	נתניה	דברי חיים 4			||||||	0	1	0	32.342987	34.856922
קהילות	רחובות	הרואה 25			||||||	0	1	0	31.892772	34.811274
קהילות	הוד השרון	מעיני 7			||||||	0	1	0	32.160507	34.905732
קהילות	בני ברק	מהרשל 10			||||||	0	1	0	32.085057	34.833563
קהילות	חדרה	שניר 6			||||||	0	1	0	32.430442	34.932440
קהילות	ירושלים	שאולזון 18			||||||	0	1	0	31.790310	35.173806
קהילות	רחובות	הרואה 9			||||||	0	1	0	31.892773	34.811272
קהילות	ירושלים	קהילות יעקב			||||||	0	1	0	31.811056	35.218220
קהילות	פתח תקווה	רוטשילד 108			||||||	0	1	0	32.083778	34.882520
קהילות	נתיבות	זבוטינסקי			||||||	0	1	0	31.425696	34.589046
קהילות	בני ברק	שאול חדד 2			||||||	0	1	0	32.093590	34.842608
קהילות	בני ברק	קהילות יעקב 63			||||||	0	1	0	32.071682	34.838658
קהילות	אלעד	אבן גבירול 57			||||||	0	1	0	32.053935	34.960630
קהילות	ירושלים	דברי חיים 2			||||||	0	1	0	31.796276	35.210574
קהילות	בני ברק	הרב פורברסקי 8			||||||	0	1	0	32.084608	34.840910
קהילות	קרית אתא	כצלנסון 40			||||||	0	1	0	32.800887	35.105501
קהילות	ביתר עילית	הבעל שם טוב 3			||||||	0	1	0	31.696938	35.122608
קהילות	בית שמש	הרב מבריסק 2			||||||	0	1	0	31.740830	34.991460
קהילות	ירושלים	הקבלן 32			||||||	0	1	0	31.789455	35.176865
קהילות	מודיעין עילית	מנחת חינוך1			||||||	0	1	0	31.931812	35.043991
קהילות	ירושלים	גשר החיים 8			||||||	0	1	0	31.788346	35.208508
קהילות	רחובות	ההגנה 33			||||||	0	1	0	31.893803	34.823923
קהילות	ירושלים	קהילות אונגואר 5			||||||	0	1	0	31.819858	35.195813
קהילות	בני ברק	אדמורי אלכסנדר			||||||	0	1	0	32.088065	34.829205
קהילות	בני ברק	רבי אבא 5			||||||	0	1	0	32.083972	34.832847
קהילות	בית שמש	נחל צאלים 4			||||||	0	1	0	31.712995	34.986562
קהילות	בני ברק	בעל התניא 26			||||||	0	1	0	32.077085	34.832781
קהילות	ביתר עילית	מזריטש 35			||||||	0	1	0	31.700445	35.111473
קהילות	ביתר עילית	פנים מאירים 4			||||||	0	1	0	31.705085	35.116363
קהילות	בני ברק	חשב סופר			||||||	0	1	0	32.089349	34.835743
קהילות	עפולה	הקוממיות 29			||||||	0	1	0	32.627128	35.324556
קהילות	תל ציון	יישוב קטן			||||||	0	1	0	31.880377	35.239097
קהילות	ביתר עילית	פחד יצחק 11			||||||	0	1	0	31.702130	35.114932
קהילות	ירושלים	מעלות דפנה 129			||||||	0	1	0	31.795224	35.224506
קהילות	ירושלים	אוהלי יוסף 14 ב			||||||	0	1	0	31.796041	35.217335
קהילות	ירושלים	קהתי			||||||	0	1	0	31.793496	35.191147
קהילות	ירושלים	בעל השאילתות 23			||||||	0	1	0	31.790206	35.193985
קהילות	מבשרת ציון	האורן 50			||||||	0	1	0	31.799960	35.156231
קהילות	בני ברק	חזון איש			||||||	0	1	0	32.077974	34.833823
קהילות	ירושלים	בר אילן 39			||||||	0	1	0	31.793781	35.216101
קהילות	מודעין עלית	מסילת יוסף 54			||||||	0	1	0	31.927253	35.042388
קהילות	בני ברק	רבי גרוסברד אבא 7			||||||	0	1	0	32.083679	34.832836
קהילות	ירושלים	עמרם גאון 7			||||||	0	1	0	31.790694	35.192935
קהילות	בני ברק	ככר ה11			||||||	0	1	0	32.082923	34.834403
קהילות	אלעד	חוני המעגל 103			||||||	0	1	0	32.052874	34.950577
קהילות	אשדוד	חנינא בן דוסא 4			||||||	0	1	0	31.792628	34.662258
קהילות	ברכפלד	רב ושמואל 1			||||||	0	1	0	31.938772	35.038159
קהילות	בני ברק	הרב בלוי 8			||||||	0	1	0	32.086909	34.832833
קהילות	ירושלים	הפסגה 1			||||||	0	1	0	31.772019	35.182874
קהילות	בית שמש	אהל יהושע 9			||||||	0	1	0	31.735156	34.989868
קהילות	ירושלים	קצנלבוגן 71			||||||	0	1	0	31.783238	35.178589
קהילות	ירושלים	תכלת מרדכי 1			||||||	0	1	0	31.793369	35.205847
קהילות	בני ברק	זוננפלד 3			||||||	0	1	0	32.080984	34.841928
קהילות	בית לחם	דרך חברון 96			||||||	0	1	0	31.720858	35.202730
קהילות	ירושלים	סרנא 4			||||||	0	1	0	31.765269	35.195937
קהילות	אשדוד	מבוא אדמומית 4			||||||	0	1	0	31.785841	34.652578
קהילות	ביתר עילית	המגיד ממזריטש 44			||||||	0	1	0	31.702549	35.115962
קהילות	ירושלים	לופיאן			||||||	0	1	0	31.809619	35.215675
קהילות	קרית גת	ציקלג 1			||||||	0	1	0	31.611312	34.753079
קהילות	נתניה	רבי טרפון 5			||||||	0	1	0	32.343916	34.860626
קהילות	בני ברק	החלוצים			||||||	0	1	0	32.093983	34.840887
קהילות	ירושלים	קאסוטו 20			||||||	0	1	0	31.762294	35.187755
קהילות	בני ברק	מלצר			||||||	0	1	0	32.082063	34.838642
קהילות	בית שמש	האדמור מבעלזא 8			||||||	0	1	0	31.732131	34.992386
קהילות	ירושלים	קצינלבוגן 14			||||||	0	1	0	31.787682	35.174470
קהילות	אלעד	שמאי 22			||||||	0	1	0	32.048567	34.949438
קהילות	בני ברק	כהנמן 86			||||||	0	1	0	32.080057	34.841267
קהילות	בית שמש	עובדיה הנביא 15			||||||	0	1	0	31.702069	34.992051
קהילות	מודעין עלית	נתיבות המשפט 47			||||||	0	1	0	31.929880	35.045136
קהילות	חולון	הנבאים 5			||||||	0	1	0	32.018504	34.790430
קהילות	אופקים	ישראל אבוחיצרא			||||||	0	1	0	31.311337	34.622824
קהילות	ירושלים	נחלת שבעה 5			||||||	0	1	0	31.780179	35.220974
קהילות	באר שבע	יסמין 14			||||||	0	1	0	31.231379	34.792996
קהילות	בת ים	הרצל 55			||||||	0	1	0	32.022065	34.743399
קהילות	בני ברק	גורדון 6			||||||	0	1	0	32.077291	34.830011
קהילות	לוד	אחיסמך			||||||	0	1	0	31.937677	34.897106
קהילות	בני ברק	חולדה הנביאה 10			||||||	0	1	0	32.078162	34.829680
קהילות	ירושלים	קבר דוד			||||||	0	1	0	31.771676	35.229436
קהילות	אלעד	פנחס בן יאיר 6			||||||	0	1	0	32.050855	34.957976
קהילות	בני ברק	חבקוק 24			||||||	0	1	0	32.087202	34.838237
קהילות	קרית אתא	מבצע סיני 8			||||||	0	1	0	32.807188	35.123946
קהילות	בית שמש	שפת אמת 5			||||||	0	1	0	31.741401	34.995436
קהילות	בית שמש	ריבל 53			||||||	0	1	0	31.723148	34.988658
קהילות	ירושלים	עזרא 26			||||||	0	1	0	31.791798	35.217505
קהילות	בני ברק	משרדי קהילות			||||||	0	1	0	32.076279	34.840116
קהילות	ירושלים	הרב קוק 9			||||||	0	1	0	31.783477	35.220331
קהילות	בני ברק	עזרא 5			||||||	0	1	0	32.080944	34.840266
קהילות	בני ברק	מינץ 24			||||||	0	1	0	32.090002	34.826897
קהילות	בני ברק	יואל 18			||||||	0	1	0	32.090266	34.836675
קהילות	ירושלים	עמרם גאון 9			||||||	0	1	0	31.790484	35.192961
קהילות	מודעין עלית	חזון איש 22			||||||	0	1	0	31.921639	35.051984
קהילות	בני ברק	יוסף חיים 6			||||||	0	1	0	32.093552	34.829558
קהילות	מירון	קבר הרשב"י			||||||	0	1	0	32.980786	35.440615
קהילות	ירושלים	תחכמוני 3			||||||	0	1	0	31.787124	35.212260
קהילות	אשדוד	חטיבת הנגב 15			||||||	0	1	0	31.802372	34.664398
קהילות	בני ברק	סרוצקין 9			||||||	0	1	0	32.085556	34.842170
קהילות	הר יונה	יישוב קטן			||||||	0	1	0	32.725731	35.341389
קהילות	נתניה	אבן עזרא 4			||||||	0	1	0	32.314026	34.856707
קהילות	ירושלים	ורשבסקי 10			||||||	0	1	0	31.728221	35.218729
קהילות	אזור	ויצמן 3			||||||	0	1	0	32.023960	34.806473
קהילות	ירושלים	זרח ברנט 14			||||||	0	1	0	31.781441	35.175183
קהילות	אשדוד	האדמור מפיטסבורג			||||||	0	1	0	31.798249	34.659068
קהילות	נתניה	סעדיה גאון 10			||||||	0	1	0	32.344095	34.858275
קהילות	כרמיאל	חבצלת 24			||||||	0	1	0	32.906509	35.299092
קהילות	רכסים	הכלניות			||||||	0	1	0	32.753976	35.100112
קהילות	ירושלים	דרך חברון 53			||||||	0	1	0	31.764162	35.225586
קהילות	חולון	אבן עזרא 5			||||||	0	1	0	32.022266	34.764659
קהילות	עפולה	הקוממיות 29 עפולה			||||||	0	1	0	32.627148	35.324537
קהילות	חיפה	מיכאל 32			||||||	0	1	0	32.803441	35.002751
קהילות	בני ברק	אבן עזרא 4			||||||	0	1	0	32.090574	34.831884
קהילות	בני ברק	יצחק ניסים 13			||||||	0	1	0	32.072928	34.839985
קהילות	ירושלים	פתאל 19			||||||	0	1	0	31.777521	35.216313
קהילות	ראש העין	שילה 60			||||||	0	1	0	32.091608	34.959789
קהילות	בני ברק	שלמה המלך			||||||	0	1	0	32.078924	34.839110
קהילות	רמת השרון	רמת השרון			||||||	0	1	0	32.137793	34.840278
קהילות	ירושלים	זוננפלד 13			||||||	0	1	0	31.788731	35.222789
קהילות	אופקים	יוסי קארו 53			||||||	0	1	0	31.305141	34.626263
קהילות	נתניה	דברי חיים			||||||	0	1	0	32.344999	34.857090
קהילות	בני ברק	שדל 5			||||||	0	1	0	32.085241	34.829298
קהילות	עפולה	דרך רבין 18			||||||	0	1	0	32.619061	35.312541
קהילות	ירושלים	יד חרוצים 2			||||||	0	1	0	31.754731	35.217426
קהילות	ירושלים	פתחיה 2			||||||	0	1	0	31.790966	35.225853
קהילות	ירושלים	נאגרה 8			||||||	0	1	0	31.791015	35.191551
קהילות	בני ברק	ישראל מסלנט 7			||||||	0	1	0	32.089259	34.827605
קהילות	בני ברק	הירקון 79			||||||	0	1	0	32.098787	34.833367
קהילות	באר יעקב	זבוטינסקי 28			||||||	0	1	0	31.935012	34.839236
קהילות	מודעין עלית	קצות החושן			||||||	0	1	0	31.927737	35.040518
קהילות	ירושלים	ההגנה			||||||	0	1	0	31.803526	35.237016
קהילות	אלעד	אבן גבירול 20			||||||	0	1	0	32.053887	34.958448
קהילות	בני ברק	בן זכאי 43			||||||	0	1	0	32.081429	34.831223
קהילות	צפת	הנשיא 45			||||||	0	1	0	32.961043	35.494894
קהילות	ביתר עילית	הרב שך 62			||||||	0	1	0	31.699029	35.098287
קהילות	ירושלים	העומר 2			||||||	0	1	0	31.776181	35.232394
קהילות	נתניה	הנוטע 7			||||||	0	1	0	32.326782	34.855881
קהילות	בית שמש	דובר שלום 3			||||||	0	1	0	31.735626	34.991388
קהילות	בית שמש	אוהל יהושע 8			||||||	0	1	0	31.735299	34.990019
קהילות	ירושלים	משה דיין 68			||||||	0	1	0	31.828507	35.237590
קהילות	נס ציונה	פארק המדע			||||||	0	1	0	31.914551	34.804813
קהילות	קרית מלאכי	ויצמן 12דירה 13			||||||	0	1	0	31.732936	34.740632
קהילות	בת ים	הלויתן 4			||||||	0	1	0	32.019729	34.755729
קהילות	בני ברק	חיים לנדאו 2			||||||	0	1	0	32.093049	34.841013
קהילות	רחובות	וינר 2			||||||	0	1	0	31.892081	34.820391
קהילות	אלעד	בן זכאי 40			||||||	0	1	0	32.047333	34.959673
קהילות	בני ברק	גליל 10			||||||	0	1	0	32.093813	34.842594
קהילות	רחובות	זכריה מדאר 31			||||||	0	1	0	31.889318	34.818953
קהילות	כרמיאל	נתיב הלוטוס 11			||||||	0	1	0	32.908265	35.301352
קהילות	בני ברק	גוטמכר 5			||||||	0	1	0	32.088332	34.841550
קהילות	צפת	רמז דוד 92			||||||	0	1	0	32.955945	35.495229
קהילות	אור יהודה	היוצרים 6			||||||	0	1	0	32.032758	34.849639
קהילות	אשדוד	חטיבת הנגב 19			||||||	0	1	0	31.801909	34.664106
קהילות	אלעד	יהודה הנשיא 67			||||||	0	1	0	32.052821	34.958053
קהילות	אשדוד	חטיבת הנגב 25			||||||	0	1	0	31.801404	34.664231
קהילות	ירושלים	שלמה אלקבץ 6			||||||	0	1	0	31.791467	35.191215
קהילות	בני ברק	טרומפלדור 40			||||||	0	1	0	32.095326	34.836704
קהילות	ירושלים	בית ישראל 30			||||||	0	1	0	31.790438	35.224004
קהילות	בני ברק	ברוט 20			||||||	0	1	0	32.094391	34.834538
קהילות	ירושלים	בלזר 20			||||||	0	1	0	31.788483	35.222233
קהילות	ירושלים	פתח תקווה 16			||||||	0	1	0	31.793782	35.204740
קהילות	ירושלים	חזקיהו שבתאי 12			||||||	0	1	0	31.820232	35.198988
קהילות	ירושלים	אחינועם 16			||||||	0	1	0	31.798780	35.221565
קהילות	אלעד	רשי 5			||||||	0	1	0	32.048856	34.955508
קהילות	ראש העין	חפץ חיים 4			||||||	0	1	0	32.100399	34.941509
קהילות	אשדוד	ינאי 11			||||||	0	1	0	31.787865	34.664745
קהילות	רעננה	הר סיני 11			||||||	0	1	0	32.182575	34.869177
קהילות	צפת	ה11 פינת דוד רמז			||||||	0	1	0	32.955031	35.497283
קהילות	קרית גת	עין עקרבים 6			||||||	0	1	0	31.601210	34.760137
קהילות	קרית אתא	חנקין 20			||||||	0	1	0	32.811723	35.109166
קהילות	בת ים	הצנחנים 9			||||||	0	1	0	32.029887	34.758948
קהילות	בני ברק	גבעת פנחס 19			||||||	0	1	0	32.076336	34.838557
קהילות	צפת	צהל 5			||||||	0	1	0	32.965531	35.488737
קהילות	קרית אתא	המגינים 12			||||||	0	1	0	32.808991	35.106275
קהילות	בית שמש	דובר שלום 7			||||||	0	1	0	31.736007	34.991432
קהילות	כרמיאל	חטיבת הראל 25			||||||	0	1	0	32.903901	35.285134
קהילות	בני ברק	ישעיהו הנביא			||||||	0	1	0	32.088749	34.825188
קהילות	טבריה	אהבת ציון 1			||||||	0	1	0	32.786352	35.511274
קהילות	ירושלים	סירת גולני 7			||||||	0	1	0	31.829809	35.243920
קהילות	נתניה	הרב אלישיב 1			||||||	0	1	0	32.342742	34.873169
קהילות	ירושלים	הקבלן 45			||||||	0	1	0	31.789941	35.177202
קהילות	צפת	צהל 7			||||||	0	1	0	32.964538	35.490692
קהילות	בית שמש	נהר הירדן 18			||||||	0	1	0	31.721602	34.996562
קהילות	בני ברק	אבן שפרוט 2			||||||	0	1	0	32.090215	34.832785
קהילות	בני ברק	ר עקיבא 19			||||||	0	1	0	32.089577	34.826307
קהילות	בני ברק	אוסישקין 21			||||||	0	1	0	32.094689	34.838724
קהילות	בני ברק	ראבד 2			||||||	0	1	0	32.086162	34.831793
קהילות	חולון	עין גדי 1			||||||	0	1	0	32.006277	34.762815
קהילות	רחובות	יצחק משקה 3			||||||	0	1	0	31.888393	34.791283
קהילות	בית שמש	אהל יהושע 7			||||||	0	1	0	31.735112	34.990263
קהילות	מודעין עלית	אור החיים 27			||||||	0	1	0	31.931556	35.041564
קהילות	אלון שבות	אלון שבות			||||||	0	1	0	31.654871	35.125256
קהילות	בית שמש	הרב מבריסק 16			||||||	0	1	0	31.738943	34.992466
קהילות	ירושלים	פארן 8			||||||	0	1	0	31.801371	35.226728
קהילות	בני ברק	נויפלד 10			||||||	0	1	0	32.097237	34.841424
קהילות	ירושלים	בית וגן 19			||||||	0	1	0	31.770732	35.184100
קהילות	בני ברק	מלצר 36			||||||	0	1	0	32.082208	34.840342
קהילות	ביתר עילית	פחד יצחק 72			||||||	0	1	0	31.700911	35.109166
קהילות	בני ברק	יונה הנביא 2			||||||	0	1	0	32.084371	34.837877
קהילות	קרית ארבע	גור אריה 617			||||||	0	1	0	31.529605	35.118474
קהילות	בית שמש	רבי יהושע 15			||||||	0	1	0	31.729866	34.990782
קהילות	יבנה	דנ אבטח 79855			||||||	0	1	0	31.877958	34.739449
קהילות	ירושלים	קרית נוער שער 5			||||||	0	1	0	31.763881	35.185175
קהילות	אלעד	בן קיסמא 37			||||||	0	1	0	32.046838	34.959984
קהילות	בני ברק	חי טייב 4			||||||	0	1	0	32.096907	34.837991
קהילות	עלי	השקד 6			||||||	0	1	0	32.106165	35.194365
קהילות	באר יעקב	שא נס			||||||	0	1	0	31.939065	34.834746
קהילות	בני ברק	רוזנהיים 20			||||||	0	1	0	32.085974	34.840056
קהילות	מודיעין עילית	נתיבות המשפט 65 בחצר			||||||	0	1	0	31.926897	35.045451
קהילות	ירושלים	אביתר הכהן 8			||||||	0	1	0	31.794040	35.218451
קהילות	מושב בן זכאי	הרימון 165			||||||	0	1	0	31.858895	34.733667
קהילות	אופקים	שבזי 17			||||||	0	1	0	31.306120	34.624677
קהילות	ירושלים	בעל השאילתות 32			||||||	0	1	0	31.790978	35.194184
קהילות	אלעד	הרב יוסף קארו			||||||	0	1	0	32.049607	34.965711
קהילות	בית שמש	נחל שחם 2			||||||	0	1	0	31.712544	34.990298
קהילות	בני ברק	יעל 3			||||||	0	1	0	32.078021	34.831537
קהילות	ירושלים	משקלוב 7			||||||	0	1	0	31.787658	35.173503
קהילות	בת ים	אורט ישראל 4			||||||	0	1	0	32.014217	34.749831
קהילות	פתח תקווה	שמואל הנגיד 4			||||||	0	1	0	32.099348	34.900192
קהילות	ירושלים	אבא אחימאר 18			||||||	0	1	0	31.836686	35.235310
קהילות	בניברק	גורדון3			||||||	0	1	0	32.077326	34.829567
קהילות	חיפה	הרצוג 5			||||||	0	1	0	32.806673	35.001430
קהילות	אשדוד	אדמור מבעלזא 14			||||||	0	1	0	31.805496	34.663379
קהילות	טבריה	כרכום 11441			||||||	0	1	0	32.788358	35.527976
קהילות	ירושלים	הפסגה 32			||||||	0	1	0	31.767087	35.182782
קהילות	תל ציון	אהבת ישראל 11			||||||	0	1	0	31.878540	35.239899
קהילות	ירושלים	פולנסקי 16			||||||	0	1	0	31.792244	35.222740
קהילות	נתניה	תל גיבורים 46			||||||	0	1	0	32.280234	34.860627
קהילות	חיפה	עליה השניה 22			||||||	0	1	0	32.832293	34.982541
קהילות	ערד	אלעזר בן יאיר 33			||||||	0	1	0	31.258013	35.210102
קהילות	ירושלים	גבעת שאול 7			||||||	0	1	0	31.791652	35.194389
קהילות	רחובות	מנוחה ונחלה 3			||||||	0	1	0	31.892755	34.817772
קהילות	ירושלים	רשבם			||||||	0	1	0	31.788605	35.211550
קהילות	צפת	תרפט 18			||||||	0	1	0	32.968425	35.492207
קהילות	ירושלים	רמות פולין 13/61			||||||	0	1	0	31.819799	35.193929
קהילות	אשדוד	מיכשוילי 28/32			||||||	0	1	0	31.789957	34.656883
קהילות	ירושלים	פתח תקווה 10			||||||	0	1	0	31.794205	35.204848
קהילות	ירושלים	גבעת משה 10			||||||	0	1	0	31.798547	35.215302
קהילות	ירושלים	קבר רחל			||||||	0	1	0	31.719308	35.202004
קהילות	אור יהודה	המעפילים			||||||	0	1	0	32.026288	34.851796
קהילות	בני ברק	הרב שך 54			||||||	0	1	0	32.090795	34.835454
קהילות	אלעד	אבן גבירול 22			||||||	0	1	0	32.053926	34.959254
קהילות	פתח תקוה	יד הבנים 30			||||||	0	1	0	32.073536	34.881631
קהילות	נהריה	גרינבאום 12			||||||	0	1	0	33.014248	35.095537
קהילות	בני ברק	רבי עקיבא			||||||	0	1	0	32.086013	34.831885
קהילות	בני ברק	רוזבסקי ליד באר מרים			||||||	0	1	0	32.083212	34.839728
קהילות	טלזסטון	אבינדב 2			||||||	0	1	0	31.803868	35.105946
קהילות	פתח תקוה	רמחל 3			||||||	0	1	0	32.094962	34.895828
קהילות	עלי	הארז 4			||||||	0	1	0	32.071613	35.265711
קהילות	ירושלים	בילו 5			||||||	0	1	0	31.762339	35.210191
קהילות	ביתר עלית	חבד 23			||||||	0	1	0	31.698712	35.108913
קהילות	ירושלים	החשמונאים 23			||||||	0	1	0	31.789741	35.207466
קהילות	אלעד	חוני המעגל 10			||||||	0	1	0	32.052765	34.948111
קהילות	אשקלון	הר מירון 1			||||||	0	1	0	31.682304	34.573931
קהילות	ירושלים	הבוכרים 35			||||||	0	1	0	31.792951	35.218733
קהילות	בני ברק	כהנמן 89			||||||	0	1	0	32.082385	34.841302
קהילות	בני ברק	האדמור מבעלזא 5			||||||	0	1	0	32.085157	34.830425
קהילות	פתח תקוה	הירקונים 22			||||||	0	1	0	32.099068	34.896715
קהילות	מודיעין עילית	יהודה הנשיא			||||||	0	1	0	31.939289	35.042358
קהילות	בית שמש	בר אילן 6			||||||	0	1	0	31.741896	34.991743
קהילות	בני ברק	אברבנאל 109			||||||	0	1	0	32.096310	34.834496
קהילות	נטע	מבוא מרשם 4			||||||	0	1	0	31.474078	34.924556
קהילות	מודיעין עילית	יהודה הנשיא 19			||||||	0	1	0	31.939549	35.041756
קהילות	נתניה	גבע 25			||||||	0	1	0	32.324431	34.859948
קהילות	ירושלים	דרך כרמית 8			||||||	0	1	0	31.761975	35.168641
קהילות	בני ברק	יהודה הלוי 22			||||||	0	1	0	32.086449	34.832410
קהילות	רחובות	עזרא 37			||||||	0	1	0	31.892224	34.816631
קהילות	ירושלים	מנחם משיב 1			||||||	0	1	0	31.799197	35.206219
קהילות	הרצליה	בן גוריון 1			||||||	0	1	0	32.166375	34.842741
	חיפה	arlozorov, 73			||||||	1	1	0	32.807555	34.994376
סופר סופר	מושב חמד	מרכז המושב			||||||	1	1	0	32.019620	34.841346
סופר סופר	מושב גן שורק	מרכז המושב			||||||	1	1	0	31.944333	34.758618
סופר סופר	עשרת	האלון 11			||||||	1	1	0	31.822670	34.745712
סופר סופר	אלפי מנשה	גלבוע 72			||||||	1	1	0	32.171698	35.011252
סופר סופר	נתניה	ברנר 14			||||||	1	1	0	32.335056	34.858557
סופר סופר	מושב אודים	הדקל			||||||	1	1	0	32.266921	34.847416
סופר סופר	בית דגן	משמר השבע זעירא 4			||||||	1	1	0	32.010737	34.822001
סופר סופר	נתניה	בארי 48			||||||	1	1	0	32.337861	34.860975
סופר סופר	יהוד-מונוסון	כפר מע"ש השלושה 27			||||||	1	1	0	32.066115	34.889974
סופר סופר	אלפי מנשה	גבעת טל כנרת 4			||||||	1	1	0	32.165401	35.019064
סופר סופר	בית דגן	טרומפלדור 20			||||||	1	1	0	32.002521	34.834422
דיו אינק בעמ	ירושלים	יהודה 45			||||||	1	1	0	31.757852	35.215293
	חולון	הופיין 48			||||||	1	0	0	32.013405	34.771080
	רמת גן	עוזיאל 116			||||||	1	0	0	32.066494	34.821014
	בת ים	דרך בן גוריון 59			||||||	1	0	0	32.024322	34.740463
	עפולה	פינת יצחק שדה 2			||||||	1	0	0	32.633083	35.325626
	חולון	ההסתדרות 174			||||||	1	0	0	32.012268	34.790120
	גבעתיים	הרצוג 27			||||||	1	0	0	32.061543	34.816837
	תל אביב - יפו	קויפמן 10			||||||	1	0	0	32.064888	34.762960
	רמת גן	רמת גן, רש"י 19			||||||	1	0	0	32.091640	34.818150
	הרצליה	משה הס 36			||||||	1	0	0	32.153576	34.842484
	הרצליה	סוקולוב 36			||||||	1	0	0	32.166966	34.844700
	בת ים	בלפור 119			||||||	1	0	0	32.015472	34.743860
	חולון	הסתדרות 60			||||||	1	0	0	32.017338	34.774754
	בת ים	בלפור 90			||||||	1	0	0	32.017876	34.745388
	חולון	שנקר אריה 61			||||||	1	0	0	32.020250	34.776110
	חולון	אילת 20			||||||	1	0	0	32.021220	34.764957
	חולון	סוקולוב 35			||||||	1	0	0	32.022953	34.773310
	חולון	סוקולוב 1			||||||	1	0	0	32.023468	34.770210
	בת ים	ירושלים 81			||||||	1	0	0	32.025524	34.754627
	בת ים	רוטשילד 14			||||||	1	0	0	32.026524	34.743958
	בת ים	בלפור 67			||||||	1	0	0	32.026653	34.745777
	בת ים	בלפור 28			||||||	1	0	0	32.028385	34.744946
	אור יהודה	השלהבת 16			||||||	1	0	0	32.028650	34.866203
	אור יהודה	יחזקאל קזז 18			||||||	1	0	0	32.033010	34.846960
	תל אביב - יפו	שדרות ירושלים 68			||||||	1	0	0	32.048164	34.758480
	תל אביב	שדרות ירושלים 32			||||||	1	0	0	32.052310	34.759006
	תל אביב - יפו	תחנה מרכזית חדשה			||||||	1	0	0	32.056496	34.779926
	רמלה	הרצל 47			||||||	1	0	0	32.059036	34.770824
	תל אביב - יפו	הכרמל 26			||||||	1	0	0	32.067184	34.767290
	גבעתיים	יצחק רבין 53			||||||	1	0	0	32.066593	34.810150
	פתח תקווה	יואל 9			||||||	1	0	0	32.071220	34.899628
	תל אביב - יפו	יגאל אלון 123			||||||	1	0	0	32.075237	34.795616
	בני ברק	סמטת החייל 4			||||||	1	0	0	32.076770	34.836750
	פתח תקווה	מיכאל שלמה			||||||	1	0	0	32.077778	34.901104
	רמת גן	ביאליק 1			||||||	1	0	0	32.078800	34.814957
	רמת גן	ביאליק 5			||||||	1	0	0	32.079400	34.814747
	פתח תקווה	יהושע שטנפל 32			||||||	1	0	0	32.091618	34.888100
	בני ברק	זבוטינסקי 29			||||||	1	0	0	32.091650	34.828648
	הרצליה	סוקולוב 78			||||||	1	0	0	32.167150	34.849525
	הרצליה	סוקולוב 34			||||||	1	0	0	32.167175	34.844135
	הרצליה	סוקולוב 41			||||||	1	0	0	32.167328	34.843315
	תל אביב - יפו	חיים לסקוב 4			||||||	1	0	0	32.174267	34.841778
	נתניה	בני דורמן 3			||||||	1	0	0	32.277630	34.845776
	חדרה	הגיבורים 59			||||||	1	0	0	32.278145	34.852352
	לוד	שד הציונות 1			||||||	1	0	0	31.945460	34.894054
	ראשון לציון	השירה העברית 10			||||||	1	0	0	31.977835	34.769813
	ראשון לציון	סחרוב 17			||||||	1	0	0	31.991076	34.771520
	חולון	קרן היסוד 1			||||||	1	0	0	32.008440	34.791805
	ראשון לציון	שמואל שרירא 38			||||||	1	0	0	32.012200	34.746320
	תל אביב	הגנה 72			||||||	1	0	0	32.053967	34.789820
	תל אביב	הר ציון 44			||||||	1	0	0	32.055153	34.775360
	תל אביב - יפו	לה גווארדיה 9			||||||	1	0	0	32.055283	34.791634
	תל אביב	צנלוב 42			||||||	1	0	0	32.055447	34.773937
	תל אביב	לוינסקי 108 תל אביב			||||||	1	0	0	32.056076	34.779530
	תל אביב - יפו	בן יהודה 92			||||||	1	0	0	32.081738	34.770950
	גבעתיים	דרך השלום 51			||||||	1	0	0	32.068000	34.802720
	רמת גן	ההגנה 13			||||||	1	0	0	32.069710	34.834286
	רמת גן	ביאליק 21			||||||	1	0	0	32.081036	34.814740
	רמת גן	ארלוזרוב 56			||||||	1	0	0	32.081610	34.809223
	בני ברק	סמטת החייל 4			||||||	1	0	0	32.082417	34.843000
	רמת גן	ביאליק 37			||||||	1	0	0	32.083164	34.814400
	רמת גן	הרקון 1			||||||	1	0	0	32.085144	34.800434
	פתח תקווה	בורוכוב 18			||||||	1	0	0	32.086277	34.876030
	רמת גן	היצירה 25			||||||	1	0	0	32.086594	34.802017
	רמת גן	זבוטנסקי 125			||||||	1	0	0	32.086643	34.791336
	פתח תקווה	רוטשילד 77			||||||	1	0	0	32.086685	34.881940
	פתח תקווה	שפיגל 3			||||||	1	0	0	32.087772	34.887257
	פתח תקווה	הגנה 14			||||||	1	0	0	32.088010	34.885628
	פתח תקווה	חובבי ציון 17			||||||	1	0	0	32.088220	34.883050
	רמת גן	ז'בוטינסקי 62			||||||	1	0	0	32.088580	34.779530
	פתח תקווה	חובבי ציון 22			||||||	1	0	0	32.088585	34.884113
	פתח תקווה	הברון הירש 3			||||||	1	0	0	32.089527	34.881493
	פתח תקווה	חיים עוזר 7			||||||	1	0	0	32.089653	34.886448
	פתח תקווה	יהושוע שטמפפר 29			||||||	1	0	0	32.090767	34.886710
	פתח תקווה	יוסף פפר 9			||||||	1	0	0	32.091434	34.895752
	פתח תקווה	אורלוב 70			||||||	1	0	0	32.094418	34.885822
	תל אביב - יפו	ירמיהו 45			||||||	1	0	0	32.095104	34.777924
	בני ברק	הירקון 39			||||||	1	0	0	32.096886	34.828163
	פתח תקווה	גליס 6			||||||	1	0	0	32.102950	34.897083
	רמת השרון	המלכים 1			||||||	1	0	0	32.134900	34.845990
	רמת השרון	אוסשקין 22			||||||	1	0	0	32.139183	34.842140
	רמת השרון	סוקולוב 72			||||||	1	0	0	32.146282	34.839000
	רמת השרון	סינמה סיטי גלילות ת.ד 9001			||||||	1	0	0	32.146786	34.804688
	נתניה	רותמברג 12			||||||	1	0	0	32.279950	34.854053
	נתניה	אלון צבי 7			||||||	1	0	0	32.299940	34.908590
	נתניה	ויתקין 53			||||||	1	0	0	32.315952	34.885292
	נתניה	פינסקר 15			||||||	1	0	0	32.326504	34.858505
	נתניה	שדרות בנימין 7 ת.מרכזית			||||||	1	0	0	32.327526	34.858376
	נתניה	שער אגאי 5			||||||	1	0	0	32.327590	34.857212
	נתניה	הרצל 35			||||||	1	0	0	32.328148	34.858818
	נתניה	שמואל הנציב 1			||||||	1	0	0	32.329120	34.855220
	נתניה	אוסשקין 1			||||||	1	0	0	32.329716	34.851540
	נתניה	עמק חפר 2			||||||	1	0	0	32.337013	34.866360
	חדרה	סמטת פלטרין 1			||||||	1	0	0	32.436863	34.920840
	מגדל העמק	דרך העמק 7			||||||	1	0	0	32.675667	35.240900
	מגדל העמק	דרך העמק 5			||||||	1	0	0	32.676426	35.240710
	טבריה	הגליל 28 טבריה			||||||	1	0	0	32.785760	35.540157
	ירושלים	עמק רפאים 31			||||||	1	0	0	31.764132	35.220340
	לוד	קניון גני אביב			||||||	1	0	0	31.945442	34.891697
	ראשון לציון	מורדי הגטאות 69			||||||	1	0	0	31.953974	34.824596
	לוד	החברים הרצל 73			||||||	1	0	0	31.955430	34.896330
	ראשון לציון	יהודה לייב פינסקר 16			||||||	1	0	0	31.966223	34.807470
	רמת גן	הרקון 13			||||||	1	0	0	32.073734	34.801132
	נתניה	גיבורי ישראל 5			||||||	1	0	0	32.275467	34.860004
	תל אביב	בית אל 12			||||||	1	0	0	32.118507	34.839440
	ראשון לציון	יהודה הלוי 58			||||||	1	0	0	31.967234	34.813316
	בת ים	בלפור 70			||||||	1	0	0	32.021175	34.745316
	חולון	קדושי קהיר 23			||||||	1	0	0	32.018055	34.763630
	תל אביב	סנפיר 10			||||||	1	0	0	32.053474	34.809936
	ראשון לציון	התזמורת 29			||||||	1	0	0	31.965603	34.775112
	תל אביב - יפו	טאגור 55			||||||	1	0	0	32.118492	34.800736
	בת ים	בלפור 65			||||||	1	0	0	32.024017	34.745483
	חולון	רבינובץ 11			||||||	1	0	0	31.999243	34.768505
	ראשון לציון	הרצל 2			||||||	1	0	0	31.972368	34.806213
	פתח תקווה	חיים עוזר 15			||||||	1	0	0	32.088703	34.886967
	פתח תקווה	חובבי ציון 15			||||||	1	0	0	32.088135	34.882862
	חולון	משה דיין 10			||||||	1	0	0	32.000744	34.765300
	רמת גן	הרצל 73			||||||	1	0	0	32.086464	34.814884
	פתח תקווה	ברון הירש 1			||||||	1	0	0	32.089530	34.881260
קבוצת שטטנר בע"מ	בני ברק	אהרונוביץ 12			||||||	1	1	0	32.090606	34.838855
מטח ירוק	ביתר עילית	הרן 9			||||||	1	1	0	31.704356	35.117851
מטח ירוק	ביתר עילית	זוועהיל 2			||||||	1	1	0	31.694073	35.113723
מטח ירוק	ביתר עילית	המהריץ 9			||||||	1	1	0	31.699767	35.108238
סופר אתרוג	אחוזת אתרוג	מרכזה שפירא			||||||	1	1	0	31.697467	34.708883
מתוקי הראל בעמ	ירושלים	בית הדפוס 22			||||||	1	1	0	31.786593	35.185570
שוק הכיכר	תל אביב	שדרות ירושלים 104			||||||	1	1	0	32.043961	34.757476
כספונט	כפר ברטעה	כפר ברטעה			||||||	0	1	0	32.465139	35.089802
כספונט	ירושלים	אריה דולצין 26			||||||	0	1	0	31.750268	35.169186
כספונט	רמת גן	ז'בוטינסקי 93			||||||	0	1	0	32.088554	34.814525
כספונט	אילת	לוס אנגלס 6			||||||	0	1	0	29.557779	34.945680
כספונט	גבע בנימין	כנלית 1			||||||	0	1	0	31.851067	35.273110
כספונט	אשקלון	הדמונט דה רוטשילד 10			||||||	0	1	0	31.687620	34.578855
כספונט	ירושלים	ירושלים			||||||	0	1	0	31.717039	35.182676
כספונט	רמת גן	ארלוזורוב 56			||||||	0	1	0	32.081854	34.809253
כספונט	רמת גן	אבא הלל 25			||||||	0	1	0	32.087226	34.805431
כספונט	ירושלים	יפו 217			||||||	0	1	0	31.785092	35.201271
כספונט	אשדוד	מנחם בגין 117 מרכז גילת			||||||	0	1	0	31.810195	34.663707
כספונט	תל אביב-יפו	פייר מנדס פראנס 33			||||||	0	1	0	32.041825	34.750549
כספונט	ירושלים	הרב מן ההר 26			||||||	0	1	0	31.722494	35.229781
כספונט	תל אביב-יפו	הכרמל 49			||||||	0	1	0	32.068934	34.769041
כספונט	ראש פינה	ראש פינה			||||||	0	1	0	32.969662	35.551162
כספונט	תל אביב-יפו	עמק ברכה 25			||||||	0	1	0	32.076327	34.798745
כספונט	רחובות	גורודצקי 31			||||||	0	1	0	31.898069	34.821270
כספונט	אשקלון	עמק האלה 2			||||||	0	1	0	31.648067	34.561632
כספונט	ראשון לציון	האצל 26			||||||	0	1	0	31.991002	34.760872
כספונט	חיפה	מקלף 5 delek			||||||	0	1	0	32.788671	35.030351
כספונט	קיבוץ געתון	קיבוץ געתון			||||||	0	1	0	33.006000	35.213332
כספונט	רחובות	גולומב 10			||||||	0	1	0	31.882821	34.820036
כספונט	ירושלים	זוננפלד 6			||||||	0	1	0	31.787776	35.223371
כספונט	באר שבע	שער הגיא 6			||||||	0	1	0	31.246588	34.770974
כספונט	רחובות	קלמן גבריאלוב 3			||||||	0	1	0	31.889597	34.783611
כספונט	ראשון לציון	חלוצי יסוד המעלה 9			||||||	0	1	0	31.961049	34.807956
כספונט	פתח תקווה	הסיבים 18			||||||	0	1	0	32.088700	34.856268
כספונט	קרית אתא	דרך רבין 12			||||||	0	1	0	32.813489	35.105373
כספונט	תל אביב-יפו	נמיר 301			||||||	0	1	0	32.131685	34.795754
כספונט	בני ברק	נורוק 22			||||||	0	1	0	32.096534	34.842803
כספונט	צפת	צהל 13			||||||	0	1	0	32.964384	35.492279
כספונט	ראש פינה	המרכז 2			||||||	0	1	0	32.969030	35.538722
כספונט	ירושלים	מרכז מסחרי מרכז שואבה			||||||	0	1	0	31.799091	35.076416
כספונט	אילת	צין			||||||	0	1	0	29.560444	34.945118
כספונט	ירושלים	שדרות משה דיין 1			||||||	0	1	0	31.838153	35.234468
כספונט	אשקלון	עליית הנוער 10			||||||	0	1	0	31.659916	34.571238
כספונט	אשדוד	גיא אוני 2			||||||	0	1	0	31.785070	34.659414
כספונט	טייבה	אזור תעשיה טייבה			||||||	0	1	0	32.248080	35.005843
כספונט	אשקלון	אשתאול 2 שכונת הסיטי			||||||	0	1	0	31.667057	34.557584
כספונט	ירושלים	בית חנינא			||||||	0	1	0	31.830859	35.224776
כספונט	חיפה	מוהליבר 14			||||||	0	1	0	32.833453	35.067628
כספונט	תל אביב-יפו	חרותינו 6			||||||	0	1	0	32.046363	34.791864
כספונט	חיפה	ההסתדרות 161			||||||	0	1	0	32.803621	35.053642
כספונט	טמרה	טמרה			||||||	0	1	0	32.859751	35.194967
כספונט	ראשון לציון	ברשבסקי 33			||||||	0	1	0	31.974041	34.812498
כספונט	קדימה	הרצל 10			||||||	0	1	0	32.281893	34.910349
כספונט	ראשון לציון	משה בקר 32 delek			||||||	0	1	0	31.978995	34.810944
כספונט	גבעתיים	כצנלסון 153			||||||	0	1	0	32.075459	34.818358
כספונט	חדרה	רוטשילד 46			||||||	0	1	0	32.438946	34.921637
כספונט	בת ים	קרייתי 32			||||||	0	1	0	32.016000	34.753299
כספונט	ראשון לציון	ההתיישבות 9			||||||	0	1	0	31.968152	34.823867
כספונט	חדרה	השלום 1			||||||	0	1	0	32.455735	34.905137
כספונט	ירושלים	קוסטה ריקה 12			||||||	0	1	0	31.755027	35.171301
כספונט	גבעתיים	רמבם 30			||||||	0	1	0	32.070550	34.807247
כספונט	נהריה	געתון 3			||||||	0	1	0	33.005872	35.097558
כספונט	מעלות-תרשיחא	מעלות תרשיחא מול המסגד			||||||	0	1	0	33.011288	35.268054
כספונט	אילת	המלאכה 12 קניון העיר			||||||	0	1	0	29.564439	34.957034
כספונט	ראש העין	גון קנדי 36			||||||	0	1	0	32.095365	34.953315
כספונט	אילת	קאמן 5			||||||	0	1	0	29.555295	34.960503
כספונט	לוד	אלי כהן 12			||||||	0	1	0	31.950930	34.888424
כספונט	מבקיעים	מבקיעים delek			||||||	0	1	0	31.619848	34.579982
כספונט	פרדס חנה-כרכור	דרך פיקא 1			||||||	0	1	0	32.472774	34.981594
כספונט	ראשון לציון	לישנסקי 27			||||||	0	1	0	31.995112	34.767085
כספונט	גלגוליה	סאלח אל דין			||||||	0	1	0	32.153897	34.952007
כספונט	טבריה	הירדן 98			||||||	0	1	0	32.787834	35.537900
כספונט	רמת גן	הרצל 75 הכניסה מאחורי הבניין, כניסה מאזור ספקים			||||||	0	1	0	32.087010	34.814337
כספונט	בת ים	בלפור 98			||||||	0	1	0	32.016595	34.744704
כספונט	רמת גן	בן גוריון 259			||||||	0	1	0	32.066292	34.816640
כספונט	גבעת חיים איחוד	גבעת חיים מאוחד			||||||	0	1	0	32.391056	34.933157
כספונט	תל אביב-יפו	נחלת בנימין 11			||||||	0	1	0	32.068316	34.770022
כספונט	הרצליה	רמת ים 7 קומה A למטה			||||||	0	1	0	32.177770	34.803033
כספונט	גדרה	הרצל 4			||||||	0	1	0	31.816541	34.772266
כספונט	ראשון לציון	שדרות נורדאו 57			||||||	0	1	0	32.017982	34.745820
כספונט	בני ברק	קהילות יעקב 63			||||||	0	1	0	32.071648	34.838581
כספונט	גבעתיים	עליית הנוער 27			||||||	0	1	0	32.074940	34.801449
כספונט	הרצליה	סוקולוב 58			||||||	0	1	0	32.167286	34.846479
כספונט	ראשון לציון	שלמה המלך 2			||||||	0	1	0	31.980391	34.789112
כספונט	רמת השרון	אוסישקין 63			||||||	0	1	0	32.143784	34.843836
כספונט	ירושלים	דרך שועפט 31			||||||	0	1	0	31.806292	35.234227
כספונט	ראשון לציון	לישנסקי 20			||||||	0	1	0	31.993546	34.767912
כספונט	ירושלים	פתח תקווה 16			||||||	0	1	0	31.793978	35.204845
כספונט	מעלות-תרשיחא	שדרות ירושלים 22			||||||	0	1	0	33.021212	35.286003
כספונט	טייבה	כניסת הגשר ליד בית הקברות			||||||	0	1	0	32.265258	35.000007
כספונט	קיבוץ להבות חביבה	קיבוץ להבות חביבה כביש 581			||||||	0	1	0	32.396729	35.006677
כספונט	קיבוץ עין הכרמל	בכניסה לקיבוץ עין הכרמל כביש 4			||||||	0	1	0	32.677399	34.961207
כספונט	רהט	כביש ראשי			||||||	0	1	0	31.398129	34.765653
כספונט	תל אביב-יפו	קינג גורג 46			||||||	0	1	0	32.073470	34.775075
כספונט	אשדוד	קיבוץ גלויות 7			||||||	0	1	0	31.805598	34.652063
כספונט	מעלות-תרשיחא	בן גוריון 85			||||||	0	1	0	33.014139	35.286811
כספונט	בת ים	בן גוריון 119			||||||	0	1	0	32.014665	34.738780
כספונט	חולון	הנרייטה סולד 2			||||||	0	1	0	32.023531	34.770115
כספונט	הרצליה	חבצלת השרון 35			||||||	0	1	0	32.179872	34.805233
כספונט	רמת גן	זבוטינסקי 91			||||||	0	1	0	32.088220	34.814073
כספונט	אור עקיבא	הנשיא ויצמן 770			||||||	0	1	0	32.511147	34.919279
כספונט	זבידת	זבידת			||||||	0	1	0	32.735883	35.138600
כספונט	ירושלים	המלך גורג 2			||||||	0	1	0	31.783391	35.217655
כספונט	רמלה	ביאליק 44			||||||	0	1	0	31.928610	34.804557
כספונט	אשקלון	הטייסים 56			||||||	0	1	0	31.677013	34.559780
כספונט	תל אביב-יפו	נחלת יצחק 10			||||||	0	1	0	32.075017	34.796750
כספונט	תל אביב-יפו	חכמי דוד 6			||||||	0	1	0	32.063679	34.780673
כספונט	שילה	מרכז מסחרי			||||||	0	1	0	32.046099	35.288140
כספונט	קיבוץ יקום	קיבוץ יקום כביש חיפה ת'א			||||||	0	1	0	32.248697	34.836072
כספונט	נתניה	גרינבוים 32			||||||	0	1	0	32.295387	34.850417
כספונט	אשקלון	הפורצים 1			||||||	0	1	0	31.653351	34.554846
כספונט	רמת גן	הרואה 45			||||||	0	1	0	32.084012	34.821326
כספונט	ירושלים	בכניסה לצור באהר			||||||	0	1	0	31.741087	35.235209
כספונט	תל אביב-יפו	סלמה 75			||||||	0	1	0	32.054885	34.769721
כספונט	שמשית	שמשית			||||||	0	1	0	32.734064	35.248334
כספונט	שדי חמד	מושב שדי חמד			||||||	0	1	0	32.160037	34.943108
כספונט	אילת	מרכז תיירות			||||||	0	1	0	29.551251	34.951913
כספונט	חולון	תמנע 8			||||||	0	1	0	32.023636	34.799894
כספונט	רמת גן	שפירא 3			||||||	0	1	0	32.081468	34.804787
כספונט	בת ים	שי עגנון 34			||||||	0	1	0	32.014726	34.739621
כספונט	ראשון לציון	רוטשילד 55			||||||	0	1	0	31.963792	34.800216
כספונט	פתח תקווה	עין גנים 69			||||||	0	1	0	32.084075	34.897121
כספונט	תל אביב-יפו	כרמל 7			||||||	0	1	0	32.067785	34.767846
כספונט	בת ים	בן גוריון 47			||||||	0	1	0	32.026094	34.741221
כספונט	ירושלים	האביר יעקב 2			||||||	0	1	0	31.840919	35.250280
כספונט	ירושלים	אתורי 190			||||||	0	1	0	31.879858	35.216993
כספונט	תל אביב-יפו	אצ"ל 47			||||||	0	1	0	32.051617	34.791509
כספונט	ירושלים	דרך שכם 15			||||||	0	1	0	31.793561	35.230161
כספונט	אלעד	שמעון הצדיק 41			||||||	0	1	0	32.047761	34.966216
כספונט	טבריה	הגליל 34			||||||	0	1	0	32.785437	35.540471
כספונט	תל אביב-יפו	מעפילים 31			||||||	0	1	0	32.059629	34.789114
כספונט	שפרעם	שפרעם			||||||	0	1	0	32.805898	35.164098
כספונט	תל אביב	אלנבי 104			||||||	0	1	0	32.065487	34.772088
כספונט	רמת גן	נגבה 23			||||||	0	1	0	32.070422	34.824501
כספונט	בת ים	מצודת ביתר 3			||||||	0	1	0	32.013457	34.749870
כספונט	בני ברק	כהנמן 78			||||||	0	1	0	32.080762	34.841243
כספונט	תל אביב-יפו	על פרשת דרכים 10			||||||	0	1	0	32.083684	34.795380
כספונט	תל אביב-יפו	התקווה 50			||||||	0	1	0	32.054107	34.788090
כספונט	טייבה	מחמוד דרוויש 2			||||||	0	1	0	32.264170	35.017060
כספונט	ירושלים	בית חנינא 6			||||||	0	1	0	31.835421	35.227517
כספונט	קיבוץ קליה	קיבוץ קליה ים המלח			||||||	0	1	0	31.751798	35.465492
כספונט	קיבוץ גבע	קיבוץ גבע חדר אוכל			||||||	0	1	0	32.566208	35.372490
כספונט	קיבוץ אילון	קיבוץ אילון חדר אוכל			||||||	0	1	0	33.064496	35.217770
כספונט	קיבוץ לוחמי הגטאות	קיבוץ לוחמי הגטאות חנות מפעל			||||||	0	1	0	32.963305	35.097659
כספונט	ירושלים	עין גדי 22			||||||	0	1	0	31.752769	35.222733
כספונט	ירושלים	טשרניחובסקי 47			||||||	0	1	0	31.764770	35.205527
כספונט	בני ברק	הרב קוק 24			||||||	0	1	0	32.085899	34.825911
כספונט	תל אביב-יפו	ישראל גורי 44			||||||	0	1	0	32.043841	34.781017
כספונט	תל אביב-יפו	יפת 176			||||||	0	1	0	32.039994	34.751089
כספונט	אשדוד	חטיבת הנגב 29			||||||	0	1	0	31.801311	34.664268
כספונט	תל אביב-יפו	מקוה ישראל 4			||||||	0	1	0	32.062141	34.774139
כספונט	אשקלון	הפנינים 31			||||||	0	1	0	31.665832	34.600854
כספונט	מושב עידן	מושב עידן			||||||	0	1	0	30.806085	35.299658
כספונט	פתח תקווה	הסיבים 37			||||||	0	1	0	32.088040	34.856704
כספונט	תל אביב-יפו	סלמה 90			||||||	0	1	0	32.054794	34.773599
כספונט	הוד השרון	בן גוריון 38			||||||	0	1	0	32.159125	34.887768
כספונט	ערערה	כביש ראשי בכניסה			||||||	0	1	0	32.502363	35.086733
כספונט	תל אביב-יפו	רבי מאיר בעל הנס 32			||||||	0	1	0	32.049315	34.776188
כספונט	פתח תקווה	אורלוב 88			||||||	0	1	0	32.094724	34.887469
כספונט	מושב חצבה	חצבה בערבה			||||||	0	1	0	30.767311	35.279655
כספונט	חיפה	התיכון 19			||||||	0	1	0	32.792400	35.013936
כספונט	חולון	הופיין 70			||||||	0	1	0	32.013744	34.774948
כספונט	אבשלום	אבשלום			||||||	0	1	0	31.193690	34.335940
כספונט	קרית אונו	יצחק נבון 6			||||||	0	1	0	32.063375	34.843119
כספונט	תל אביב-יפו	הירקון 296			||||||	0	1	0	32.095986	34.774522
כספונט	תל אביב-יפו	דיזינגוף 81			||||||	0	1	0	32.076980	34.774521
כספונט	דימונה	דרך בן גוריון 1045			||||||	0	1	0	31.073739	35.034322
כספונט	טירה	כניסה דרומית טירה, כביש 24			||||||	0	1	0	32.226766	34.941711
כספונט	חיפה	וינגייט 6			||||||	0	1	0	32.804310	34.991880
כספונט	תל אביב-יפו	עמישב 32			||||||	0	1	0	32.062131	34.805494
כספונט	כפר קאסם	שוק כפר קאסם			||||||	0	1	0	32.116936	34.953117
כספונט	פתח תקווה	בזל 7 קרית אריה			||||||	0	1	0	32.097373	34.867030
כספונט	צומת חוקוק	כביש 90 חוקוק			||||||	0	1	0	32.867595	35.530577
כספונט	רמלה	צה'ל 2			||||||	0	1	0	31.934217	34.858721
כספונט	נוף הגליל	כוכבית 2			||||||	0	1	0	32.729361	35.336512
כספונט	מכמורת	מכמורת			||||||	0	1	0	32.404927	34.872712
כספונט	מעיין ברוך	מעיין ברוך			||||||	0	1	0	33.240713	35.608744
כספונט	מודיעין-מכבים-רעות	זכריה הנביא 6			||||||	0	1	0	31.910206	35.013841
כספונט	אשדוד	אחי אילת 4			||||||	0	1	0	31.806700	34.648736
כספונט	אשדוד	מדרחוב הנביאים 1			||||||	0	1	0	31.782571	34.647702
כספונט	ראשון לציון	מורדי הגטאות 44			||||||	0	1	0	31.954442	34.822578
כספונט	באר שבע	ביאליק 56			||||||	0	1	0	31.250229	34.788480
כספונט	נצרת	נצרת			||||||	0	1	0	32.704820	35.306877
כספונט	פרדס חנה-כרכור	כורש 12			||||||	0	1	0	32.477809	34.956939
כספונט	אשדוד	הבנאים 3			||||||	0	1	0	31.812770	34.658384
כספונט	ראשון לציון	פריימן 18			||||||	0	1	0	31.975159	34.812711
כספונט	אשדוד	מדרחוב הנביאים 2 חנות 3			||||||	0	1	0	31.783256	34.647968
כספונט	חולון	ביאליק 62			||||||	0	1	0	32.009777	34.771410
כספונט	תל אביב-יפו	סולומון 16			||||||	0	1	0	32.060325	34.779420
כספונט	ירושלים	דהומי 6			||||||	0	1	0	31.756856	35.166489
כספונט	בת ים	ניסנבאום 37			||||||	0	1	0	32.013238	34.752455
כספונט	אור יהודה	החרושת 2			||||||	0	1	0	32.020763	34.860862
כספונט	ירושלים	אל מדרס 189			||||||	0	1	0	31.782960	35.231891
כספונט	ירושלים	אל וואדי 3			||||||	0	1	0	31.789273	35.237628
כספונט	ירושלים	אל מחאגר 18			||||||	0	1	0	31.724330	35.233873
כספונט	פתח תקווה	מוהליבר 8			||||||	0	1	0	32.087633	34.885111
כספונט	תל אביב-יפו	יפת 214			||||||	0	1	0	32.036423	34.748783
כספונט	ירושלים	אל משה 3			||||||	0	1	0	31.784515	35.212886
כספונט	תל שבע	שכונה 26 בית 140			||||||	0	1	0	31.242175	34.860457
כספונט	גבעתיים	סירקין 7			||||||	0	1	0	32.077004	34.814439
כספונט	קיבוץ גונן	קיבוץ גונן			||||||	0	1	0	33.123421	35.647162
כספונט	הוד השרון	סוקולוב 15			||||||	0	1	0	32.162347	34.902615
כספונט	ירושלים	איילה 419			||||||	0	1	0	31.728559	35.187761
כספונט	אילת	שרה אמנו 1			||||||	0	1	0	29.542030	34.928006
כספונט	בני ברק	נעם אלימלך 2			||||||	0	1	0	32.085642	34.843576
כספונט	ירושלים	תכלת מרדכי 4			||||||	0	1	0	31.792994	35.206037
כספונט	לוד	אקסודוס 91			||||||	0	1	0	31.955640	34.901276
כספונט	רמת גן	ז'בוטינסקי 44			||||||	0	1	0	32.084611	34.809701
כספונט	ג'סר א-זרקא	כביש ראש גאסר אל זרקא			||||||	0	1	0	32.536193	34.912058
כספונט	צפת	ויצמן 5			||||||	0	1	0	32.957260	35.496764
כספונט	אשדוד	העבודה 50			||||||	0	1	0	31.810232	34.665885
כספונט	תל אביב-יפו	פרישמן 61			||||||	0	1	0	32.079662	34.776950
כספונט	ירושלים	אל סולטאן			||||||	0	1	0	31.732486	35.229614
כספונט	בית זרע	קיבוץ בית זרע			||||||	0	1	0	32.687897	35.574110
כספונט	רכסים	הרימונים 1			||||||	0	1	0	32.749900	35.100916
כספונט	אילת	ברקת 13			||||||	0	1	0	29.550414	34.947458
כספונט	אריאל	כניסה לאריאל			||||||	0	1	0	32.107264	35.165004
כספונט	פתח תקווה	הסתדרות 26			||||||	0	1	0	32.086071	34.886657
כספונט	נתניה	ויצמן 12			||||||	0	1	0	32.329625	34.858949
כספונט	תל אביב-יפו	אלנבי 13			||||||	0	1	0	32.086402	34.858727
כספונט	טמרה	טמרה			||||||	0	1	0	32.850087	35.202520
כספונט	חולון	שדרות ירושלים 7			||||||	0	1	0	32.021317	34.786460
כספונט	טייבה	כביש ראשי ליד בנק מזרחי			||||||	0	1	0	32.276074	35.005964
כספונט	נתניה	אגם כינרת 6			||||||	0	1	0	32.290517	34.851130
כספונט	פתח תקווה	בן ציון גליס 24			||||||	0	1	0	32.105059	34.893444
כספונט	בת חפר	בת חפר			||||||	0	1	0	32.335492	35.012949
כספונט	ערערה בנגב	ערערה			||||||	0	1	0	31.161798	35.015005
כספונט	תל שבע	בית 247			||||||	0	1	0	31.249252	34.857698
כספונט	נתניה	פנקס 43			||||||	0	1	0	32.314878	34.873988
כספונט	רמלה	שושנה דמארי 14			||||||	0	1	0	31.916265	34.870948
כספונט	פתח תקווה	מבצע דקל 9			||||||	0	1	0	32.092587	34.870809
כספונט	ראשון לציון	ירושלים 155			||||||	0	1	0	31.959700	34.831673
כספונט	יבנה	דרור 47			||||||	0	1	0	31.878883	34.746331
כספונט	טייבה	ליד דואר טייבה דרום			||||||	0	1	0	32.257846	35.005178
כספונט	רמלה	מבצע יונתן 8			||||||	0	1	0	31.925709	34.854518
כספונט	בני ברק	זבוטינסקי 97			||||||	0	1	0	32.093069	34.837190
כספונט	אורים	אורים			||||||	0	1	0	31.317113	34.525600
כספונט	ג'סר א-זרקא	ג'אסר אל זרקה			||||||	0	1	0	32.531246	34.912773
כספונט	רעננה	אחוזה 87			||||||	0	1	0	32.179651	34.877976
כספונט	חיפה	ארלוזורוב 73			||||||	0	1	0	32.806878	34.996108
כספונט	אילת	תרשיש מתחם קניות פוזה			||||||	0	1	0	29.551706	34.957823
כספונט	קיבוץ שער - העמקים	קיבוץ שער - העמקים			||||||	0	1	0	32.722558	35.111914
כספונט	בני ברק	מתתיהו 10			||||||	0	1	0	32.076910	34.841016
כספונט	בני ברק	בן גוריון 31			||||||	0	1	0	32.090078	34.822649
כספונט	ראשון לציון	ירושלים 20			||||||	0	1	0	31.962091	34.809415
כספונט	תל אביב-יפו	בן יהודה 59			||||||	0	1	0	32.061292	34.773654
כספונט	אשדוד	רוזובסקי 8			||||||	0	1	0	31.803047	34.659536
כספונט	קיבוץ נירים	קיבוץ נירים			||||||	0	1	0	31.335242	34.395744
כספונט	חולון	קראוזה 61			||||||	0	1	0	32.020842	34.781569
כספונט	עספיא	כביש ראשי מול המועצה			||||||	0	1	0	32.721615	35.061107
כספונט	עספיא	כביש ראשי			||||||	0	1	0	32.705963	35.063869
כספונט	רמת גן	ארלוזורוב 52			||||||	0	1	0	32.081679	34.809800
כספונט	חיפה	אחי אילת 60			||||||	0	1	0	31.780161	35.220530
כספונט	אור יהודה	מרדכי בן פורת 79			||||||	0	1	0	32.026050	34.853293
כספונט	ירושלים	הגיא 68			||||||	0	1	0	31.789761	35.205452
כספונט	אשדוד	שד. מנחם בגין			||||||	0	1	0	31.779716	34.659486
כספונט	נתניה	האצל 7			||||||	0	1	0	32.318201	34.858862
כספונט	ירושלים	הנביאים 2			||||||	0	1	0	31.782429	35.229079
כספונט	טבריה	שקד 801			||||||	0	1	0	32.785355	35.524422
כספונט	תל אביב-יפו	קניון עזריאלי בנין מרובע			||||||	0	1	0	32.074902	34.792260
כספונט	נוף הגליל	מעלה יצחק רבין 11			||||||	0	1	0	32.701148	35.318236
כספונט	בת ים	דניאל 48			||||||	0	1	0	32.021845	34.749961
כספונט	צומת ראם / מסמייה	צומת כבישים 3/40			||||||	0	1	0	31.758265	34.783595
כספונט	נוף הגליל	הגפן 16			||||||	0	1	0	32.693939	35.316321
כספונט	פוריידיס	ליד הגשר			||||||	0	1	0	32.589589	34.955735
כספונט	חדרה	מיכאל חזני 1			||||||	0	1	0	32.428712	34.916666
כספונט	חדרה	רנא 59			||||||	0	1	0	32.439370	34.914162
כספונט	חדרה	הגיבורים 80			||||||	0	1	0	32.438041	34.923324
כספונט	חדרה	הלל יפה 21			||||||	0	1	0	32.436740	34.916968
כספונט	עין שמר	כלבו קיבוץ עין שמר			||||||	0	1	0	32.463342	35.005889
כספונט	חדרה	ביאליק 58			||||||	0	1	0	32.431868	34.919512
כספונט	חדרה	צהל 35			||||||	0	1	0	32.440883	34.931527
כספונט	מודיעין עילית	רבי עקיבא 3			||||||	0	1	0	31.939820	35.038371
כספונט	חדרה	הנשיא 70			||||||	0	1	0	32.438701	34.924635
כספונט	פרדס חנה-כרכור	הגלעד 1			||||||	0	1	0	32.473154	34.974914
כספונט	ג'סר א-זרקא	הים			||||||	0	1	0	32.535666	34.910781
כספונט	עספיא	עוספיה			||||||	0	1	0	32.716895	35.066355
כספונט	רחובות	סעדיה גאון 2			||||||	0	1	0	31.885952	34.808563
כספונט	טייבה	טייבה			||||||	0	1	0	32.258806	35.011392
כספונט	טירה	כניסה דרומית			||||||	0	1	0	32.227805	34.942218
כספונט	גן יאשיה	גן יאשיה			||||||	0	1	0	32.350233	34.995317
כספונט	רמת גן	עוזיאל 116			||||||	0	1	0	32.066384	34.821162
כספונט	תל אביב-יפו	הרצל 98			||||||	0	1	0	32.056249	34.770807
כספונט	תל אביב-יפו	דיזינגוף 101			||||||	0	1	0	32.078920	34.774058
כספונט	ירושלים	דרך בית לחם הישן 116			||||||	0	1	0	31.766181	35.247097
כספונט	ירושלים	צפניה 72 פינת ירמיהו			||||||	0	1	0	31.793489	35.215165
כספונט	תל אביב-יפו	יסוד המעלה 40			||||||	0	1	0	32.057819	34.781210
כספונט	ירושלים	אדוניהו הכהן 5			||||||	0	1	0	31.791729	35.220775
כספונט	ירושלים	פינס 3			||||||	0	1	0	31.785395	35.215006
כספונט	ירושלים	אגריפס 1			||||||	0	1	0	31.782749	35.217183
כספונט	קרית חיים	יהודה איתין 5			||||||	0	1	0	32.816260	35.050394
כספונט	רמת גן	ביאליק 57			||||||	0	1	0	32.084419	34.813295
כספונט	חדרה	יצחק רבין 11			||||||	0	1	0	32.427382	34.923230
כספונט	תל אביב-יפו	בית אשל 30			||||||	0	1	0	32.053840	34.756857
כספונט	זכרון יעקב	כביש זכרון בנימינה			||||||	0	1	0	32.555898	34.957847
כספונט	בני ברק	בירנבוים 19			||||||	0	1	0	32.071452	34.840465
כספונט	תל אביב-יפו	אלנבי 35			||||||	0	1	0	32.071512	34.769726
כספונט	בני ברק	אהבת שלום 5			||||||	0	1	0	32.076264	34.836499
כספונט	נתניה	פתח תקווה 82			||||||	0	1	0	32.317708	34.857616
כספונט	תל אביב-יפו	הרצל 114			||||||	0	1	0	32.055123	34.770759
כספונט	טבריה	יהודה הנשיא			||||||	0	1	0	32.795321	35.528943
כספונט	שפרעם	שכונת מאידן			||||||	0	1	0	32.807642	35.177549
כספונט	באר שבע	ח'ן			||||||	0	1	0	31.266892	34.777034
כספונט	נחף	נחף כניסה			||||||	0	1	0	32.928945	35.320012
כספונט	אשקלון	יפה נוף 5/11			||||||	0	1	0	31.682452	34.560068
כספונט	תל אביב-יפו	שדרות הר ציון 44			||||||	0	1	0	32.055210	34.775677
כספונט	אשקלון	אייר 8			||||||	0	1	0	31.671232	34.580478
כספונט	תל אביב-יפו	הכרמל 48			||||||	0	1	0	32.068668	34.768949
כספונט	חריש	כניסה לחריש			||||||	0	1	0	32.471364	35.039432
כספונט	תל אביב-יפו	השומר 2			||||||	0	1	0	32.068716	34.769237
כספונט	כפר מעש	השלושה 23			||||||	0	1	0	32.066044	34.889885
כספונט	נצרת	איזור המוסכים			||||||	0	1	0	32.699112	35.299324
כספונט	ירכא	מרכז סיטי מול אזור תעשיה ירכא תחנת דלק פז			||||||	0	1	0	32.952380	35.178492
כספונט	פתח תקווה	חפץ חיים 81			||||||	0	1	0	32.078410	34.888953
כספונט	ראש העין	כניסה דרומית			||||||	0	1	0	32.104375	34.943242
כספונט	פתח תקווה	בן ציון גליס 30			||||||	0	1	0	32.106358	34.892525
כספונט	יבניאל	כיכר הראשונים			||||||	0	1	0	32.703608	35.506480
כספונט	כפר ימה	מרכז הכפר ימאה			||||||	0	1	0	32.369103	35.032495
כספונט	בית שמש	בן איש חי 39			||||||	0	1	0	31.747777	35.000877
כספונט	כאוכב	חנות מרכז הכפר			||||||	0	1	0	32.830484	35.248479
כספונט	תל אביב-יפו	כרמל 41			||||||	0	1	0	32.069786	34.770149
כספונט	ראש העין	הרשש 34			||||||	0	1	0	32.103572	34.948052
כספונט	פתח תקווה	רמז 1			||||||	0	1	0	32.090243	34.904371
כספונט	מודיעין-מכבים-רעות	חטיבת גולני 9			||||||	0	1	0	31.909370	35.001399
כספונט	רחובות	הלל וחנן אופנהיימר 2			||||||	0	1	0	31.909799	34.805460
כספונט	נתניה	גיבורי ישראל 40			||||||	0	1	0	32.283473	34.861700
כספונט	תל אביב-יפו	הכרמל 58 פינת נחלת בנימין 2			||||||	0	1	0	32.069621	34.770439
כספונט	בית שמש	נחל דולב 19 רמת בית שמש			||||||	0	1	0	31.713820	34.998244
כספונט	כפר כנא	כפר כנא			||||||	0	1	0	32.745620	35.343542
כספונט	ג'סר א-זרקא	ג'סר אל זרקה צפון			||||||	0	1	0	32.539407	34.913655
כספונט	ירכא	ירכא			||||||	0	1	0	32.952917	35.205530
כספונט	כרמיאל	שדרות קקל 98			||||||	0	1	0	32.910126	35.292594
כספונט	רהט	רהט			||||||	0	1	0	31.393723	34.771936
כספונט	רמת גן	ביאליק 133			||||||	0	1	0	32.088590	34.802838
כספונט	ירכא	שכונת חיילים משוחררים			||||||	0	1	0	32.952374	35.193439
כספונט	בית קשת	צומת כדורי			||||||	0	1	0	32.705423	35.410189
כספונט	ירושלים	ראבעה אל עדוויה			||||||	0	1	0	31.781606	35.246513
כספונט	רמת גן	הרואה 121			||||||	0	1	0	32.079397	34.825797
כספונט	מודיעין	נתיבות המשפט 61			||||||	0	1	0	31.927735	35.045407
כספונט	כביש 40 מול מושב סתריה	תחנת דלק סונול כביש 40 מול מושב סתריה			||||||	0	1	0	31.896373	34.840528
כספונט	הוד השרון	דרך רמתיים 36			||||||	0	1	0	32.159110	34.894583
כספונט	עמיעוז	בכניסה למושב			||||||	0	1	0	31.247391	34.407988
כספונט	אשדוד	מתחם עד הלום			||||||	0	1	0	31.766579	34.666042
כספונט	תל אביב-יפו	הקריה - כניסה שער קפלן			||||||	0	1	0	32.073732	34.784831
כספונט	אבן יהודה	דלק דרור			||||||	0	1	0	32.256123	34.877295
כספונט	ראש העין	יהודה הלוי 74			||||||	0	1	0	32.094717	34.954352
כספונט	כפר סבא	ששת הימים 45			||||||	0	1	0	32.176046	34.894611
כספונט	לוד	שפירא 20			||||||	0	1	0	31.945636	34.895029
כספונט	שדרות	משה דיין 3			||||||	0	1	0	31.526684	34.605018
כספונט	הוד השרון	חטיבת יפתח			||||||	0	1	0	32.136578	34.873750
כספונט	תל אביב-יפו	אלנבי 12			||||||	0	1	0	32.073479	34.766255
כספונט	רעננה	התקווה 18			||||||	0	1	0	32.195529	34.856441
כספונט	קלנסווה	כביש 5614 בדרך לקלנסווה			||||||	0	1	0	32.304675	34.982459
כספונט	אשדוד	דלק מיקה שדרות בני ברית			||||||	0	1	0	31.813279	34.665155
כספונט	שדרות	ברית ערים 5			||||||	0	1	0	31.524970	34.601954
כספונט	אשדוד	תשח 11			||||||	0	1	0	31.787745	34.645589
כספונט	חולון	פנחס לבון 3			||||||	0	1	0	32.009505	34.770049
כספונט	קלנסווה	כביש ראשי			||||||	0	1	0	32.283847	34.988374
כספונט	בני ברק	חלוצים 10			||||||	0	1	0	32.093731	34.840818
כספונט	אריאל	רמת הגולן 3			||||||	0	1	0	32.105253	35.197927
כספונט	מושב מצליח	עוזי חיטמן 44			||||||	0	1	0	31.917349	34.868255
כספונט	חיפה	חלוצי התעשיה 2			||||||	0	1	0	32.811319	35.069282
כספונט	בני ברק	יגאל אלון 12			||||||	0	1	0	32.097438	34.836333
כספונט	ברטעה	כביש ראשי כיכר שלישית			||||||	0	1	0	32.469514	35.090202
כספונט	טייבה	אל עמאל 7			||||||	0	1	0	32.264597	35.002502
כספונט	שגב שלום	כביש ראשי			||||||	0	1	0	31.198119	34.838038
כספונט	ירושלים	שחל 58			||||||	0	1	0	31.764401	35.194818
כספונט	טמרה	טמרה			||||||	0	1	0	32.850211	35.182930
כספונט	חיפה	ערד 20			||||||	0	1	0	32.792794	35.020179
כספונט	נווה זיו	נווה זיו			||||||	0	1	0	33.027619	35.184402
כספונט	פתח תקווה	קפלן 45			||||||	0	1	0	32.082645	34.868315
כספונט	תל אביב-יפו	פינסקר 45			||||||	0	1	0	32.075988	34.771929
כספונט	תל אביב-יפו	עולי ציון 6			||||||	0	1	0	32.053749	34.756069
כספונט	אשדוד	מתחם הרכבת			||||||	0	1	0	31.775302	34.663055
כספונט	גבעתיים	כצנלסון 129			||||||	0	1	0	32.076531	34.815768
כספונט	תל אביב-יפו	החשמל 1			||||||	0	1	0	32.061267	34.775903
כספונט	אשקלון	עולי הגרדום 9			||||||	0	1	0	31.650701	34.553865
כספונט	אילת	הנחושת			||||||	0	1	0	29.565596	34.952769
כספונט	אילת	שדרות התמרים			||||||	0	1	0	29.560850	34.951026
כספונט	אשדוד	חטיבת כרמלי 3-9			||||||	0	1	0	31.804670	34.661487
כספונט	פתח תקווה	רוטשילד 132			||||||	0	1	0	32.081168	34.883539
כספונט	פתח תקווה	שטמפפר 17			||||||	0	1	0	32.090150	34.885944
כספונט	גבעתיים	שנקין 58			||||||	0	1	0	32.076110	34.814623
כספונט	גבעתיים	בן גוריון 152			||||||	0	1	0	32.079168	34.819849
כספונט	עין קיניא	עין קינייא			||||||	0	1	0	33.237289	35.731306
כספונט	אילת	שדרות התמרים			||||||	0	1	0	29.560990	34.951026
כספונט	לוד	דוד המלך 17			||||||	0	1	0	31.949834	34.887714
כספונט	הרצליה	בן גוריון 56			||||||	0	1	0	32.158083	34.842367
כספונט	קיבוץ חצרים	קיבוץ חצרים			||||||	0	1	0	31.239846	34.714783
כספונט	תל אביב-יפו	מסילת ישרים 21			||||||	0	1	0	32.049823	34.776145
כספונט	תל אביב-יפו	תחנה מרכזית קומה 6			||||||	0	1	0	32.055470	34.780290
כספונט	מזכרת בתיה	מזכרת בתיה delek			||||||	0	1	0	31.846811	34.839442
כספונט	נין	בכניסה delek			||||||	0	1	0	32.638657	35.344274
כספונט	תל אביב-יפו	האצל 20			||||||	0	1	0	32.052556	34.791445
כספונט	קיבוץ רעים	כולבו קיבוץ רעים			||||||	0	1	0	31.386173	34.457942
כספונט	צומת מחניים	צומת מחניים			||||||	0	1	0	32.990462	35.563152
כספונט	תל אביב-יפו	ההגנה 71			||||||	0	1	0	32.054133	34.790594
כספונט	ירושלים	היהודים 1 העיר העתיקה			||||||	0	1	0	31.774217	35.231023
כספונט	בנימינה	צומת בנימינה הגדולה			||||||	0	1	0	32.508098	34.932178
כספונט	טבריה	אור חיים 3			||||||	0	1	0	32.779081	35.516275
כספונט	נהריה	החלוץ 58			||||||	0	1	0	33.022399	35.105931
כספונט	ירושלים	הדישון 21			||||||	0	1	0	31.752681	35.181653
כספונט	רמת גן	בניהו 26			||||||	0	1	0	32.050017	34.815311
כספונט	תל אביב-יפו	מחל 26			||||||	0	1	0	32.049112	34.803820
כספונט	תל אביב-יפו	רמת אביב, קרוב לחוף תל ברוך			||||||	0	1	0	32.129384	34.789033
כספונט	רעננה	אחוזה 278			||||||	0	1	0	32.186758	34.856118
כספונט	הוד השרון	מבוא קדם 3			||||||	0	1	0	32.155946	34.920403
כספונט	מועאוויה	כביש ראשי			||||||	0	1	0	32.529507	35.101855
כספונט	ירושלים	אבנר חי שאקי 27			||||||	0	1	0	31.736882	35.175908
כספונט	זלפה	בכניסה לדואר זלפה			||||||	0	1	0	32.548900	35.186941
כספונט	צומת גילת	צומת גילת delek			||||||	0	1	0	31.337797	34.652833
כספונט	ראשון לציון	רוטשילד 122			||||||	0	1	0	31.964643	34.792133
כספונט	באר יעקב	אפרים קישון 9			||||||	0	1	0	31.941935	34.843810
כספונט	דימונה	באבא סאלי 122			||||||	0	1	0	31.075412	35.036662
כספונט	באר יעקב	הגפן 2			||||||	0	1	0	31.943871	34.834582
כספונט	ירושלים	ואדי ג'וז			||||||	0	1	0	31.792842	35.236869
כספונט	חיזמא	ציר 60			||||||	0	1	0	31.838330	35.265602
כספונט	נצרת	כרם אל אסחאב			||||||	0	1	0	32.710288	35.298785
כספונט	ראשון לציון	משה בקר 9 א			||||||	0	1	0	31.974440	34.808695
כספונט	קיבוץ מצר	קיבוץ מצר			||||||	0	1	0	32.440439	35.048781
כספונט	טייבה	על הדרך 24 דרום			||||||	0	1	0	32.259650	35.012436
כספונט	ערערה	ערערה			||||||	0	1	0	31.161757	35.014882
כספונט	ראשון לציון	הרצל 33			||||||	0	1	0	31.970219	34.805399
כספונט	ירושלים	יד חרוצים 16			||||||	0	1	0	31.750797	35.216003
כספונט	כפר יונה	העליה 33			||||||	0	1	0	32.316070	34.928858
כספונט	ירושלים	רבקה 19			||||||	0	1	0	31.754885	35.215487
כספונט	מעלות-תרשיחא	החרושת 8			||||||	0	1	0	33.017924	35.278494
כספונט	תל אביב-יפו	אריה דיסנציק 9			||||||	0	1	0	32.117470	34.827100
כספונט	כפר קרע	בכניסה לכפר קרע			||||||	0	1	0	32.501967	35.060687
כספונט	ראשון לציון	נווה דקלים 44			||||||	0	1	0	31.979340	34.761092
כספונט	תל אביב-יפו	הברזל 6			||||||	0	1	0	32.106475	34.835233
כספונט	הרצליה	אשר ברוש 5			||||||	0	1	0	32.171027	34.838230
כספונט	ראשון לציון	הרב דוד חיים הלוי 5			||||||	0	1	0	31.946721	34.817778
כספונט	ראשון לציון	אברבנל 4			||||||	0	1	0	31.965632	34.811146
כספונט	חולון	חנקין 93			||||||	0	1	0	32.018090	34.778720
כספונט	אשקלון	יהדות ספרד 19			||||||	0	1	0	31.676245	34.583575
כספונט	רמת גן	זבוטינסקי 76			||||||	0	1	0	32.086043	34.811338
כספונט	באר שבע	אוהלי קידר 1			||||||	0	1	0	31.239985	34.796522
כספונט	נס ציונה	חיים בר לב 2			||||||	0	1	0	31.924087	34.782543
כספונט	אשקלון	אלי כהן 9			||||||	0	1	0	31.669213	34.576035
כספונט	באר שבע	אנדרטה 1			||||||	0	1	0	31.275072	34.821417
כספונט	ירושלים	בית לחם 72			||||||	0	1	0	31.774596	35.186850
כספונט	צפת	כיכר השבת 206			||||||	0	1	0	32.958945	35.491645
כספונט	אשקלון	בקעת הרימון 14 שכונת אגמים			||||||	0	1	0	31.650364	34.567067
כספונט	טייבה	כביש ראשי			||||||	0	1	0	32.255588	34.997410
כספונט	גבעתיים	כצלנסון 109			||||||	0	1	0	32.077047	34.813908
כספונט	אשדוד	רוגוזין 9			||||||	0	1	0	31.806741	34.643947
כספונט	פתח תקווה	זרובבל 2			||||||	0	1	0	32.074101	34.884329
כספונט	בת ים	העמל 20			||||||	0	1	0	32.004646	34.747544
כספונט	תל אביב-יפו	הר ציון 10			||||||	0	1	0	32.058895	34.777543
כספונט	ים המלח	קניון פטרה			||||||	0	1	0	31.201069	35.363261
כספונט	כפר כמא	אמצע הכפר כביש ראשי			||||||	0	1	0	32.722022	35.440969
כספונט	מגדל העמק	נחל הצבי 120			||||||	0	1	0	32.687581	35.236603
כספונט	לוד	שד'' צהל 28			||||||	0	1	0	31.953771	34.897479
כספונט	ירושלים	הרטום 8			||||||	0	1	0	31.803894	35.215294
כספונט	ירושלים	חזון איש 60 רמות			||||||	0	1	0	31.809890	35.218928
כספונט	אילת	לוס אנג'לס			||||||	0	1	0	29.558368	34.943073
כספונט	באר שבע	יד ושם 23			||||||	0	1	0	31.249510	34.802201
כספונט	מולדת	מרכז מולדת			||||||	0	1	0	32.585707	35.442270
כספונט	רחובות	הרצל 49			||||||	0	1	0	31.886352	34.814388
כספונט	באר שבע	אבהרם אבינו 33			||||||	0	1	0	31.264766	34.793560
כספונט	מזרע	מזרע			||||||	0	1	0	32.649837	35.291145
כספונט	ירכא	ירכא			||||||	0	1	0	32.953830	35.225664
כספונט	באר שבע	שאול המלך 14			||||||	0	1	0	31.264158	34.784568
כספונט	אשדוד	שמואל הנגיד 17			||||||	0	1	0	31.800288	34.647910
כספונט	בת ים	הנביאים 55			||||||	0	1	0	32.009548	34.743842
כספונט	אילת	צין 693/1			||||||	0	1	0	29.560308	34.945569
כספונט	ראשון לציון	השירה העברית 10			||||||	0	1	0	31.977224	34.769662
כספונט	רמת גן	מלכי צדק 23			||||||	0	1	0	32.050615	34.820165
כספונט	בת ים	העבודה 14 פינת המלאכה א.ת			||||||	0	1	0	32.010438	34.749662
כספונט	חולון	אילת 20			||||||	0	1	0	32.021096	34.765081
כספונט	נתבג	נתבג			||||||	0	1	0	31.991077	34.903698
כספונט	בני ברק	דמשק אליעזר 6			||||||	0	1	0	32.075402	34.836448
כספונט	ירושלים	תל ציון			||||||	0	1	0	31.777524	35.250448
כספונט	לוד	חללי מינכן 10			||||||	0	1	0	31.947005	34.894819
כספונט	שפרעם	שפרעם			||||||	0	1	0	32.809137	35.181054
כספונט	כוכב יעקב	קהילות יעקב 1			||||||	0	1	0	31.880569	35.239854
כספונט	תל אביב-יפו	לה גווארדיה 76			||||||	0	1	0	32.059025	34.801036
כספונט	באר שבע	סוקולוב 26			||||||	0	1	0	31.246209	34.789474
כספונט	באר שבע	לואי פיקרד 1			||||||	0	1	0	31.278025	34.798990
כספונט	גדרה	ויצמן 10			||||||	0	1	0	31.818495	34.775164
כספונט	דימונה	גמלא 42			||||||	0	1	0	31.053344	35.034170
כספונט	לקיה	שכונה 3 בית 43			||||||	0	1	0	31.325325	34.864049
כספונט	בית אל	בילו 4			||||||	0	1	0	31.936135	35.223225
כספונט	ירושלים	בית לחם 2			||||||	0	1	0	31.769460	35.224022
כספונט	אילת	המוצר			||||||	0	1	0	29.565899	34.958379
כספונט	אשקלון	הסתדרות 14			||||||	0	1	0	31.658782	34.561316
כספונט	ירושלים	בית לחם 78			||||||	0	1	0	31.757152	35.221031
כספונט	ירושלים	רכבים 3			||||||	0	1	0	31.752843	35.212680
כספונט	יאנוח-ג'ת	כביש ראשי			||||||	0	1	0	32.982971	35.251021
כספונט	נתניה	הארי 12 פינת חתם סופר			||||||	0	1	0	32.312064	34.856843
כספונט	רהט	שכונה 13 בית 71			||||||	0	1	0	31.391085	34.746133
כספונט	רמת השרון	טרומפלדור 5			||||||	0	1	0	32.136703	34.843801
כספונט	רמת גן	ירושלים 54			||||||	0	1	0	32.074523	34.825474
כספונט	תל אביב-יפו	מסילת ישרים 91			||||||	0	1	0	32.054300	34.777775
כספונט	פתח תקווה	הברון הירש 9			||||||	0	1	0	32.089925	34.882673
כספונט	מעלה אדומים	פרי מגדים 103			||||||	0	1	0	31.769911	35.291778
כספונט	בית שמש	האמוראים 12			||||||	0	1	0	31.706078	34.972588
כספונט	באר שבע	הדעת 96			||||||	0	1	0	31.273128	34.803087
כספונט	מודיעין-מכבים-רעות	אבני החושן 15			||||||	0	1	0	31.902871	34.996614
כספונט	בית חנינא	דרך רמלה 12			||||||	0	1	0	31.843076	35.230059
כספונט	אשקלון	יהדות ספרד 54			||||||	0	1	0	31.675481	34.585721
כספונט	עראבה	כביש ראשי			||||||	0	1	0	32.847744	35.337133
כספונט	מעלה אדומים	כיכר מעלה אדומים			||||||	0	1	0	31.766745	35.288775
כספונט	אשדוד	הורקנוס 8			||||||	0	1	0	31.791421	34.660812
כספונט	רמת גן	נווה יהושוע 23			||||||	0	1	0	32.060091	34.832150
כספונט	ירושלים	סלאח אדין 5			||||||	0	1	0	31.784801	35.231813
כספונט	אשדוד	תל חי 39			||||||	0	1	0	31.768735	34.628333
כספונט	שכניה	שכניה			||||||	0	1	0	32.848518	35.246901
כספונט	ירושלים	דרך חברון 138			||||||	0	1	0	31.747530	35.217579
כספונט	עילבון	כביש ראשי			||||||	0	1	0	32.833144	35.395926
כספונט	אשקלון	צה'ל 56			||||||	0	1	0	31.661999	34.594530
כספונט	ירושלים	האומן 15			||||||	0	1	0	31.749913	35.209741
כספונט	קלנסווה	קלנסואה delek			||||||	0	1	0	32.302273	34.981791
כספונט	כפר קאסם	עבד אל כרים			||||||	0	1	0	32.113143	34.963593
כספונט	חדרה	רמבם 25			||||||	0	1	0	32.436784	34.913405
כספונט	בת ים	זבוטינסקי 6			||||||	0	1	0	32.021015	34.741139
כספונט	עילבון	עילבון			||||||	0	1	0	32.836929	35.400910
כספונט	רמת גן	ביאליק 138			||||||	0	1	0	32.088731	34.804164
כספונט	יאנוח-ג'ת	ינוח מול מאפית אל חלאל			||||||	0	1	0	32.982884	35.248350
כספונט	נצרת	שכונת קרקבי			||||||	0	1	0	32.704807	35.284858
כספונט	מעלה אדומים	אלמוג 21			||||||	0	1	0	31.790447	35.308856
כספונט	ירושלים	הגיא 92			||||||	0	1	0	31.823029	35.237300
כספונט	באר שבע	מצדה 216			||||||	0	1	0	31.258294	34.775394
כספונט	ירושלים	בית ישראל 17			||||||	0	1	0	31.789360	35.224427
כספונט	ראשון לציון	זבוטינסקי 16			||||||	0	1	0	31.961865	34.800341
כספונט	חולון	חיים לנדאו 16			||||||	0	1	0	31.999181	34.765870
כספונט	אילת	מרכז תיירות			||||||	0	1	0	29.551108	34.952384
כספונט	קיבוץ הזורע	קיבוץ הזורע			||||||	0	1	0	32.644793	35.119573
כספונט	נתניה	יוספטל 2			||||||	0	1	0	32.329412	34.867296
כספונט	גבעת כוח	גבעת כוח			||||||	0	1	0	32.029962	34.934640
כספונט	לוד	מיכה רייסר 8			||||||	0	1	0	31.956450	34.876528
כספונט	באר שבע	סנהדרין 145			||||||	0	1	0	31.269319	34.788345
כספונט	קיית אתא	כצנלסון 49			||||||	0	1	0	32.800398	35.106098
כספונט	חיפה	דרך צרפת 57			||||||	0	1	0	32.821117	34.963467
כספונט	רמלה	הרצל 23			||||||	0	1	0	31.934274	34.867737
כספונט	אשקלון	בר כוכבא 19			||||||	0	1	0	31.681232	34.569916
כספונט	פתח תקווה	יצחק שדה 34			||||||	0	1	0	32.087520	34.877834
כספונט	באר שבע	חיים יחיל 18			||||||	0	1	0	31.243471	34.802141
כספונט	ראשון לציון	הגדוד העברי 52			||||||	0	1	0	31.968074	34.810142
כספונט	לכיש	מושב לכיש			||||||	0	1	0	31.561325	34.843036
כספונט	רמת גן	שד' ירושלים 9			||||||	0	1	0	32.074769	34.820053
כספונט	כפר סלאמה	כפר סלאמה			||||||	0	1	0	32.894737	35.367869
כספונט	רמת גן	ביאליק 76			||||||	0	1	0	32.085592	34.811120
כספונט	ראשון לציון	שפינוזה 20			||||||	0	1	0	31.968729	34.799709
כספונט	מושב שורש	יפה נוף 1			||||||	0	1	0	31.793885	35.068099
כספונט	ירושלים	בית צפפה			||||||	0	1	0	31.787211	35.229993
כספונט	רמת גן	נגבה 8			||||||	0	1	0	32.070371	34.823668
כספונט	לוד	שבטי ישראל 16			||||||	0	1	0	31.936307	34.897531
כספונט	ירושלים	יפו 202			||||||	0	1	0	31.787668	35.207962
כספונט	אשדוד	אבא הילל סילבר 15			||||||	0	1	0	31.811571	34.644201
כספונט	חצור	חוני המעגל 8			||||||	0	1	0	32.982561	35.552702
כספונט	ביתר עילית	רבי שלום שבזי 16			||||||	0	1	0	31.696102	35.126903
כספונט	ירושלים	אגריפס 68			||||||	0	1	0	31.783851	35.212817
כספונט	רחובות	דוד אלעזר 49			||||||	0	1	0	31.894592	34.777108
כספונט	אזור	בן גוריון 24			||||||	0	1	0	32.020352	34.815248
כספונט	ראשון לציון	לישנסקי 27			||||||	0	1	0	31.995679	34.766736
כספונט	אשקלון	יהודה הלוי 36			||||||	0	1	0	31.657674	34.563789
כספונט	אשקלון	הסופרים היהודים 6			||||||	0	1	0	31.671891	34.589033
כספונט	פתח תקווה	אבשלום גיסין 76			||||||	0	1	0	32.098264	34.864818
כספונט	טבריה	איזור תעשיה קדמת גליל			||||||	0	1	0	33.239238	35.653278
כספונט	בני ברק	רש"י 11			||||||	0	1	0	32.085640	34.835339
כספונט	אופקים	שדרות הרצל 43			||||||	0	1	0	31.315301	34.621272
כספונט	אשקלון	ביאליק 26			||||||	0	1	0	31.658213	34.567594
כספונט	אבו גוש	מחמוד ראשיד 3			||||||	0	1	0	31.807136	35.108231
כספונט	הרצליה פיתוח	הנשיא 146			||||||	0	1	0	32.173119	34.807876
כספונט	אילת	דרבן 1			||||||	0	1	0	29.552050	34.956457
כספונט	ירושלים	הרב דרוק 54			||||||	0	1	0	31.813069	35.214640
כספונט	נתניה	פתח תקווה 6			||||||	0	1	0	32.325544	34.861031
כספונט	נתניה	קידר 2			||||||	0	1	0	32.322613	34.882289
כספונט	בית שמש	בן קיסמא 17			||||||	0	1	0	31.736395	34.997070
כספונט	א. תעשייה מטה בנימין	בכניסה לשער בנימין			||||||	0	1	0	31.865411	35.260666
כספונט	רמת גן	כינרת 1			||||||	0	1	0	32.060603	34.829581
כספונט	ראשון לציון	מוזס 1			||||||	0	1	0	31.992956	34.760631
כספונט	לוד	הרצל 93			||||||	0	1	0	31.956851	34.897090
כספונט	רמת גן	קריניצי 2			||||||	0	1	0	32.079273	34.815174
כספונט	רגר	מרכז קניות צומת החולה			||||||	0	1	0	33.270544	35.622501
כספונט	אילת	ירושלים השלמה 1			||||||	0	1	0	29.559233	34.947725
כספונט	באר שבע	הורקנוס 1			||||||	0	1	0	31.265342	34.793757
כספונט	כרמיאל	המלאכה 22			||||||	0	1	0	32.920689	35.313459
כספונט	פתח תקווה	אלתרמן 5			||||||	0	1	0	32.083632	34.900804
כספונט	חיפה	ההגנה 37 delek			||||||	0	1	0	32.812651	34.955739
כספונט	כפר כמא	כפר כמא			||||||	0	1	0	32.717704	35.438150
כספונט	אשקלון	ת. מרכזית בן גוריון 20			||||||	0	1	0	31.663654	34.566154
כספונט	טבריה	טבור הארץ 26			||||||	0	1	0	32.795376	35.535378
כספונט	ירושלים	בית חנינא 120			||||||	0	1	0	31.820297	35.228083
כספונט	רמלה	הרצל 104			||||||	0	1	0	31.926672	34.874582
כספונט	תל אביב-יפו	לוינסקי 136			||||||	0	1	0	32.081021	34.777573
כספונט	אשקלון	המתכנן 8 אזור תעשיה דרומי			||||||	0	1	0	31.635079	34.552927
כספונט	אשקלון	אלי כהן 42			||||||	0	1	0	31.669239	34.578242
כספונט	אשקלון	גדעון בן יואש 39			||||||	0	1	0	31.689848	34.571522
כספונט	בני ברק	הרב קלישר 17			||||||	0	1	0	32.089141	34.843991
כספונט	בית צפפה	אל בטן צפפה			||||||	0	1	0	31.743451	35.195876
כספונט	ראשון לציון	טיומקין 18			||||||	0	1	0	31.957552	34.803765
כספונט	ירושלים	חשין 6			||||||	0	1	0	31.781296	35.222871
כספונט	כפר קאסם	סולטני			||||||	0	1	0	32.116746	34.974778
כספונט	רמלה	ביאליק 22			||||||	0	1	0	31.925788	34.870884
כספונט	ראש העין	זהרה אלפסיה 7			||||||	0	1	0	32.085265	34.979456
כספונט	פתח תקווה	החמישה 4			||||||	0	1	0	32.071763	34.893534
כספונט	ירושלים	אל- זהרא 28			||||||	0	1	0	31.785787	35.234496
כספונט	חדרה	עוקף חדרה			||||||	0	1	0	32.454463	34.939863
כספונט	ירושלים	חזון איש 42			||||||	0	1	0	31.807986	35.220583
כספונט	תל אביב-יפו	רבי אחא 4			||||||	0	1	0	32.052969	34.755197
כספונט	ראשון לציון	הפרדס הראשון 32			||||||	0	1	0	31.968539	34.790726
כספונט	רמת גן	עוזיאל 77			||||||	0	1	0	32.071969	34.823058
כספונט	בית ג'ן	כניסה לבית ג'אן			||||||	0	1	0	32.956689	35.383267
כספונט	באר שבע	הקוצר 15			||||||	0	1	0	31.213231	34.810779
כספונט	ירכא	א.ת ירכא			||||||	0	1	0	32.946523	35.171617
כספונט	נצרת	שכונת הכרמים			||||||	0	1	0	32.713710	35.296601
כספונט	באר שבע	אילן רמון 36 delek			||||||	0	1	0	31.256353	34.757676
כספונט	חולון	ההסתדרות 104			||||||	0	1	0	32.017020	34.781322
כספונט	מודיעין-מכבים-רעות	עמק בית שאן 29			||||||	0	1	0	31.912388	35.001876
כספונט	אשדוד	רוגוזין 25			||||||	0	1	0	31.804024	34.642800
כספונט	מודיעין-מכבים-רעות	קאנטרי סנטר עמק החולה 76			||||||	0	1	0	31.896287	35.010724
כספונט	חדרה	אלי כהן 40			||||||	0	1	0	32.433481	34.883454
כספונט	אשקלון	קיבוץ גלויות 5			||||||	0	1	0	31.665992	34.566946
כספונט	רעננה	ההסתדרות 11			||||||	0	1	0	32.186190	34.876218
כספונט	בת ים	בן ציון ישראל 8			||||||	0	1	0	32.016144	34.746157
כספונט	באר שבע	באזל 71 פינת ביאליק			||||||	0	1	0	31.250899	34.790934
כספונט	אשקלון	ביאליק 12			||||||	0	1	0	31.660813	34.569320
כספונט	דאלית אל-כרמל	שוק דליה			||||||	0	1	0	32.693542	35.046407
כספונט	באר שבע	כיכר רמבם			||||||	0	1	0	31.244844	34.784432
כספונט	ברקן	מרכז הישוב ליד המזכירות			||||||	0	1	0	32.108462	35.107747
כספונט	ירושלים	הנביאים 14			||||||	0	1	0	31.783061	35.228114
כספונט	נוף הגליל	הציפורן 21			||||||	0	1	0	32.694778	35.309884
כספונט	ראשון לציון	השדה 14			||||||	0	1	0	31.962353	34.794654
כספונט	אשקלון	מרכז הפנינים			||||||	0	1	0	31.662533	34.596422
כספונט	מודיעין עילית	נתיבות המשפט 40			||||||	0	1	0	31.929455	35.044623
כספונט	טירה	כביש ראשי כיכר שניה			||||||	0	1	0	32.233553	34.962957
כספונט	אשדוד	יוספטל 60			||||||	0	1	0	31.805774	34.653650
כספונט	ירושלים	אוסישקין 41			||||||	0	1	0	31.777881	35.212271
כספונט	אשדוד	שוהם 2			||||||	0	1	0	31.766942	34.631345
כספונט	ירושלים	סולטן סולימן 39			||||||	0	1	0	31.783352	35.233271
כספונט	כפר יאסיף	כפר יאסיף			||||||	0	1	0	32.956478	35.160607
כספונט	חיפה	המלאכה 2			||||||	0	1	0	32.804079	35.016866
כספונט	גן יבנה	כביש 4			||||||	0	1	0	31.786913	34.676969
כספונט	קיבוץ עברון	קיבוץ עברון			||||||	0	1	0	32.991504	35.100591
כספונט	פתח תקווה	חיים עוזר 7			||||||	0	1	0	32.089546	34.886428
כספונט	מושב מגדים	מושב מגדים			||||||	0	1	0	32.726849	34.962406
כספונט	רמת גן	כיכר רמבם 3			||||||	0	1	0	32.083697	34.814537
כספונט	בת ים	הקוממיות 13			||||||	0	1	0	32.005910	34.743896
כספונט	נתניה	לילנבלום 13			||||||	0	1	0	32.325064	34.859480
כספונט	אשקלון	התחיה 1			||||||	0	1	0	31.657640	34.588950
כספונט	אלומות	כביש 92 צ.אלומות			||||||	0	1	0	32.713539	35.547024
כספונט	אשדוד	רותם 29			||||||	0	1	0	31.789637	34.652116
כספונט	נתניה	סמילנסקי 16			||||||	0	1	0	32.327259	34.854677
כספונט	אשקלון	הטייסים 91			||||||	0	1	0	31.674431	34.558316
כספונט	טמרה	טמרה			||||||	0	1	0	32.864064	35.187886
כספונט	רחובות	מאיר ומינה ענתין/אריה שושן 1			||||||	0	1	0	31.909163	34.806422
כספונט	ירושלים	אלמאמון 25 בית חנינה			||||||	0	1	0	31.822518	35.226967
כספונט	אשדוד	שדרות הפרחים 26			||||||	0	1	0	31.785620	34.651080
כספונט	הרצליה	כצנלסון 55			||||||	0	1	0	32.165199	34.859535
כספונט	צור באהר	בתי ספר 148			||||||	0	1	0	31.738356	35.228934
כספונט	אשקלון	העבודה 1			||||||	0	1	0	31.666784	34.586963
כספונט	ירכא	כביש ראשי			||||||	0	1	0	32.953700	35.213655
כספונט	מזרעה	רחוב ראשי			||||||	0	1	0	32.982868	35.097126
כספונט	כפר קאסם	סולטני			||||||	0	1	0	32.116995	34.980117
כספונט	כפר קאסם	כפר קאסם			||||||	0	1	0	32.115892	34.972183
כספונט	כפר קאסם	כפר קאסם			||||||	0	1	0	32.112995	34.961638
כספונט	אשדוד	שבי ציון 52			||||||	0	1	0	31.806361	34.653018
כספונט	חולון	זבוטינסקי 6			||||||	0	1	0	32.025073	34.777375
כספונט	אשקלון	אורט 24			||||||	0	1	0	31.672411	34.569036
כספונט	ירושלים	רבדים 30			||||||	0	1	0	31.750590	35.219756
כספונט	שעב	כפר שעב			||||||	0	1	0	32.889960	35.236899
כספונט	ירושלים	שוק מחניודה 27			||||||	0	1	0	31.784906	35.212333
כספונט	אילת	עין נטפים 20			||||||	0	1	0	29.550296	34.929625
כספונט	רעננה	אחוזה 269			||||||	0	1	0	32.183680	34.853130
כספונט	באר שבע	הערים התאומות 26			||||||	0	1	0	31.282584	34.799066
כספונט	אשדוד	דוד המלך 18			||||||	0	1	0	31.776185	34.642065
כספונט	רמת גן	שדרות ירושלים 43			||||||	0	1	0	32.074644	34.823514
כספונט	רקפת	כניסה לרקפת			||||||	0	1	0	32.860508	35.259576
כספונט	טירת הכרמל	הרצל 176 delek			||||||	0	1	0	32.770461	34.964834
כספונט	ירושלים	דרך השלום 15			||||||	0	1	0	31.808268	35.105554
כספונט	שדרות	בן יהודה 10			||||||	0	1	0	31.522587	34.596019
כספונט	באר שבע	דרך מצדה 168			||||||	0	1	0	31.258501	34.781768
כספונט	חשמונאים	רמא 17			||||||	0	1	0	31.928639	35.018279
כספונט	רמת השרון	אוסישקין 62			||||||	0	1	0	32.142972	34.843730
כספונט	נתניה	בארי 48			||||||	0	1	0	32.338322	34.860932
כספונט	ראשון לציון	המכבים 36			||||||	0	1	0	31.979639	34.809189
כספונט	נצרת	נצרת			||||||	0	1	0	32.713315	35.297318
כספונט	באר שבע	העליה 20			||||||	0	1	0	31.253355	34.782174
כספונט	טירה	ליד בנק הפועלים			||||||	0	1	0	32.230001	34.944115
כספונט	דימונה	מול בית ספר זיינמן			||||||	0	1	0	31.066732	35.041115
כספונט	תל אביב-יפו	קינג גורג 11			||||||	0	1	0	32.070795	34.771754
כספונט	אשדוד	שבט לוי 11			||||||	0	1	0	31.778153	34.636334
כספונט	באר שבע	משה דיין 5			||||||	0	1	0	31.267418	34.772637
כספונט	אלעד	בן זכאי 32			||||||	0	1	0	32.047232	34.955523
כספונט	ראשון לציון	טופילמן 1 delek			||||||	0	1	0	31.983619	34.811077
כספונט	ראשון לציון	נחמיה 105			||||||	0	1	0	31.949025	34.826782
כספונט	עלי זהב	עלי זהב			||||||	0	1	0	32.073979	35.064177
כספונט	קידר	רעות 1			||||||	0	1	0	31.755514	35.309497
כספונט	מושב גבע כרמל	מושב גבע כרמל			||||||	0	1	0	32.663018	34.955581
כספונט	כביש 6	כביש 6 כיוון צפון			||||||	0	1	0	32.380370	35.017632
כספונט	חיפה	ברקת 6			||||||	0	1	0	32.783080	35.037577
כספונט	ירושלים	תורת חסד 4			||||||	0	1	0	31.797686	35.209371
כספונט	בית שמש	ריבל 1			||||||	0	1	0	31.724206	34.994146
כספונט	רמת גן	הרואה 53			||||||	0	1	0	32.083453	34.822573
כספונט	ראשון לציון	פינשטיין 25			||||||	0	1	0	31.951887	34.811393
כספונט	לקיה	לקיה			||||||	0	1	0	31.326032	34.874041
כספונט	ירושלים	דניאל ינובסקי 15			||||||	0	1	0	31.755855	35.225757
כספונט	חולון	דב הוז 84			||||||	0	1	0	32.023331	34.762019
כספונט	ירושלים	אברהם שטרן 22			||||||	0	1	0	31.754398	35.179246
כספונט	ירושלים	הדסה עין כרם			||||||	0	1	0	31.765613	35.147834
כספונט	אילת	שדרות התמרים			||||||	0	1	0	29.560944	34.950993
כספונט	שער בנימין	מרכז מסחרי			||||||	0	1	0	31.866010	35.260045
כספונט	עספיא	אבא חושי			||||||	0	1	0	32.728801	35.053276
כספונט	ירושלים	הצנחנים 3			||||||	0	1	0	31.789448	35.233077
כספונט	ירושלים	בית גאלה 1			||||||	0	1	0	31.718545	35.187551
כספונט	ראשון לציון	שמעון פרס 33			||||||	0	1	0	31.967886	34.764498
כספונט	קיבוץ סעד	קיבוץ סעד			||||||	0	1	0	31.470708	34.534718
כספונט	יבנה	סחלב 32			||||||	0	1	0	31.873164	34.739043
כספונט	יבנה	עצמאות 7			||||||	0	1	0	31.872825	34.749102
כספונט	אשקלון	השונית 4			||||||	0	1	0	31.680311	34.556251
כספונט	תל אביב-יפו	תחנה מרכזית חדשה קומה 4 דוד צמח			||||||	0	1	0	32.055645	34.780697
כספונט	יבנה	העצמאות 15			||||||	0	1	0	31.872160	34.748969
כספונט	בני ברק	זבוטינסקי 29			||||||	0	1	0	32.091638	34.828779
כספונט	אילת	שכונה א			||||||	0	1	0	29.568261	34.957937
כספונט	ירושלים	קינג ג'ורג' 3			||||||	0	1	0	31.782861	35.217592
כספונט	טבריה	המגנים 22			||||||	0	1	0	32.793451	35.537542
כספונט	טירה	בכניסה לטירה			||||||	0	1	0	32.227807	34.942217
כספונט	רמת גן	ביאליק 66			||||||	0	1	0	32.084940	34.812514
כספונט	רמת גן	הרואה 133			||||||	0	1	0	32.078057	34.825254
כספונט	אילת	דרך יותם			||||||	0	1	0	29.555122	34.941612
כספונט	עין חרוד	עין חרוד			||||||	0	1	0	32.564110	35.389573
כספונט	נשר	בר יהודה 138			||||||	0	1	0	32.773296	35.044757
כספונט	טבריה	שלמה המלך 5			||||||	0	1	0	32.795444	35.523379
כספונט	ירושלים	אל - זהרא 14			||||||	0	1	0	31.785840	35.233571
כספונט	ירושלים	סילוואן			||||||	0	1	0	31.763790	35.238492
כספונט	הרצליה	אריק איינשטיין 1 delek			||||||	0	1	0	32.163823	34.815360
כספונט	ירושלים	האצל 1			||||||	0	1	0	31.803466	35.236481
כספונט	לוד	הנשיא 4			||||||	0	1	0	31.948637	34.892878
כספונט	טייבה	אקצא כניסה דרומית			||||||	0	1	0	32.257513	35.005699
כספונט	ירושלים	הגננת 216			||||||	0	1	0	31.729807	35.189990
כספונט	לוד	שלמה המלך 44			||||||	0	1	0	31.943340	34.883068
כספונט	עפרה	מרכז מסחרי			||||||	0	1	0	31.955897	35.259310
כספונט	מצפה יריחו	מצפה יריחו			||||||	0	1	0	31.813985	35.395008
כספונט	ירושלים	שועפט 17			||||||	0	1	0	31.815193	35.228804
כספונט	כרמיאל	ההגנה 33			||||||	0	1	0	32.903969	35.281169
כספונט	טבריה	שמעון דהן 15			||||||	0	1	0	32.797568	35.527673
כספונט	רעננה	הנשיאים 47 פינת שלונסקי			||||||	0	1	0	32.191635	34.863275
כספונט	נתניה	יהודה פרחי 7			||||||	0	1	0	32.302887	34.870818
כספונט	רחובות	האצל 1			||||||	0	1	0	31.902146	34.798436
כספונט	נהריה	גדוד 21 א'ת דרומי			||||||	0	1	0	32.994039	35.096853
כספונט	הרצליה	האילנות 35			||||||	0	1	0	32.178350	34.845265
כספונט	טבריה	ביאליק 5			||||||	0	1	0	32.797855	35.530191
כספונט	לוד	לאה גולדברג 1			||||||	0	1	0	31.945946	34.866145
כספונט	נתניה	איקאה, בני גאון			||||||	0	1	0	32.274322	34.862719
כספונט	חנניה	צומת חנניה			||||||	0	1	0	32.926727	35.409453
כספונט	ירושלים	בית חנינא 43			||||||	0	1	0	31.830966	35.229087
כספונט	ירושלים	מאה שערים 21			||||||	0	1	0	31.788029	35.220695
כספונט	חדרה	דויד שמעוני 45			||||||	0	1	0	32.438924	34.909587
כספונט	צפת	ירושלים 75			||||||	0	1	0	32.967084	35.494435
כספונט	ירושלים	יואל 12			||||||	0	1	0	31.789678	35.220632
כספונט	באר שבע	משעול סוסיא 2			||||||	0	1	0	31.244105	34.773017
כספונט	חיפה	העצמאות 158			||||||	0	1	0	32.824860	34.991015
כספונט	ירושלים	אברהם אוליצור 13			||||||	0	1	0	31.747861	35.223165
כספונט	חולון	הקסמים 7			||||||	0	1	0	32.013408	34.793240
כספונט	ירושלים	אל שיפא 4			||||||	0	1	0	31.745405	35.207137
כספונט	בת ים	קוממיות 16			||||||	0	1	0	32.007002	34.741640
כספונט	לוד	הרצל 19			||||||	0	1	0	31.951263	34.894418
כספונט	תל אביב-יפו	יבנה 29			||||||	0	1	0	32.063526	34.774139
כספונט	באר שבע	וינגייט 15/1			||||||	0	1	0	31.256191	34.808399
כספונט	ראש העין	העמל 14			||||||	0	1	0	32.106787	34.967709
כספונט	כברי	כברי			||||||	0	1	0	33.020986	35.147216
כספונט	גבעת שמואל	הזיתים 96			||||||	0	1	0	32.086324	34.852856
כספונט	ירושלים	אלמגרסי 30 ואדי גו'ז			||||||	0	1	0	31.785424	35.236876
כספונט	הרצליה	חבצלת השרון 37			||||||	0	1	0	32.178922	34.805082
כספונט	ירושלים	קצנלבוגן 76			||||||	0	1	0	31.783152	35.178669
כספונט	רמת גן	בניהו 30			||||||	0	1	0	32.049610	34.815393
כספונט	ראשון לציון	מכבים 22			||||||	0	1	0	31.976902	34.808701
כספונט	אילת	מלון אורכדיה			||||||	0	1	0	29.505206	34.917705
כספונט	אילת	ששת הימים 141 שכונת שחמון			||||||	0	1	0	29.554797	34.940207
כספונט	ירושלים	אל נתיר 35			||||||	0	1	0	31.748791	35.203172
כספונט	ראשון לציון	זלמן שזר 18			||||||	0	1	0	31.996038	34.742032
כספונט	באר שבע	קרן היסוד 13			||||||	0	1	0	31.245746	34.800277
כספונט	אור יהודה	יחזקאל 25			||||||	0	1	0	32.032255	34.846731
כספונט	קיבוץ משמר הנגב	קיבוץ משמר הנגב			||||||	0	1	0	31.363949	34.718423
כספונט	ראשון לציון	יהודה לייב פינסקר 46			||||||	0	1	0	31.970285	34.807256
כספונט	אילת	מרכז שלום אילת			||||||	0	1	0	29.562866	34.960107
כספונט	רמלה	רז 27 בכניסה לשוק רמלה			||||||	0	1	0	31.924728	34.874217
כספונט	רמת גן	בן גוריון 77			||||||	0	1	0	32.085350	34.822409
כספונט	ירושלים	יצחק רבין 9			||||||	0	1	0	31.782402	35.201237
כספונט	באר שבע	מבצע עובדה 2			||||||	0	1	0	31.259532	34.780140
כספונט	קיבוץ יבנה	קיבוץ יבנה			||||||	0	1	0	31.815662	34.721762
כספונט	אשדוד	מתחם סטאר סנטר			||||||	0	1	0	31.809971	34.656547
כספונט	ירושלים	ארגאווי 1			||||||	0	1	0	31.760531	35.176391
כספונט	דימונה	יגאל אלון 112			||||||	0	1	0	31.063278	35.037217
כספונט	נתניה	מוצקין 23			||||||	0	1	0	32.297996	34.848985
כספונט	טייבה	מול בית הספר המשולש טייבה			||||||	0	1	0	32.253482	35.003530
כספונט	בית שמש	האמוראים 45			||||||	0	1	0	31.702612	34.967490
כספונט	כפר מנדא	כפר מנדא			||||||	0	1	0	32.810076	35.255615
כספונט	כביש 6	כביש 6 כיוון צפון			||||||	0	1	0	31.882099	34.879609
כספונט	טייבה	עיריית טייבה,טייבה			||||||	0	1	0	32.267272	35.003617
כספונט	ערד	מרכז מסחרי 32/1			||||||	0	1	0	31.256367	35.211119
כספונט	רעננה	החרושת 19			||||||	0	1	0	32.195172	34.880457
כספונט	רחובות	מוטי קינד 10			||||||	0	1	0	31.894311	34.789587
כספונט	עין יהב	עין יהב			||||||	0	1	0	30.657189	35.233431
כספונט	טבריה	בן צבי 3			||||||	0	1	0	32.778900	35.515371
כספונט	ירושלים	אבו עבידה גאבל מוכאבר			||||||	0	1	0	31.771784	35.246300
כספונט	נעלה	נעלה			||||||	0	1	0	31.962963	35.067046
כספונט	זכרון יעקב	השמורה			||||||	0	1	0	32.566191	34.942995
כספונט	באר שבע	חיים לנדאו 2			||||||	0	1	0	31.256432	34.762084
כספונט	אילת	דרך מצרים 88103			||||||	0	1	0	29.513026	34.923995
כספונט	חולון	אילת 58			||||||	0	1	0	32.013232	34.764899
כספונט	כפר הנשיא	כפר הנשיא			||||||	0	1	0	32.974017	35.603989
כספונט	כרמיאל	נשיאי ישראל 7			||||||	0	1	0	32.920300	35.302827
כספונט	רמלה	הרצל 49			||||||	0	1	0	31.931585	34.869577
כספונט	הרצליה	בן גוריון 111			||||||	0	1	0	32.153470	34.842394
כספונט	כפר סבא	ויצמן 172			||||||	0	1	0	32.173623	34.915255
כספונט	קרית מלאכי	בכניסה לקרית מלאכי delek			||||||	0	1	0	31.727479	34.750141
כספונט	אילת	אילות 600			||||||	0	1	0	29.557421	34.946819
כספונט	קיבוץ שער הגולן	קיבוץ שער הגולן			||||||	0	1	0	32.686342	35.602613
כספונט	מושב שקד	מושב שקד			||||||	0	1	0	32.473825	35.167723
כספונט	צפת	הרב לוי ביסטריצקי 221			||||||	0	1	0	32.964002	35.506146
כספונט	ראשון לציון	ברשבסקי 4			||||||	0	1	0	31.974223	34.809069
כספונט	אילת	מלון פלאס			||||||	0	1	0	29.565441	34.942781
כספונט	ראשון לציון	פיק'א 9			||||||	0	1	0	31.973187	34.808392
כספונט	אשקלון	שד' בן גוריון 19			||||||	0	1	0	31.663422	34.565515
כספונט	קיבוץ מענית	קיבוץ מענית			||||||	0	1	0	32.456388	35.029767
כספונט	נתניה	שד בנימין 19			||||||	0	1	0	32.325552	34.857525
כספונט	פתח תקווה	כט בנובמבר 6			||||||	0	1	0	32.093673	34.896064
כספונט	חיפה	השיש 48			||||||	0	1	0	32.808432	35.059488
כספונט	שדה אליהו	חדר אוכל			||||||	0	1	0	32.438644	35.514496
כספונט	באר שבע	וינגייט פינת השלום			||||||	0	1	0	31.256362	34.810444
כספונט	פתח תקווה	גוטמן 10			||||||	0	1	0	32.090564	34.882666
כספונט	בית יצחק	בית יצחק			||||||	0	1	0	32.328940	34.890782
כספונט	קיבוץ שלוחות	קיבוץ שלוחות עמק בית שאן			||||||	0	1	0	32.471457	35.480116
כספונט	באר שבע	דרך חברון 60			||||||	0	1	0	31.245589	34.813316
כספונט	ירושלים	העיר העתיקה שוק חאן זיית			||||||	0	1	0	31.777895	35.229476
כספונט	קיבוץ טירת צבי	קיבוץ טירת צבי			||||||	0	1	0	32.420389	35.528632
כספונט	חיפה	אלנבי 117			||||||	0	1	0	32.821778	34.981312
כספונט	עמנואל	חתם סופר 1 מרכז מסחרי			||||||	0	1	0	32.160874	35.132725
כספונט	נתניה	שדרות בן גוריון 172			||||||	0	1	0	32.279635	34.848262
כספונט	ירושלים	סילוואן			||||||	0	1	0	31.755499	35.250492
כספונט	ראשון לציון	אחי דקר 6			||||||	0	1	0	31.998677	34.734291
כספונט	שדרות	משה רבנו 66			||||||	0	1	0	31.533976	34.586904
כספונט	באר שבע	כיכר מנחם בגין 1			||||||	0	1	0	31.249735	34.799573
כספונט	ירושלים	אמצע בית צפפה			||||||	0	1	0	31.746666	35.201360
כספונט	הרצליה	ארלוזורוב 1			||||||	0	1	0	32.160766	34.843122
כספונט	כביש 6	כביש 6 כיוון צפון			||||||	0	1	0	32.380616	35.017769
כספונט	קיבוץ מרום גולן	קיבוץ מרום גולן			||||||	0	1	0	33.131801	35.777431
כספונט	קיבוץ העוגן	קיבוץ העוגן			||||||	0	1	0	32.361280	34.924009
כספונט	ירושלים	קניון האחים ישראל			||||||	0	1	0	31.751115	35.215104
כספונט	פתח תקווה	שמשון 5			||||||	0	1	0	32.094567	34.864721
כספונט	חולון	הלוחמים 51			||||||	0	1	0	32.035107	34.767619
כספונט	אילת	גנים א			||||||	0	1	0	29.556786	34.944132
כספונט	אילת	נביעות 7			||||||	0	1	0	29.552768	34.949005
כספונט	זכרון יעקב	השמורה 1			||||||	0	1	0	32.566073	34.942828
כספונט	לוד	אחווה 1 נווה ירק			||||||	0	1	0	31.957915	34.902383
כספונט	רמלה	דוכיפת 1			||||||	0	1	0	31.933964	34.887397
כספונט	ערערה	ערערה כביש ראשי מול דור אלון			||||||	0	1	0	32.496431	35.091557
כספונט	ירושלים	וולנשטיין 1			||||||	0	1	0	31.819914	35.195579
כספונט	ירושלים	עלי הכהן 7			||||||	0	1	0	31.794342	35.214891
כספונט	ירושלים	שמגר 16			||||||	0	1	0	31.794679	35.208646
כספונט	יבנה	מרכז שורק מחלף יבנה			||||||	0	1	0	31.888775	34.711049
כספונט	מושב אדרת	מושב אדרת			||||||	0	1	0	31.659891	34.994310
כספונט	באר שבע	ירושלים 44			||||||	0	1	0	31.246378	34.776893
כספונט	ירושלים	בית הדפוס 12			||||||	0	1	0	31.786853	35.188818
כספונט	צפת	צה'ל 3			||||||	0	1	0	32.965712	35.487262
כספונט	ואדי עארה	כביש ראשי ואדי ערה			||||||	0	1	0	32.505512	35.078516
כספונט	באר שבע	יהודה הלוי 33			||||||	0	1	0	31.270274	34.780134
כספונט	יהוד	ישי צבי 6			||||||	0	1	0	32.032530	34.888869
כספונט	ירושלים	אלמשהד 63			||||||	0	1	0	31.788696	35.236489
כספונט	אילת	מתחם רד			||||||	0	1	0	29.566789	34.959331
כספונט	אשדוד	משה שפירא 43			||||||	0	1	0	31.801313	34.641002
כספונט	כפר הרואה	מזכירות כפר הרואה			||||||	0	1	0	32.393001	34.910762
כספונט	רמת גן	נגבה 51			||||||	0	1	0	32.070259	34.827877
כספונט	באר שבע	אבן עזרא 85			||||||	0	1	0	31.270157	34.783543
כספונט	באר שבע	שטרית 2			||||||	0	1	0	31.255018	34.765836
כספונט	בסמת טבעון	יערה 1			||||||	0	1	0	32.732950	35.142280
כספונט	נהורה	בכניסה למושב נהורה			||||||	0	1	0	31.619428	34.701072
כספונט	מג'ד אל-כרום	בכניסה למג'ד אל כרום			||||||	0	1	0	32.914742	35.254869
כספונט	נתניה	בן עמי 20			||||||	0	1	0	32.318075	34.846220
כספונט	רעננה	בורכוב 87			||||||	0	1	0	32.191367	34.878104
כספונט	מושב נורדיה	כיכר ראשונה			||||||	0	1	0	32.316198	34.896720
כספונט	עין יהב	בכניסה לעין יהב			||||||	0	1	0	30.656771	35.233241
כספונט	ירושלים	ואדי גוז 32			||||||	0	1	0	31.791698	35.236641
כספונט	קיבוץ ברעם	קיבוץ ברעם			||||||	0	1	0	33.059741	35.434231
כספונט	רמת השרון	סוקולוב 37			||||||	0	1	0	32.142099	34.836915
כספונט	צומת צמח	צומת צמח			||||||	0	1	0	32.703452	35.585804
כספונט	חדרה	צומת חדרה			||||||	0	1	0	32.438759	34.910271
כספונט	אילת	מרכז אייס קומה 1			||||||	0	1	0	29.553833	34.964744
כספונט	באר שבע	בן גוריון 10			||||||	0	1	0	31.260747	34.807971
כספונט	מעלות-תרשיחא	שרירה פינת החרושת			||||||	0	1	0	33.020908	35.281146
כספונט	פוריידיס	צומת פרדיס			||||||	0	1	0	32.595359	34.950582
כספונט	ראשון לציון	סחרוב 6			||||||	0	1	0	31.995990	34.740789
כספונט	קיבוץ עמיעד	צומת עמיעד			||||||	0	1	0	32.925536	35.543012
כספונט	ירושלים	שמואל הנביא 54			||||||	0	1	0	31.790075	35.224965
כספונט	רמלה	קלאוזנר 7			||||||	0	1	0	31.923204	34.878144
כספונט	רחובות	דרך ירושלים 51			||||||	0	1	0	31.890209	34.830455
כספונט	מעלה אדומים	צמח השדה 33			||||||	0	1	0	31.767689	35.302173
כספונט	ירושלים	דהומי 3			||||||	0	1	0	31.756482	35.166590
כספונט	פתח תקווה	שפירא 45			||||||	0	1	0	32.080279	34.887202
כספונט	נהריה	הגעתון 1			||||||	0	1	0	33.005577	35.098753
כספונט	טמרה	כביש ראשי			||||||	0	1	0	32.860749	35.193237
כספונט	ירושלים	הפטריארכיה הארמנית 181			||||||	0	1	0	31.775413	35.228821
כספונט	טייבה	כניסה צפונית			||||||	0	1	0	32.274748	35.008069
כספונט	אילת	דרך מצרים			||||||	0	1	0	29.558322	34.946362
כספונט	ירושלים	פנים מאירות 8			||||||	0	1	0	31.796297	35.201597
כספונט	אילת	שדרות התמרים			||||||	0	1	0	29.555832	34.953613
כספונט	טבריה	ספיר 1			||||||	0	1	0	32.790360	35.516512
כספונט	ראשון לציון	הרצל 54			||||||	0	1	0	31.965847	34.802609
כספונט	אשדוד	הציונות 4			||||||	0	1	0	31.788008	34.642139
כספונט	בת ים	רוטשילד 1 פינת בן גוריון			||||||	0	1	0	32.026552	34.741472
כספונט	מעלה אפרים	מרכז מסחרי			||||||	0	1	0	32.070601	35.403599
כספונט	ירכא	כביש ראשי כניסה מזרחית			||||||	0	1	0	32.954881	35.219850
כספונט	תל אביב-יפו	יד המעביר 9			||||||	0	1	0	32.109179	34.824722
כספונט	אשדוד	האורגים 13			||||||	0	1	0	31.811750	34.656303
כספונט	באר שבע	תחנת מרכזית			||||||	0	1	0	31.243398	34.797438
כספונט	מגדל עוז	במשרדי קיבוץ מגדל עוז			||||||	0	1	0	31.640982	35.142951
כספונט	ירושלים	גולומב 34			||||||	0	1	0	31.758078	35.181760
כספונט	ירכא	ירכא			||||||	0	1	0	32.953306	35.195060
כספונט	ראשון לציון	רוזנסקי 9			||||||	0	1	0	31.986713	34.772166
כספונט	נתיבות	כביש 25 כניסה דרומית לנתיבות			||||||	0	1	0	31.416570	34.605280
כספונט	ירושלים	אמריאו קייס 63			||||||	0	1	0	31.786745	35.238768
כספונט	רמלה	זבוטינסקי 10 שוק רמלה			||||||	0	1	0	31.925605	34.874929
כספונט	אשקלון	שדרות ירושלים 50			||||||	0	1	0	31.684607	34.573797
כספונט	ירושלים	בית הדפוס 22			||||||	0	1	0	31.786371	35.185743
כספונט	קיבוץ גזית	כניסה לחדר רכב קיבוץ גזית			||||||	0	1	0	32.638122	35.447096
כספונט	דימונה	המעפילים 15			||||||	0	1	0	31.066483	35.034412
כספונט	ירושלים	שמואל בן עדיה 60			||||||	0	1	0	31.785919	35.241536
כספונט	הרצליה פיתוח	הנשיא פינת קרן היסוד			||||||	0	1	0	32.180478	34.811335
כספונט	נתניה	בן מאיר 5			||||||	0	1	0	32.313862	34.887003
כספונט	אשדוד	אורט 18			||||||	0	1	0	31.813462	34.648550
כספונט	רמלה	ויצמן 9			||||||	0	1	0	31.929910	34.866454
כספונט	רמת גן	הרואה 9			||||||	0	1	0	32.083868	34.816767
כספונט	ירושלים	הנרייטה סולד 1 בתוך מתחם פז			||||||	0	1	0	31.760798	35.169654
כספונט	טבריה	ליד מלון רימונים			||||||	0	1	0	32.768592	35.548843
כספונט	באר שבע	הצבי 76			||||||	0	1	0	31.253571	34.772171
כספונט	פוריידיס	כביש ראשי			||||||	0	1	0	32.597529	34.949894
כספונט	אילת	הספן 11			||||||	0	1	0	29.571363	34.958753
כספונט	אילת	המצפה התת ימי			||||||	0	1	0	29.503999	34.917791
כספונט	באר שבע	זבוטינסקי 2			||||||	0	1	0	31.247952	34.807147
כספונט	באר שבע	מבצע יואב 68			||||||	0	1	0	31.263959	34.779195
כספונט	טייבה	כביש ראשי			||||||	0	1	0	32.266294	35.001067
כספונט	ירושלים	משה ברעם 1			||||||	0	1	0	31.745046	35.213728
כספונט	רמת גן	נגבה 24			||||||	0	1	0	32.070341	34.825563
כספונט	נתניה	ויצמן 8			||||||	0	1	0	32.328942	34.858623
כספונט	טבריה	הגליל 15			||||||	0	1	0	32.786779	35.539927
כספונט	בני ברק	רבי עקיבא 4			||||||	0	1	0	32.090945	34.825140
כספונט	ירושלים	ליכטנשטיין 2			||||||	0	1	0	31.723262	35.222369
כספונט	קיבוץ רביבים	קיבוץ רביבים			||||||	0	1	0	31.043934	34.722509
כספונט	כפר זלפה	רחוב ראשי			||||||	0	1	0	32.550349	35.190431
כספונט	אשקלון	אלי כהן 46 ב' פינת ציפורי			||||||	0	1	0	31.669554	34.579245
כספונט	הרצליה	סוקולוב 10			||||||	0	1	0	32.166959	34.839866
כספונט	נתניה	בורוכוב 8			||||||	0	1	0	32.336783	34.856292
כספונט	אלון מורה	אלון מורה			||||||	0	1	0	32.232302	35.331949
כספונט	ירושלים	אל קייס 66			||||||	0	1	0	31.786317	35.238872
כספונט	רמת גן	ז'בוטינסקי 86			||||||	0	1	0	32.088119	34.814044
כספונט	נחף	נחף			||||||	0	1	0	32.938707	35.325188
כספונט	שדרות	פריז 2			||||||	0	1	0	31.522080	34.607882
כספונט	טבריה	הפלמח 5			||||||	0	1	0	32.790963	35.539685
כספונט	אשקלון	הגבורה 14			||||||	0	1	0	31.665036	34.564895
כספונט	בני ברק	שלמה המלך 16			||||||	0	1	0	32.078638	34.839642
כספונט	רמת גן	הרואה 85			||||||	0	1	0	32.082590	34.825716
כספונט	ירושלים	א'תורי 161, אבו תור			||||||	0	1	0	31.793031	35.219723
כספונט	ירושלים	אל צפא 168			||||||	0	1	0	31.732797	35.204381
כספונט	ירושלים	עמק רפאים 38			||||||	0	1	0	31.763454	35.219096
כספונט	באר שבע	רותם 2			||||||	0	1	0	31.231485	34.796519
כספונט	ירושלים	אל זאדה 4			||||||	0	1	0	31.785943	35.231563
כספונט	רהט	מרכז מסחרי			||||||	0	1	0	31.395599	34.756593
כספונט	ירושלים	אל בוטמה 1 בית צפפה			||||||	0	1	0	31.746831	35.199547
כספונט	כביש 77 בין טבריה לנצרת	כביש 77 בין טבריה לנצרת			||||||	0	1	0	32.759630	35.359662
כספונט	חיפה	ההסתדרות 196			||||||	0	1	0	32.807249	35.063834
כספונט	נתניה	אבושדיד 17			||||||	0	1	0	32.319303	34.853584
כספונט	ראשון לציון	הירשפלד 30			||||||	0	1	0	31.958657	34.796956
כספונט	חורה	כביש ראשי			||||||	0	1	0	31.295135	34.929912
כספונט	ראשון לציון	נווה דקלים 44			||||||	0	1	0	31.979522	34.760649
כספונט	באר שבע	יהושוע הצורף 35			||||||	0	1	0	31.239759	34.796348
כספונט	ירושלים	תחנת דלק גבעת זאב			||||||	0	1	0	31.858663	35.174829
כספונט	טבריה	גולדה מאיר 10			||||||	0	1	0	32.801478	35.523735
כספונט	בני ברק	אבוחצירה 9			||||||	0	1	0	32.094760	34.831187
כספונט	אשקלון	צפניה 72			||||||	0	1	0	31.673948	34.569732
כספונט	פתח תקווה	שטמפפר 32			||||||	0	1	0	32.091630	34.888031
כספונט	נהריה	יחיעם 3			||||||	0	1	0	33.007328	35.102588
כספונט	גבעת אבני	האירוסים			||||||	0	1	0	32.775143	35.436408
כספונט	עפולה	יהושוע חנקין 14			||||||	0	1	0	32.604133	35.294064
כספונט	נס ציונה	שייטת 4			||||||	0	1	0	31.930587	34.791942
כספונט	חיפה	שדרות גושן 57			||||||	0	1	0	32.829592	35.074389
כספונט	רמלה	אבא אחימאיר 9			||||||	0	1	0	31.938602	34.874731
כספונט	כפר נין	כביש ראשי			||||||	0	1	0	32.631129	35.349619
כספונט	ירושלים	צומת פת תחנת דלק של דלק			||||||	0	1	0	31.757153	35.198035
כספונט	מיתרים	מיתרים			||||||	0	1	0	31.375252	35.007416
כספונט	עפולה	שרת 11			||||||	0	1	0	32.610117	35.286506
כספונט	מושב גן נר	גן נר			||||||	0	1	0	32.527900	35.335263
כספונט	עפולה	קירנשטיין 7			||||||	0	1	0	32.610830	35.285568
כספונט	אשקלון	שי עגנון 17			||||||	0	1	0	31.659445	34.557096
כספונט	בת ים	טבנקין 18			||||||	0	1	0	32.017104	34.743363
כספונט	קיבוץ שריד	קיבוץ שריד			||||||	0	1	0	32.662778	35.226356
כספונט	קיבוץ גבת	קיבוץ גבת בכולבו			||||||	0	1	0	32.676156	35.212837
כספונט	עפולה	ארלוזורוב 16			||||||	0	1	0	32.608620	35.288897
כספונט	ברטעה	רחוב ראשי כיכר			||||||	0	1	0	32.475301	35.089474
כספונט	שדרות	יציאת אירופה 1			||||||	0	1	0	31.531439	34.583549
כספונט	בית צפפה	בית צפפה			||||||	0	1	0	31.743369	35.206550
כספונט	עפולה	כיכר העצמאות 11			||||||	0	1	0	32.609898	35.289120
כספונט	בית שאן	הנגב 2			||||||	0	1	0	32.491056	35.499334
כספונט	מירון	צמת מירון			||||||	0	1	0	32.987813	35.442275
כספונט	באר שבע	קרן קיימת לישראל 45			||||||	0	1	0	31.237949	34.791653
כספונט	באר שבע	בית לחם 2			||||||	0	1	0	31.244837	34.780031
כספונט	רמת גן	הרצל 59			||||||	0	1	0	32.084977	34.815220
כספונט	מושב מייסר	מושב מייסר			||||||	0	1	0	32.445338	35.042351
כספונט	חולון	ראש פינה 5			||||||	0	1	0	32.016490	34.780268
כספונט	סנדלה	כפר סנדלה			||||||	0	1	0	32.522288	35.322708
כספונט	חולון	שד' ירושלים 170			||||||	0	1	0	32.012058	34.792892
כספונט	הוד השרון	דרך רמתיים 98 delek			||||||	0	1	0	32.151973	34.894996
כספונט	עפולה	חנקין 6			||||||	0	1	0	32.603286	35.297187
כספונט	ירושלים	ואדי חומוס 8			||||||	0	1	0	31.729903	35.249606
כספונט	ירושלים	בית צפפה			||||||	0	1	0	31.748567	35.205987
כספונט	רמת גן	תובל 18			||||||	0	1	0	32.087727	34.803814
כספונט	ירושלים	כניסה לעיסוויה			||||||	0	1	0	31.798167	35.244018
כספונט	ראש פינה	גיא אוני פינת הגליל			||||||	0	1	0	32.968432	35.547533
כספונט	ירושלים	קקל 29			||||||	0	1	0	31.777020	35.216171
כספונט	דאלית אל-כרמל	דלית אל כרמל			||||||	0	1	0	32.696751	35.053485
כספונט	אשקלון	חוף אשקלון delek			||||||	0	1	0	31.646035	34.594679
כספונט	אילת	המלאכה 10/6			||||||	0	1	0	29.563608	34.958165
כספונט	טבריה	נייברג 18			||||||	0	1	0	32.796653	35.530408
כספונט	קיבוץ סער	כניסה לקיבוץ סער			||||||	0	1	0	33.027031	35.105317
כספונט	טבריה	אלחדיף 15			||||||	0	1	0	32.792660	35.535024
כספונט	טבריה	השומר 26			||||||	0	1	0	32.800312	35.525917
כספונט	צפת	בית חולים זיו מיון			||||||	0	1	0	32.954118	35.492089
כספונט	בני ברק	חי טייב 2			||||||	0	1	0	32.096966	34.838418
כספונט	בית צפפה	טחונה 6			||||||	0	1	0	31.746246	35.201245
כספונט	נוף הגליל	הפריון 1			||||||	0	1	0	32.715397	35.336652
כספונט	כביש 6	כביש 6 כיוון דרום			||||||	0	1	0	32.381277	35.017213
כספונט	דיר חנא	כביש ראשי			||||||	0	1	0	32.862492	35.366612
כספונט	בני דרור	בני דרור			||||||	0	1	0	32.262408	34.895831
כספונט	רעננה	דבורה עומר 3			||||||	0	1	0	32.193256	34.875779
כספונט	רמת גן	הרב לנדרס 1			||||||	0	1	0	32.069180	34.838722
כספונט	מגדל	נוף ארבל צמוד למועצה המקומית			||||||	0	1	0	32.839423	35.499731
כספונט	רמלה	יהודה שטיין 12			||||||	0	1	0	31.926512	34.858713
כספונט	ירושלים	דרך חברון 303			||||||	0	1	0	31.726091	35.204503
כספונט	באר שבע	דרך המשחררים 133			||||||	0	1	0	31.247004	34.783220
כספונט	נהריה	היוצרים מתחם רמי לוי			||||||	0	1	0	33.033072	35.103381
כספונט	חיפה	החרמון 12			||||||	0	1	0	32.804379	35.001348
כספונט	יבנה	שדרות הסנהדרין 34 delek			||||||	0	1	0	31.887431	34.734533
כספונט	אשדוד	דוד המלך 18			||||||	0	1	0	31.776115	34.642047
כספונט	ירושלים	הגיא 30 העיר העתיקה			||||||	0	1	0	31.803783	35.213088
כספונט	יבנה	הדרור 24			||||||	0	1	0	31.872459	34.743009
כספונט	אשדוד	הפלמ'ח 16			||||||	0	1	0	31.800832	34.662326
כספונט	חיפה	החרושת 10			||||||	0	1	0	32.807942	35.055621
כספונט	קיבוץ מעוז חיים	קיבוץ מעוז חיים			||||||	0	1	0	32.492314	35.551574
כספונט	טבריה	חשמונאים 30			||||||	0	1	0	32.793091	35.523982
כספונט	חיפה	גאולה 21			||||||	0	1	0	32.803011	34.999043
כספונט	חיפה	בעלי המלאכה 1			||||||	0	1	0	32.791425	35.038225
כספונט	נתניה	המלאכה 14			||||||	0	1	0	32.278564	34.858613
כספונט	נהריה	שד הגעתון 12			||||||	0	1	0	33.006439	35.099029
כספונט	חיפה	דור אלון חוף שמן			||||||	0	1	0	32.806647	35.016779
כספונט	נהריה	כביש 4			||||||	0	1	0	33.044727	35.107037
כספונט	אשקלון	בת גלים מרינה			||||||	0	1	0	31.682783	34.557821
כספונט	אשקלון	איילה 10			||||||	0	1	0	31.662208	34.576957
כספונט	לוד	הרצל 31			||||||	0	1	0	31.953069	34.895837
כספונט	שדרות	שוק עירוני 1			||||||	0	1	0	31.523200	34.595542
כספונט	ירושלים	הנוצרים 46			||||||	0	1	0	31.777852	35.229099
כספונט	ירושלים	שוק אבטימוס 8			||||||	0	1	0	31.777747	35.230103
כספונט	אילת	קמן אזור תיירות			||||||	0	1	0	29.554905	34.961902
כספונט	ירושלים	אבן שפרוט 1			||||||	0	1	0	31.776734	35.211532
כספונט	ירושלים	ג'אבל אל מוכבר 137			||||||	0	1	0	31.778255	35.239856
כספונט	ירושלים	קרוב לשער יפו			||||||	0	1	0	31.776628	35.227611
כספונט	טייבה	טייבה			||||||	0	1	0	32.267857	35.003529
כספונט	מושב עין ורד	מושב עין ורד			||||||	0	1	0	32.264553	34.931977
כספונט	דיר אל אסד	דיר אל אסד			||||||	0	1	0	32.932484	35.269920
כספונט	נתיבות	רוזנמן 1			||||||	0	1	0	31.417471	34.600771
כספונט	רחובות	הרצל 81			||||||	0	1	0	31.888982	34.813289
כספונט	צומת מסובים	דור אלון מסובים			||||||	0	1	0	32.038297	34.830465
כספונט	ראשון לציון	אנילביץ 18			||||||	0	1	0	31.984409	34.789928
כספונט	מבשרת ציון	הבושם 2			||||||	0	1	0	31.797381	35.137150
כספונט	טייבה	איזור התעשיה			||||||	0	1	0	32.247084	35.003473
כספונט	באר שבע	הדעת 102			||||||	0	1	0	31.274166	34.804881
כספונט	דימונה	המעפיל 52			||||||	0	1	0	31.072089	35.038254
כספונט	דימונה	יגאל אלון 501			||||||	0	1	0	31.063488	35.037805
כספונט	ירושלים	זוננפלד 1 פינת מאה שערים			||||||	0	1	0	31.787259	35.223155
כספונט	עטרות	אלמשהב 42 עטרות			||||||	0	1	0	31.856558	35.216192
כספונט	ירושלים	דרך יריחו 227			||||||	0	1	0	31.768543	35.251738
כספונט	לוד	פרדס שניר			||||||	0	1	0	31.955123	34.871624
כספונט	ים המלח	מלון לאונרדו			||||||	0	1	0	31.166467	35.366132
כספונט	ים המלח	מלון לאונרדו קלאב			||||||	0	1	0	31.164915	35.367553
כספונט	אשקלון	אלי כהן 21/24			||||||	0	1	0	31.667814	34.570171
כספונט	באר יעקב	קרן היסוד 1			||||||	0	1	0	31.944703	34.836385
כספונט	לוד	דוד המלך 9			||||||	0	1	0	31.947971	34.890168
כספונט	אילת	ששת הימים 310			||||||	0	1	0	29.544552	34.931348
כספונט	חיפה	עצמאות 61			||||||	0	1	0	32.819117	34.999086
כספונט	ירושלים	הרב סורוצקין 14			||||||	0	1	0	31.794996	35.204659
כספונט	ירושלים	עולי הגרדום 1			||||||	0	1	0	31.745701	35.240036
כספונט	ראשון לציון	דרובין 19			||||||	0	1	0	31.958548	34.799569
כספונט	בני ברק	זבוטינסקי 126			||||||	0	1	0	32.092316	34.834263
כספונט	רחובות	אייזנברג 33			||||||	0	1	0	31.902053	34.813785
כספונט	ערבה	מרכז ערבה			||||||	0	1	0	32.842529	35.339193
כספונט	מצפה רמון	כניסה למצפה רמון			||||||	0	1	0	30.627463	34.805612
כספונט	רחובות	וינר 2			||||||	0	1	0	31.892193	34.820297
כספונט	מסעדה	כביש ראשי מסעדה			||||||	0	1	0	33.230545	35.755913
כספונט	בת ים	עוזיאל 27			||||||	0	1	0	32.022096	34.749878
כספונט	אשקלון	אבן עזרא 64			||||||	0	1	0	31.673946	34.590057
כספונט	רחובות	ההגנה 37			||||||	0	1	0	31.893930	34.824843
כספונט	בת ים	רוטשילד 48			||||||	0	1	0	32.027180	34.750746
כספונט	בני ברק	אבוחצרא 10			||||||	0	1	0	32.093589	34.832540
כספונט	מבשרת ציון	החוצבים 4			||||||	0	1	0	31.793553	35.144555
כספונט	ירושלים	רחובות הבוכרים 5			||||||	0	1	0	31.791036	35.220763
כספונט	זכרון יעקב	צומת זכרון			||||||	0	1	0	32.590630	34.936431
כספונט	בני ברק	המכבים 76			||||||	0	1	0	32.095597	34.833609
כספונט	בית שמש	נהר הירדן 38			||||||	0	1	0	31.728898	34.993293
כספונט	חיפה	ברכה חבאס 2			||||||	0	1	0	32.808586	34.989162
כספונט	גבעת זאב	המכבים 46			||||||	0	1	0	31.864970	35.167876
כספונט	אילת	שדרות התמרים			||||||	0	1	0	29.558996	34.951010
כספונט	רמת גן	אבא הלל 11 צומת עלית			||||||	0	1	0	32.084914	34.802987
כספונט	טירה	טירה			||||||	0	1	0	32.233317	34.966432
כספונט	בית שמש	הרצל 7			||||||	0	1	0	31.749633	34.987527
כספונט	ירושלים	שמואל הנביא 59			||||||	0	1	0	31.792480	35.223215
כספונט	ירושלים	סן מרטין 802			||||||	0	1	0	31.753947	35.192752
כספונט	טבריה	אלחדיף 7			||||||	0	1	0	32.792866	35.534938
כספונט	מעלה אדומים	קניון מעלה אדומים			||||||	0	1	0	31.771552	35.298833
כספונט	ירושלים	סאלח א דין 10			||||||	0	1	0	31.784400	35.232349
כספונט	פוריידיס	כביש ראשי			||||||	0	1	0	32.597246	34.949914
כספונט	ראשון לציון	מכבים 62			||||||	0	1	0	31.984348	34.811654
כספונט	ירושלים	שבתאי הנגבי 63			||||||	0	1	0	31.738008	35.199439
כספונט	ירושלים	הפרסה 3			||||||	0	1	0	31.751725	35.209255
כספונט	דימונה	שדרות הנשיא 13			||||||	0	1	0	31.061996	35.028134
כספונט	אשדוד	מנחם אוסישקין 14			||||||	0	1	0	31.772918	34.635205
כספונט	ירושלים	המלך גורג 9 פינת בן הלל 1			||||||	0	1	0	31.782470	35.215794
כספונט	אשדוד	שוהם 2			||||||	0	1	0	31.766784	34.630814
כספונט	טבריה	שדרות ספיר 1			||||||	0	1	0	32.790269	35.516748
כספונט	ירושלים	כנסת ישראל			||||||	0	1	0	31.776845	35.205533
כספונט	באר שבע	ניב דוד 26			||||||	0	1	0	31.239076	34.769361
כספונט	ראשון לציון	שמוטקין 6			||||||	0	1	0	31.973078	34.810698
כספונט	קיבוץ עין הנציב	קיבוץ עין הנציב			||||||	0	1	0	32.470094	35.502934
כספונט	פסוטה	ליד כיכר עם פסל אליהו הנביא			||||||	0	1	0	33.048753	35.308994
כספונט	כפר סבא	תע'ש 1			||||||	0	1	0	32.171950	34.924308
כספונט	כפר מוסמוס	כפר מוסמוס			||||||	0	1	0	32.544634	35.155266
כספונט	כפר כמא	כפר כמא			||||||	0	1	0	32.724459	35.444276
כספונט	כרם מהר'ל	צומת עופר			||||||	0	1	0	32.639073	34.959614
כספונט	אשקלון	שדרות בן צבי 16			||||||	0	1	0	31.676396	34.576224
כספונט	קיבוץ יסעור	קיבוץ יסעור כביש 70			||||||	0	1	0	32.900108	35.170147
כספונט	אום אל פחם	אום אל פחם			||||||	0	1	0	32.528314	35.151087
כספונט	גבעת עוז	צומת מגידו			||||||	0	1	0	32.573379	35.196810
כספונט	שדרות	צ.גבים כביש יד מרדכי			||||||	0	1	0	31.504661	34.590043
כספונט	מושב גאליה	כביש רחובות - יבנה			||||||	0	1	0	31.876866	34.761429
כספונט	חדרה	צה'ל 77			||||||	0	1	0	32.441425	34.933314
כספונט	צפת	כביש 89 כביש ראש פינה - צפת			||||||	0	1	0	32.954982	35.530767
כספונט	תל אביב-יפו	נוריאל 8			||||||	0	1	0	32.052661	34.791511
כספונט	כפר נין	בכניסה לכפר מול צ.דברת			||||||	0	1	0	32.639827	35.344760
כספונט	בני ברק	גניחובסקי 22			||||||	0	1	0	32.098708	34.839754
כספונט	יד נתן	כביש 35 בכניסה למושב			||||||	0	1	0	31.645913	34.705719
כספונט	כרמיאל	החרושת 17 אזור תעשיה			||||||	0	1	0	32.921686	35.309399
כספונט	צומת יובלים	כביש 805 סכנין			||||||	0	1	0	32.863592	35.267743
כספונט	עכו	כביש 4 ליד צ.עין המפרץ			||||||	0	1	0	32.900049	35.090885
כספונט	נס ציונה	ויצמן 37			||||||	0	1	0	31.928695	34.798260
כספונט	חיפה	גרנד קניון			||||||	0	1	0	32.788612	35.007315
כספונט	אשקלון	צה'ל 29 בכניסה לעיר			||||||	0	1	0	31.664512	34.591173
כספונט	קיבוץ אילות	קיבוץ אילות			||||||	0	1	0	29.577843	34.966920
כספונט	לוד	אבא הילל סילבר 13			||||||	0	1	0	31.959932	34.899048
כספונט	בני ברק	מבצע קדש 60			||||||	0	1	0	32.099376	34.829826
כספונט	בני דרור	צומת בני דרור ליד קניון דרורים			||||||	0	1	0	32.259846	34.894785
כספונט	באר שבע	יהושוע צורף 4			||||||	0	1	0	31.257518	34.814194
כספונט	חיפה	נורדאו 10			||||||	0	1	0	32.809345	34.998399
כספונט	כפר סבא	טשרניחובסקי 24			||||||	0	1	0	32.177336	34.893414
כספונט	כפר סבא	ויצמן 20			||||||	0	1	0	32.177396	34.898508
כספונט	נתניה	ויצמן 25			||||||	0	1	0	32.331044	34.858755
כספונט	ירושלים	אל מדינה 132 צור באכר			||||||	0	1	0	31.737410	35.230006
כספונט	אשקלון	מתחם קוסמוס, בכניסה לרכבת אשקלון			||||||	0	1	0	31.676631	34.606265
כספונט	רמת גן	תובל 26			||||||	0	1	0	32.086640	34.803179
כספונט	לוד	שבטי ישראל 34			||||||	0	1	0	31.940016	34.899817
כספונט	באר שבע	אברהם אביהו 12			||||||	0	1	0	31.260205	34.794603
כספונט	פארק בר לב	תחנת דלק סונול בר לב			||||||	0	1	0	32.907723	35.183785
כספונט	ירושלים	אליעזר מנחם גלרנטר 3			||||||	0	1	0	31.719962	35.220822
כספונט	בית שמש	יצחק רבין 19			||||||	0	1	0	31.745554	34.993826
כספונט	עכו	נווה ספיר delek			||||||	0	1	0	32.920731	35.092456
כספונט	ירושלים	עין נקובא 22			||||||	0	1	0	31.795094	35.120428
כספונט	כפר מושריפה	כביש ראשי			||||||	0	1	0	32.552714	35.161214
כספונט	פתח תקווה	לוחמי הגיטו 30			||||||	0	1	0	32.080114	34.875967
כספונט	באר שבע	דרך חברון 62			||||||	0	1	0	31.245575	34.813825
כספונט	מג'ד אל-כרום	כביש ראשי			||||||	0	1	0	32.922251	35.256619
כספונט	אפיקים	כניסה לקיבוץ			||||||	0	1	0	32.679395	35.578392
כספונט	מגדל	המיסדים 1			||||||	0	1	0	32.838996	35.506112
כספונט	ירושלים	רביע אל עדויה 2			||||||	0	1	0	31.784594	35.247747
כספונט	בית שמש	מרים הנביאה 1			||||||	0	1	0	31.704554	34.993930
כספונט	טמרה	מרכז הכפר טמרה			||||||	0	1	0	32.854750	35.183230
כספונט	באר שבע	מבצע נחשון 4			||||||	0	1	0	31.259345	34.781525
כספונט	כפר כמא	רוגז			||||||	0	1	0	32.721970	35.440840
כספונט	רעננה	אחוזה 70			||||||	0	1	0	32.179324	34.880426
כספונט	פתח תקווה	ברנר 2			||||||	0	1	0	32.094373	34.902686
כספונט	מושב צור יצחק	נחל קנה 9			||||||	0	1	0	32.241343	34.997415
כספונט	אום טובא	אל משאהד 30			||||||	0	1	0	31.736756	35.228581
כספונט	צומת כנרת	צומת כנרת			||||||	0	1	0	32.722053	35.568839
כספונט	שיבלי	כביש ראשי			||||||	0	1	0	32.689372	35.401865
כספונט	נתניה	כביש החוף דלק השחר delek			||||||	0	1	0	32.282908	34.857672
כספונט	גבעתיים	בן גוריון 184			||||||	0	1	0	32.074518	34.818455
כספונט	רמלה	ישראל פרנקל 25			||||||	0	1	0	31.935117	34.863333
כספונט	תל אביב-יפו	בן יהודה 61			||||||	0	1	0	32.079534	34.769480
כספונט	רחובות	לוין אפשטיין 14			||||||	0	1	0	31.896622	34.809943
כספונט	אריאל	דרך הציונות 21			||||||	0	1	0	32.108257	35.186020
כספונט	פתח תקווה	הנביאים 31			||||||	0	1	0	32.074873	34.898468
כספונט	אשדוד	עצמאות 4			||||||	0	1	0	31.792094	34.643841
כספונט	קיבוץ עין החורש	מזכירות קיבוץ עין החורש			||||||	0	1	0	32.385447	34.938723
כספונט	קיבוץ שדות ים	חדר אוכל קיבוץ שדות ים			||||||	0	1	0	32.493637	34.891407
כספונט	ירושלים	הסדנא 12			||||||	0	1	0	31.750094	35.212283
כספונט	פתח תקווה	ברון הירש 8			||||||	0	1	0	32.089675	34.881965
כספונט	איבתאן	איבתאן			||||||	0	1	0	32.369045	35.046283
כספונט	יזרעאל	תחנת דלק דור אלון מתחם יזרעאל			||||||	0	1	0	32.557812	35.323031
כספונט	דימונה	חרוב 26			||||||	0	1	0	31.080091	35.041288
כספונט	רמת גן	אהרונסון 16			||||||	0	1	0	32.061205	34.823642
כספונט	חדרה	הגיבורים 66			||||||	0	1	0	32.436282	34.922687
כספונט	בני ברק	שלמה בן יוסף פרדס כץ			||||||	0	1	0	32.093318	34.830954
כספונט	ירושלים	אלמדינה 124			||||||	0	1	0	31.782258	35.257957
כספונט	חיפה	קדושי יאסי 2 - כיכר הקונגרסים			||||||	0	1	0	32.790567	34.965152
כספונט	אשדוד	רוגוזין 74			||||||	0	1	0	31.800078	34.637386
כספונט	עכו	שוק העיר העתיקה			||||||	0	1	0	32.920896	35.069300
כספונט	פוריידיס	שכונת אלדהרת			||||||	0	1	0	32.598607	34.956643
כספונט	תל אביב-יפו	הירקון 45			||||||	0	1	0	32.073319	34.766079
כספונט	אשקלון	אלי כהן 46			||||||	0	1	0	31.668832	34.584281
כספונט	כרמיאל	היוצרים 7			||||||	0	1	0	32.923177	35.306930
כספונט	גבעת זאב	אגן האיילות 41			||||||	0	1	0	31.866678	35.148577
כספונט	הרצליה	העצמאות 42			||||||	0	1	0	32.164751	34.845521
כספונט	רעננה	אוסטרובסקי 38			||||||	0	1	0	32.178362	34.870317
כספונט	טבריה	ירושלים 36			||||||	0	1	0	32.782622	35.518177
כספונט	רהט	רהט			||||||	0	1	0	31.394560	34.776735
כספונט	פתח תקווה	קלישר 28			||||||	0	1	0	32.081573	34.892730
כספונט	מעלה אדומים	הקרן 22			||||||	0	1	0	31.779745	35.296580
כספונט	אשקלון	מחל 1			||||||	0	1	0	31.680717	34.570349
כספונט	מענית	מענית			||||||	0	1	0	32.465804	35.019024
כספונט	ראשון לציון	שדרות יעקוב 26			||||||	0	1	0	31.957262	34.822783
כספונט	ירושלים	ככר ספרא			||||||	0	1	0	31.780863	35.224186
כספונט	חיפה	הגליל 2 נווה שאנן			||||||	0	1	0	32.795581	35.010769
כספונט	קיבוץ ניר דוד	קיבוץ ניר דוד			||||||	0	1	0	32.504160	35.456140
כספונט	אבו קרינאת	בכניסה ליישוב			||||||	0	1	0	31.269911	35.030093
כספונט	ראשון לציון	הרצל 94			||||||	0	1	0	31.962316	34.802746
כספונט	ירכא	כניסה מזרחית לירכא			||||||	0	1	0	32.954776	35.217715
כספונט	ירושלים	צומת שועפט פסגת זאב רח' ענאתא			||||||	0	1	0	31.810312	35.241002
כספונט	ירושלים	הרב משה שאולי כהן 10			||||||	0	1	0	31.842404	35.246520
כספונט	בית אל	יינות ביתן בית אל			||||||	0	1	0	31.941404	35.223543
כספונט	זלפה	כביש ראשי			||||||	0	1	0	32.549247	35.195079
כספונט	צור באהר	אל מדינה אל מנוארו 127			||||||	0	1	0	31.736691	35.233597
כספונט	משהד	בכניסה לכפר			||||||	0	1	0	32.736769	35.325277
כספונט	צור הדסה	מחסום צהל צור הדסה			||||||	0	1	0	31.714907	35.120587
כספונט	ירושלים	הרב שמואל ברוך 33 פינת אגריפס			||||||	0	1	0	31.785889	35.208207
כספונט	בת ים	שד' מקס נורדאו 1			||||||	0	1	0	32.015512	34.739238
כספונט	חולון	שנקר 61			||||||	0	1	0	32.020209	34.776010
כספונט	ג'ת	בכניסה לג'ת			||||||	0	1	0	32.395262	35.045130
כספונט	עין השופט	עין השופט			||||||	0	1	0	32.596658	35.101749
כספונט	סכנין	סכנין			||||||	0	1	0	32.862414	35.309713
כספונט	בני ברק	כהנמן 96			||||||	0	1	0	32.078443	34.841965
כספונט	לוד	איילון 12			||||||	0	1	0	31.945042	34.901667
כספונט	לוד	ארלוזורוב 13			||||||	0	1	0	31.945774	34.889626
כספונט	ירושלים	שאול אביגור 3			||||||	0	1	0	31.724818	35.220888
כספונט	אשקלון	אקסודוס 25			||||||	0	1	0	31.677669	34.585978
כספונט	ירושלים	חזון איש 34			||||||	0	1	0	31.807469	35.221576
כספונט	רמת גן	אנה פרנק 16			||||||	0	1	0	32.089076	34.803874
כספונט	עוזייר	עוזייר ליד בועיינה			||||||	0	1	0	32.791776	35.330098
כספונט	ראשון לציון	אסף הרופא עליזה בגין			||||||	0	1	0	31.966079	34.839653
כספונט	אשדוד	יהלומים 7			||||||	0	1	0	31.814472	34.659688
כספונט	מעלה אדומים	פרי מגדים 19			||||||	0	1	0	31.771009	35.293569
כספונט	פוריידיס	פרדיס ליד המגרש כדורגל			||||||	0	1	0	32.602061	34.954148
כספונט	נצרת	תואפיק זיאד 32			||||||	0	1	0	32.696772	35.297804
כספונט	ראשון לציון	המגילה 30			||||||	0	1	0	31.996987	34.745624
כספונט	צור באהר	אלמדינה אלמנורה 39			||||||	0	1	0	31.784917	35.233902
כספונט	אשקלון	אלי כהן 36			||||||	0	1	0	31.669505	34.577022
כספונט	דאלית אל-כרמל	דלית אל כרמל			||||||	0	1	0	32.691918	35.049771
כספונט	כפר סבא	ויצמן 153			||||||	0	1	0	32.174019	34.914700
כספונט	לוד	שלמה המלך 27			||||||	0	1	0	31.946414	34.887417
כספונט	אשדוד	עד הלום תחנת דלק תפוז			||||||	0	1	0	31.762341	34.666109
כספונט	בת ים	בלפור 134			||||||	0	1	0	32.013352	34.742358
כספונט	רמלה	בן גוריון 22			||||||	0	1	0	31.923917	34.859588
כספונט	חדרה	פארק חדרה			||||||	0	1	0	32.413938	34.904209
כספונט	לוד	הרצוג 5			||||||	0	1	0	31.954883	34.897652
כספונט	בית אריה	הזית 1			||||||	0	1	0	32.033553	35.050961
כספונט	רחובות	דוד אלעזר 3			||||||	0	1	0	31.892510	34.775144
כספונט	מודיעין עילית	רשבי 29			||||||	0	1	0	31.937438	35.042983
כספונט	נתניה	אגם כינרת 6			||||||	0	1	0	32.290346	34.851164
כספונט	נצרת	נצרת			||||||	0	1	0	32.703575	35.291909
כספונט	נצרת	מרכז העיר			||||||	0	1	0	32.696954	35.291871
כספונט	ירושלים	המפקד 62			||||||	0	1	0	31.764143	35.229520
כספונט	ירושלים	פנחס רוזן			||||||	0	1	0	31.757400	35.186633
כספונט	נצרת	נצרת			||||||	0	1	0	32.714492	35.297791
כספונט	הרצליה	בן גוריון 20			||||||	0	1	0	32.163524	34.842388
כספונט	אשדוד	שדרות הפלמח 20/7			||||||	0	1	0	31.800370	34.662720
כספונט	בת ים	רזיאל 5			||||||	0	1	0	32.014297	34.755949
כספונט	נהריה	גולן 1			||||||	0	1	0	33.005506	35.106783
כספונט	נצרת	אזור תעשיה צפוני			||||||	0	1	0	32.726157	35.285551
כספונט	מעלה אדומים	מתחם רמי לוי			||||||	0	1	0	31.793667	35.334537
כספונט	כפר סבא	ויצמן 201			||||||	0	1	0	32.171050	34.925877
כספונט	טבריה	טיילת טבריה			||||||	0	1	0	32.787207	35.540803
כספונט	עין מאהל	עין מאהל מרכז הכפר			||||||	0	1	0	32.720612	35.350472
כספונט	ירושלים	מינץ 6			||||||	0	1	0	31.821492	35.193366
כספונט	חיפה	חלוצי התעשיה 73			||||||	0	1	0	32.818768	35.053571
כספונט	רמלה	א.ס לוי 3			||||||	0	1	0	31.921042	34.860835
כספונט	לוד	צמח צדק 4			||||||	0	1	0	31.943251	34.876115
כספונט	ראש העין	שבזי 180			||||||	0	1	0	32.084654	34.966215
כספונט	בת שלמה	כביש 70			||||||	0	1	0	32.602726	35.018461
כספונט	שדרות	בכניסה לעיר שדרות			||||||	0	1	0	31.516883	34.588270
כספונט	פתח תקווה	יואל 9			||||||	0	1	0	32.071151	34.899784
כספונט	נתניה	פנקס דוד 47			||||||	0	1	0	32.314769	34.873912
כספונט	רמלה	יוסף קלאוזנר 14			||||||	0	1	0	31.919010	34.869382
כספונט	ראשון לציון	שמוטקין 8 חנות אופניים			||||||	0	1	0	31.973578	34.811142
כספונט	דימונה	שדרות בן גוריון 39			||||||	0	1	0	31.070742	35.034376
כספונט	בת ים	גבעתי 18			||||||	0	1	0	32.014027	34.745865
כספונט	ירושלים	סילוואן			||||||	0	1	0	31.764084	35.238255
כספונט	באר שבע	שמחה ארליך 1			||||||	0	1	0	31.257255	34.767090
כספונט	פתח תקווה	צלח שלום 30			||||||	0	1	0	32.076150	34.910998
כספונט	באר שבע	יגאל ידין 60			||||||	0	1	0	31.246122	34.768497
כספונט	רמת גן	בית החולים תל השומר			||||||	0	1	0	32.050490	34.849292
כספונט	בית חנינא	בית חנינא			||||||	0	1	0	31.810847	35.235505
כספונט	אשדוד	תמוז 7			||||||	0	1	0	31.781376	34.638384
כספונט	בת ים	אורט ישראל			||||||	0	1	0	32.005872	34.748009
כספונט	באר שבע	עין גדי 14			||||||	0	1	0	31.248473	34.769878
כספונט	ירושלים	ברכת אברהם 2			||||||	0	1	0	31.812234	35.217100
כספונט	נתניה	בארי 68			||||||	0	1	0	32.340165	34.861290
כספונט	מושב חגור	מושב חגור			||||||	0	1	0	32.139009	34.949150
כספונט	ירושלים	החיל 1			||||||	0	1	0	31.800895	35.242147
כספונט	חיפה	צפרירים 2			||||||	0	1	0	32.797151	34.983700
כספונט	קיבוץ יד מרדכי	קיבוץ יד מרדכי			||||||	0	1	0	31.588613	34.560051
כספונט	רמלה	שמחה הולצברג 16			||||||	0	1	0	31.933483	34.853557
כספונט	נתניה	בן צבי 67			||||||	0	1	0	32.298200	34.853576
כספונט	רמלה	הרצל 92			||||||	0	1	0	31.927345	34.873076
כספונט	אשקלון	רחבעם זאבי 4			||||||	0	1	0	31.697467	34.575163
כספונט	אשקלון	עליית הנוער 4			||||||	0	1	0	31.659989	34.570749
כספונט	אשקלון	בר לב 28			||||||	0	1	0	31.630923	34.559341
כספונט	נצרת	נצרת			||||||	0	1	0	32.711837	35.302139
כספונט	ברטעה	כביש ראשי			||||||	0	1	0	32.476316	35.091758
כספונט	מגדל העמק	צומת מגדל העמק תחנת דלק סונול			||||||	0	1	0	32.661045	35.235792
כספונט	אשקלון	הסתדרות 480			||||||	0	1	0	31.654184	34.555448
כספונט	נצרת	מרכז העיר			||||||	0	1	0	32.704232	35.289026
כספונט	טבריה	הפרחים 3			||||||	0	1	0	32.786690	35.538964
כספונט	רמלה	מאיר בר אילן 41			||||||	0	1	0	31.930633	34.864927
כספונט	אשדוד	אורט 1			||||||	0	1	0	31.814525	34.649231
כספונט	קיבוץ דפנה	קיבוץ דפנה			||||||	0	1	0	33.229609	35.638655
כספונט	ראשון לציון	ברנשטיין 3			||||||	0	1	0	31.961738	34.818876
כספונט	אשקלון	עליית הנוער 7			||||||	0	1	0	31.659968	34.570204
כספונט	ירכא	אמצע הכפר			||||||	0	1	0	32.953369	35.193180
כספונט	אשקלון	שדרות ירושלים			||||||	0	1	0	31.677471	34.575624
כספונט	באר יעקב	היהלום 3 ליד סופר אקספרס			||||||	0	1	0	31.935724	34.825882
כספונט	ירושלים	לואיס ברנדייס 3			||||||	0	1	0	31.792042	35.209304
כספונט	אשקלון	בן גוריון 13			||||||	0	1	0	31.666276	34.558071
כספונט	נצרת	רחוב המוסכים			||||||	0	1	0	32.697297	35.296651
כספונט	ירושלים	חמוש 99			||||||	0	1	0	31.784727	35.251692
כספונט	ירושלים	לח'י 32			||||||	0	1	0	31.798185	35.236148
כספונט	רמלה	וילנה 8			||||||	0	1	0	31.932027	34.860962
כספונט	שגב שלום	כביש ראשי			||||||	0	1	0	31.193450	34.838503
כספונט	מגדל העמק	המתכת 2			||||||	0	1	0	32.689270	35.246255
כספונט	קיבוץ שדות יעקב איחוד	קיבוץ שדות יעקב איחוד			||||||	0	1	0	32.658477	35.580545
כספונט	ירושלים	חנה 11			||||||	0	1	0	31.794500	35.213413
כספונט	רמת גן	נגבה 55			||||||	0	1	0	32.070248	34.828524
כספונט	בני ברק	רבי עקיבא 145			||||||	0	1	0	32.085656	34.838778
כספונט	קיבוץ יוטבתה	קיבוץ יוטבתה			||||||	0	1	0	29.900480	35.063171
כספונט	הרצליה	החושלים 8			||||||	0	1	0	32.159343	34.806311
כספונט	אשקלון	חיים סלע 10			||||||	0	1	0	31.691191	34.574484
כספונט	רמלה	קלאוזנר 6			||||||	0	1	0	31.922816	34.877843
כספונט	אשקלון	קיבוץ גלויות 8			||||||	0	1	0	31.663530	34.566358
כספונט	רחובות	הרצל 1			||||||	0	1	0	31.873240	34.819898
כספונט	באר שבע	יוסף שטרן 2			||||||	0	1	0	31.280061	34.799852
כספונט	באר שבע	נחום שריג 45			||||||	0	1	0	31.285200	34.805628
כספונט	שגב שלום	שגב שלום			||||||	0	1	0	31.220757	34.846175
כספונט	הרצליה	סוקולוב 78			||||||	0	1	0	32.167164	34.849848
כספונט	פתח תקווה	בורוכוב 18			||||||	0	1	0	32.086278	34.875650
כספונט	ירושלים	ברש רועי 1			||||||	0	1	0	31.725268	35.217803
כספונט	רמת גן	הרואה 1			||||||	0	1	0	32.083821	34.815936
כספונט	קיבוץ גשר	קיבוץ גשר			||||||	0	1	0	32.619857	35.552536
כספונט	מג'ד אל-כרום	מגד אל כרום			||||||	0	1	0	32.919300	35.264944
כספונט	צפת	רונצק 1			||||||	0	1	0	32.960611	35.499505
כספונט	רמלה	בן צבי 27			||||||	0	1	0	31.927828	34.860759
כספונט	באר שבע	וינגייט 66			||||||	0	1	0	31.255837	34.802248
כספונט	נצרת	אניס כרדוש			||||||	0	1	0	32.706848	35.302145
כספונט	רמת גן	יוסף ספיר 9			||||||	0	1	0	32.055465	34.849514
כספונט	רמלה	דני מס 16			||||||	0	1	0	31.932287	34.869014
כספונט	אשקלון	אלי כהן 19			||||||	0	1	0	31.667548	34.569126
כספונט	ג'אבל מוכבר	אל מאורס 13			||||||	0	1	0	31.752008	35.243865
כספונט	לוד	המצביאים 10			||||||	0	1	0	31.935231	34.889000
כספונט	אשדוד	העצמאות 2			||||||	0	1	0	31.791499	34.642543
כספונט	רמת גן	זבוטינסקי 155			||||||	0	1	0	32.090868	34.822116
כספונט	נתניה	נחמיה 25			||||||	0	1	0	32.297118	34.858432
כספונט	רמלה	צנחנים 15			||||||	0	1	0	31.932019	34.856494
כספונט	לקיה	כביש ראשי לקיה			||||||	0	1	0	31.325086	34.863147
כספונט	רמת גן	ההגנה 13			||||||	0	1	0	32.069500	34.834588
כספונט	ראשון לציון	משה בקר 15			||||||	0	1	0	31.975351	34.809246
כספונט	נתניה	פנקס 55			||||||	0	1	0	32.313550	34.873944
כספונט	נתניה	גרינבויים 11			||||||	0	1	0	32.294465	34.851634
כספונט	רהט	שכונה 25 בית 18			||||||	0	1	0	31.393137	34.766298
כספונט	רהט	שכונה 19 רחוב השלום			||||||	0	1	0	31.394019	34.752251
כספונט	באר שבע	אברבנל 4			||||||	0	1	0	31.254583	34.768968
כספונט	רחובות	דרך יבנה 46			||||||	0	1	0	31.901132	34.805312
כספונט	בני ברק	עזרא 54			||||||	0	1	0	32.076974	34.836485
כספונט	יבנה	דוגית 16			||||||	0	1	0	31.866610	34.735777
כספונט	לוד	שפירא 8			||||||	0	1	0	31.949516	34.904114
כספונט	ראש פינה	תחנת דלק כניסה ראש פינה			||||||	0	1	0	32.968201	35.549194
כספונט	תל אביב-יפו	משה דיין 5			||||||	0	1	0	32.047453	34.798967
כספונט	יבנה	האגוז 2 מתחם נווה אילן			||||||	0	1	0	31.878042	34.735960
כספונט	אילת	ששת הימים 320			||||||	0	1	0	29.543417	34.929745
כספונט	לוד	הסתדרות 5			||||||	0	1	0	31.943324	34.887657
כספונט	אשקלון	בן גוריון 7			||||||	0	1	0	31.668252	34.556687
כספונט	אור יהודה	יחזקאל קזז 18			||||||	0	1	0	32.033054	34.846877
כספונט	לוד	איינשטין 42			||||||	0	1	0	31.945475	34.881619
כספונט	ראשון לציון	בן צבי 1			||||||	0	1	0	31.978261	34.790538
כספונט	לוד	הנשיא 1			||||||	0	1	0	31.947909	34.892632
כספונט	ירושלים	אבו עוביידה אבן אל ג'ארח 4			||||||	0	1	0	31.739658	35.238439
כספונט	ירושלים	עזרת תורה 28			||||||	0	1	0	31.798607	35.214161
כספונט	הרצליה	הנדיב 71			||||||	0	1	0	32.170707	34.831817
כספונט	נתניה	דוד המלך 2			||||||	0	1	0	32.330810	34.851049
כספונט	באר שבע	מבצע עובדה 52			||||||	0	1	0	31.259912	34.776843
כספונט	קיבוץ גלעד	בכניסה לקיבוץ גלעד			||||||	0	1	0	32.557457	35.076124
כספונט	רמת גן	ז'בוטינסקי 131			||||||	0	1	0	32.090072	34.819521
כספונט	שער בנימין	איזור תעשיה שער בנימין			||||||	0	1	0	31.864505	35.262174
כספונט	נצרת	כניסה צפונית כביש ראשי			||||||	0	1	0	32.715474	35.299354
כספונט	טבריה	יהוה הנשיא 12			||||||	0	1	0	32.795060	35.529090
כספונט	בת ים	דקר 7			||||||	0	1	0	32.019990	34.743317
כספונט	מרר	מרר אמצע הכפר			||||||	0	1	0	32.889535	35.408374
כספונט	הרצליה	הנדיב 3			||||||	0	1	0	32.167750	34.840396
כספונט	נהריה	הרצל 1			||||||	0	1	0	33.014917	35.096346
כספונט	ירושלים	האומן 18			||||||	0	1	0	31.751375	35.209354
כספונט	מעלות-תרשיחא	שדרות ירושלים 35			||||||	0	1	0	33.021597	35.286686
כספונט	ים המלח	מלון קראון פלאזה			||||||	0	1	0	31.458344	35.397570
כספונט	ראשון לציון	משה שרת 32			||||||	0	1	0	31.992876	34.754925
כספונט	ירושלים	השישה עשר 3			||||||	0	1	0	31.827679	35.241278
כספונט	פתח תקווה	אחווה 112			||||||	0	1	0	32.084191	34.904610
כספונט	ירושלים	שועפט 55			||||||	0	1	0	31.810973	35.232937
כספונט	רמת גן	אלוף דוד 40			||||||	0	1	0	32.058377	34.818759
כספונט	ירושלים	קק'ל 12			||||||	0	1	0	31.777075	35.216161
כספונט	ירושלים	יפו 55			||||||	0	1	0	31.783408	35.217610
כספונט	גבעתיים	סירקין 15			||||||	0	1	0	32.078374	34.815107
כספונט	קיבוץ יגור	קיבוץ יגור			||||||	0	1	0	32.741218	35.078110
כספונט	רמת גן	תלפיות 36			||||||	0	1	0	32.086751	34.810509
כספונט	אבו סנאן	כניסה לכפר כיכר ראשונה ימינה			||||||	0	1	0	32.961112	35.156566
כספונט	ראשון לציון	הרב ברוק 11			||||||	0	1	0	31.964096	34.815328
כספונט	כנרת	כנרת			||||||	0	1	0	32.714700	35.562854
כספונט	כפר חב"ד	אדמור הרייץ 5			||||||	0	1	0	31.986433	34.852913
כספונט	ירושלים	בן יהודה 21			||||||	0	1	0	31.781368	35.217008
כספונט	ירושלים	שוק מחנה יהודה			||||||	0	1	0	31.785341	35.212339
כספונט	ירושלים	יפו 38			||||||	0	1	0	31.781523	35.220049
כספונט	ירושלים	יפו 31			||||||	0	1	0	31.780788	35.221490
כספונט	ירושלים	יפו 112			||||||	0	1	0	31.785822	35.212411
כספונט	באר יעקב	איילה 26			||||||	0	1	0	31.934890	34.834355
כספונט	כביש 6	כביש 6 כיוון דרום			||||||	0	1	0	31.882604	34.878703
כספונט	אשקלון	מונטיפיורי 3			||||||	0	1	0	31.681846	34.574410
כספונט	אילת	קאמן			||||||	0	1	0	29.554810	34.961640
כספונט	אשקלון	מלכי ישראל 36			||||||	0	1	0	31.668653	34.564469
כספונט	ירושלים	פייר קינג 2			||||||	0	1	0	31.758409	35.214768
כספונט	באר שבע	מרדכי מקלף 44			||||||	0	1	0	31.269284	34.777605
כספונט	נתניה	גרינבוים 11			||||||	0	1	0	32.294806	34.851288
כספונט	באר שבע	עמוס ירקוני 8			||||||	0	1	0	31.266624	34.776245
כספונט	ירושלים	חכם שמואל ברוכים 9			||||||	0	1	0	31.795433	35.215683
כספונט	כפר יונה	העצמאות בתחנת דלק של סונול			||||||	0	1	0	32.321498	34.926537
כספונט	כפר רומאנה	כפר רומאנה			||||||	0	1	0	32.786443	35.310313
כספונט	ירושלים	אגריפס 62			||||||	0	1	0	31.783669	35.213852
כספונט	רמת גן	בן גוריון 97			||||||	0	1	0	32.083338	34.821388
כספונט	חולון	הרוקמים 26			||||||	0	1	0	32.007911	34.799018
כספונט	אשקלון	איילה 9			||||||	0	1	0	31.662012	34.576624
כספונט	נתניה	הגביש 5 delek			||||||	0	1	0	32.288932	34.864387
כספונט	באר שבע	רבקה 16			||||||	0	1	0	31.269212	34.763745
כספונט	ירושלים	אל מדינה אלמנורה 29			||||||	0	1	0	31.780049	35.212651
כספונט	אשדוד	הגדוד העברי 5 גן העיר חנות 9			||||||	0	1	0	31.791134	34.637954
כספונט	בני ברק	שלמה המלך 4			||||||	0	1	0	32.079791	34.840580
כספונט	מג'דל שמס	מג'ד אל שמס			||||||	0	1	0	33.266011	35.766252
כספונט	ירושלים	הרב עוזיאל 111			||||||	0	1	0	31.765075	35.188624
כספונט	חיפה	העליה השניה 37			||||||	0	1	0	32.831971	34.978456
כספונט	אשקלון	גבורה 9			||||||	0	1	0	31.665466	34.565802
כספונט	קיבוץ דליה	קיבוץ דליה			||||||	0	1	0	32.590417	35.074894
כספונט	דיר אל אסד	מתחם סלאח דבאח			||||||	0	1	0	32.924931	35.277685
כספונט	אשדוד	עד הלום 9			||||||	0	1	0	31.800590	34.661881
כספונט	צפת	קניון שער העיר			||||||	0	1	0	32.971259	35.505099
כספונט	ירושלים	בצלאל 26			||||||	0	1	0	31.781349	35.212305
כספונט	רחובות	אופנהיימר 9			||||||	0	1	0	31.911100	34.807241
כספונט	בת ים	בן גוריון 79			||||||	0	1	0	32.019734	34.739266
כספונט	תל אביב יפו	התקווה 71			||||||	0	1	0	32.049861	34.789738
כספונט	ירכא	תחנת דלק דלק כפר ירכא			||||||	0	1	0	32.953869	35.191783
כספונט	אשדוד	שבט לוי 14			||||||	0	1	0	31.777361	34.636336
כספונט	ראשון לציון	דרך המכבים 16			||||||	0	1	0	31.975973	34.807903
כספונט	אשדוד	לכיש 21			||||||	0	1	0	31.787868	34.632530
כספונט	טייבה	טייבה			||||||	0	1	0	32.255581	34.996105
כספונט	ירושלים	בן סירא 1			||||||	0	1	0	31.779567	35.221924
כספונט	כפר בענה	בענה מרכז הכפר			||||||	0	1	0	32.930224	35.269981
כספונט	חיפה	רופין 100			||||||	0	1	0	32.788650	35.002719
כספונט	פתח תקווה	פינסקר 21			||||||	0	1	0	32.090620	34.884469
כספונט	נצרת	שכונה מזרחית 4011			||||||	0	1	0	32.703517	35.307701
כספונט	בית שמש	נחל דולב 54			||||||	0	1	0	31.710538	34.999121
כספונט	ראשון לציון	שלמה המלך 9			||||||	0	1	0	31.980132	34.789296
כספונט	אשקלון	אלי כהן 39			||||||	0	1	0	31.669408	34.580769
כספונט	טייבה	כניסה צפונית מול הדואר			||||||	0	1	0	32.273422	35.012115
כספונט	אשדוד	הציונות 30			||||||	0	1	0	31.784970	34.642893
כספונט	לוד	דוד המלך 2			||||||	0	1	0	31.947732	34.890928
כספונט	ירושלים	דרך יריחו 89			||||||	0	1	0	31.772477	35.243878
כספונט	אשדוד	מרכז מסחרי כלניות			||||||	0	1	0	31.782753	34.655019
כספונט	אשדוד	העצמאות 56			||||||	0	1	0	31.788621	34.642751
כספונט	ירושלים	דרום 3			||||||	0	1	0	31.734566	35.225525
כספונט	גבעתיים	הצנחנים 11			||||||	0	1	0	32.070720	34.806474
כספונט	דאלית אל-כרמל	כביש ראשי			||||||	0	1	0	32.687315	35.061635
כספונט	קיבוץ גבעת השלושה	קיבוץ גבעת השלושה			||||||	0	1	0	32.099314	34.920599
כספונט	ראש העין	יהושע בן נון 101			||||||	0	1	0	32.104143	34.943274
כספונט	חילף	כפר חילף ליד טבעון			||||||	0	1	0	32.747019	35.147362
כספונט	מגדל העמק	האיצטדיון 17			||||||	0	1	0	32.669463	35.237825
כספונט	אשדוד	חלפתא 3			||||||	0	1	0	31.794007	34.661601
כספונט	ירושלים	קשאני 26			||||||	0	1	0	31.745802	35.234149
כספונט	ירושלים	זכרון יעקוב 1			||||||	0	1	0	31.795461	35.199671
כספונט	פתח תקווה	גיסין 62			||||||	0	1	0	32.099556	34.869553
כספונט	לוד	בן גוריון 6			||||||	0	1	0	31.942030	34.890663
כספונט	ירושלים	השער החדש 11			||||||	0	1	0	31.779228	35.226277
כספונט	חולון	הסתדרות 191			||||||	0	1	0	32.013297	34.788756
כספונט	מג'ד אל-כרום	כביש ראשי			||||||	0	1	0	32.920107	35.254645
כספונט	עפולה	החשמל 2			||||||	0	1	0	32.599785	35.294848
כספונט	ירושלים	דרך יריחו 163			||||||	0	1	0	31.809558	35.233728
כספונט	טייבה	טייבה			||||||	0	1	0	32.258854	35.011065
כספונט	רחובות	הרצל 220			||||||	0	1	0	31.901845	34.809005
כספונט	לוד	הרצוג 11			||||||	0	1	0	31.955665	34.897728
כספונט	שלומי	האנפה 7			||||||	0	1	0	33.079307	35.150970
כספונט	שעב	שעב			||||||	0	1	0	32.892125	35.229391
כספונט	כפר סבא	דוד רמז 18			||||||	0	1	0	32.190536	34.901520
כספונט	כפר סבא	הורביץ 21			||||||	0	1	0	32.176502	34.932479
כספונט	ירושלים	סולטן סולימאן 5			||||||	0	1	0	31.770511	35.250519
כספונט	פתח תקווה	רוטשילד 73			||||||	0	1	0	32.087633	34.881868
כספונט	גן שמואל	קיבוץ גן שמואל			||||||	0	1	0	32.453161	34.949992
כספונט	ירושלים	שירת הים 10			||||||	0	1	0	31.817042	35.200156
כספונט	חיפה	פלימן 2			||||||	0	1	0	32.790427	34.962649
כספונט	טבריה	בר כוכבא 43			||||||	0	1	0	32.793599	35.520488
כספונט	פתח תקווה	הסיבים 17			||||||	0	1	0	32.089733	34.857049
כספונט	קיבוץ ניר יצחק	קיבוץ ניר יצחק			||||||	0	1	0	31.236471	34.356789
כספונט	נהלל	נהלל			||||||	0	1	0	32.690290	35.196663
כספונט	יד בנימין	יד בנימין			||||||	0	1	0	31.792615	34.824313
כספונט	רחובות	עמוס דניאלי 17			||||||	0	1	0	31.893926	34.799438
כספונט	ג'סר א-זרקא	ג'סר אל זרקא			||||||	0	1	0	32.537521	34.912305
כספונט	תל אביב-יפו	יגאל אלון 123			||||||	0	1	0	32.075195	34.795428
כספונט	רמת גן	האצל 30			||||||	0	1	0	32.067670	34.836675
כספונט	ליד קיבוץ מסריק	ליד קיבוץ מסריק תחנת דלק נעמן			||||||	0	1	0	32.891147	35.098757
כספונט	רמת גן	ארלוזורוב 79			||||||	0	1	0	32.082041	34.805145
כספונט	רכסים	סביון 37			||||||	0	1	0	32.755348	35.104074
כספונט	קיבוץ דבירה	קיבוץ דבירה			||||||	0	1	0	31.422155	34.786188
כספונט	רמת גן	שדרות ירושלים 91			||||||	0	1	0	32.074673	34.830427
כספונט	קיבוץ גבעת עוז	קיבוץ גבעת עוז			||||||	0	1	0	32.555770	35.200424
כספונט	טירת הכרמל	המלאכה 3			||||||	0	1	0	32.768488	34.967302
כספונט	ירושלים	אלשייח 125			||||||	0	1	0	31.776769	35.250607
כספונט	באר שבע	מצדה 234			||||||	0	1	0	31.256819	34.773966
כספונט	בת ים	אלי כהן 21			||||||	0	1	0	32.014360	34.758877
כספונט	ירושלים	וואדי גואז 37			||||||	0	1	0	31.792879	35.237032
כספונט	ראשון לציון	חיים דוד הלוי 2			||||||	0	1	0	31.946720	34.818101
כספונט	באר שבע	השלום 63			||||||	0	1	0	31.252056	34.807523
כספונט	מורן	ישוב מורן			||||||	0	1	0	32.926594	35.393174
כספונט	שפרעם	שכונת אל מדיין			||||||	0	1	0	32.809742	35.172263
כספונט	רמת השרון	חרושת 5			||||||	0	1	0	32.128819	34.857147
כספונט	אשקלון	הנשיא 80			||||||	0	1	0	31.666536	34.562250
כספונט	ירושלים	בבנין מול המיון			||||||	0	1	0	31.765391	35.149201
כספונט	נוף הגליל	גלעד 12			||||||	0	1	0	32.704128	35.327038
כספונט	ראשון לציון	ירושלים 14			||||||	0	1	0	31.961941	34.808736
כספונט	משאבים	תחנת דלק משאבים			||||||	0	1	0	31.767469	35.199308
כספונט	ירושלים	אגריפס 14			||||||	0	1	0	31.783141	35.216268
כספונט	ראשון לציון	מתחם גי			||||||	0	1	0	31.984592	34.769528
כספונט	ירושלים	יצחק שדה 17			||||||	0	1	0	31.753952	35.195987
כספונט	עין מאהל	כביש ראשי כניסה לכפר			||||||	0	1	0	32.722893	35.348957
כספונט	בני ברק	כהנמן 128			||||||	0	1	0	32.074444	34.842260
כספונט	נס ציונה	הפטיש 6			||||||	0	1	0	31.921233	34.791346
כספונט	ירושלים	שמואל הנביא 66			||||||	0	1	0	31.792745	35.223158
כספונט	תל אביב-יפו	מנחם בגין 158			||||||	0	1	0	32.043229	34.769715
כספונט	באקה אל-גרביה	באקה אל גרביה			||||||	0	1	0	32.420051	35.044495
כספונט	ירושלים	אל מדרס 98			||||||	0	1	0	31.796102	35.220432
כספונט	ירושלים	שדרות ויצמן 1			||||||	0	1	0	31.789898	35.197851
כספונט	טירת הכרמל	המלאכה 8			||||||	0	1	0	32.768071	34.967018
כספונט	ירושלים	סילוואן			||||||	0	1	0	31.736530	35.227652
כספונט	הרצליה	בן גוריון 14			||||||	0	1	0	32.164813	34.842432
כספונט	תדהר	כביש 25			||||||	0	1	0	31.377071	34.619282
כספונט	ראשון לציון	לזרוב 35 delek			||||||	0	1	0	31.991719	34.775599
כספונט	טייבה	טייבה			||||||	0	1	0	32.261872	35.015646
כספונט	אילת	דרך הערבה 6 א'			||||||	0	1	0	29.548193	34.951673
כספונט	נתניה	שי עגנון 2			||||||	0	1	0	32.281010	34.852524
כספונט	קיבוץ דגניה א'	קיבוץ דגניה א'			||||||	0	1	0	32.707727	35.576727
כספונט	בת ים	הים 2			||||||	0	1	0	32.028673	34.741413
כספונט	חולון	אילת 70			||||||	0	1	0	32.010518	34.764921
כספונט	בני ברק	בארי 8			||||||	0	1	0	32.078017	34.828704
כספונט	תל אביב-יפו	העליה 42			||||||	0	1	0	32.057391	34.773167
כספונט	עפולה	שוק עירוני 1 חנות 5			||||||	0	1	0	32.606725	35.293058
כספונט	על כביש כרמיאל עכו	צומת גילון			||||||	0	1	0	32.915328	35.226538
כספונט	כביש 99 קרית שמונה	בין צ. מצודות לצ. בניאס			||||||	0	1	0	33.223188	35.615718
כספונט	הרצליה	אבן גבירול 16			||||||	0	1	0	32.166950	34.836453
כספונט	כביש 44	צומת בית דגן			||||||	0	1	0	31.989988	34.829886
כספונט	כביש 90	צומת הגומא			||||||	0	1	0	33.170214	35.570915
כספונט	מחלף לטרון	מחלף לטרון מוזיאון השריון			||||||	0	1	0	31.837290	34.976843
כספונט	בית שיטה	כביש 71 צומת קיבוץ בית השיטה			||||||	0	1	0	32.544639	35.434088
כספונט	כפר עזה	קיבוץ כפר עזה כביש 232			||||||	0	1	0	31.476882	34.535605
כספונט	חולון	דב הוז 65			||||||	0	1	0	32.023289	34.763328
כספונט	ירושלים	בן זכאי 7			||||||	0	1	0	31.759214	35.212493
כספונט	צריפין	תחנת דלק מנטה השוק הסיטונאי			||||||	0	1	0	31.958644	34.851330
כספונט	קצרין	שיאון 12			||||||	0	1	0	32.993110	35.690248
כספונט	פוריידיס	כניסה			||||||	0	1	0	32.596367	34.950341
כספונט	רמלה	עמיחי 7			||||||	0	1	0	31.936035	34.856418
כספונט	נתניה	הגדוד העברי 22			||||||	0	1	0	32.348188	34.857317
כספונט	ירושלים	הדסה הר הצופים			||||||	0	1	0	31.797556	35.241879
כספונט	פקיעין	פקיעין			||||||	0	1	0	32.993908	35.312846
כספונט	ראשון לציון	הקישון 6			||||||	0	1	0	31.960435	34.791893
כספונט	ירושלים	מעלות שער הפרחים 14			||||||	0	1	0	31.782933	35.233745
כספונט	נהריה	לוחמי הגטאות 49			||||||	0	1	0	33.000329	35.097254
כספונט	אשקלון	יוספטל 12			||||||	0	1	0	31.649798	34.558785
כספונט	נתניה	ותיקים 53			||||||	0	1	0	32.315953	34.885648
כספונט	הוד השרון	ששת הימים 52			||||||	0	1	0	32.156929	34.920986
כספונט	ירושלים	שמעון הצדיק 13			||||||	0	1	0	31.792899	35.229170
כספונט	נתניה	גפן 18			||||||	0	1	0	32.349800	34.861534
כספונט	קרית מנחם	נורית 21			||||||	0	1	0	31.753936	35.170774
כספונט	ברור חיל	ברור חיל			||||||	0	1	0	31.557763	34.647372
כספונט	דיר אל אסד	כביש ראשי			||||||	0	1	0	32.931905	35.274915
כספונט	צוקים	צוקים			||||||	0	1	0	30.484900	35.173077
כספונט	קיבוץ עינת	קיבוץ עינת			||||||	0	1	0	32.089475	34.943530
כספונט	רמת גן	מרגנית 8			||||||	0	1	0	32.093776	34.813385
כספונט	בית חנינא	גאבל מוכאבר			||||||	0	1	0	31.841332	35.230163
כספונט	בת ים	ניסינבאום 25			||||||	0	1	0	32.010769	34.751173
כספונט	כעביה	צומת זרזיר			||||||	0	1	0	32.734320	35.209349
כספונט	חיפה	מיכאל 16			||||||	0	1	0	32.804489	35.002110
כספונט	ציפורית	כניסה לאזור תעשיה של ציפורית			||||||	0	1	0	32.763862	35.322744
כספונט	כרכור	המיסדים 33			||||||	0	1	0	32.472739	34.990522
כספונט	ירושלים	זוננפלד 11			||||||	0	1	0	31.788404	35.223007
כספונט	ירושלים	קובובוי 55			||||||	0	1	0	31.761616	35.181064
כספונט	עפולה	הארז 55			||||||	0	1	0	32.635325	35.319396
כספונט	רחובות	רמז 82			||||||	0	1	0	31.894820	34.803848
כספונט	עקרון	בוסי סנט גורג			||||||	0	1	0	31.860705	34.814828
כספונט	כפר שעב	כפר שעב			||||||	0	1	0	32.890745	35.240842
כספונט	זכרון יעקב	שדרות נילי 4			||||||	0	1	0	32.571492	34.938154
כספונט	אשדוד	יהודה המכבי 6			||||||	0	1	0	31.796548	34.657146
כספונט	אשקלון	התחיה 30 delek			||||||	0	1	0	31.656216	34.585076
כספונט	חיפה	כניסה למתחם מרכזית המפרץ			||||||	0	1	0	32.792705	35.034731
כספונט	בני ברק	אברבנל 101			||||||	0	1	0	32.096290	34.836082
כספונט	ירושלים	זאב וילנאי 4			||||||	0	1	0	31.785142	35.197835
כספונט	ירושלים	דוד רמז 4			||||||	0	1	0	31.767420	35.224303
כספונט	כפר סבא	בית משפט כפר סבא			||||||	0	1	0	32.173414	34.892270
כספונט	עפולה	הפרסה 2			||||||	0	1	0	32.603718	35.292809
כספונט	ירושלים	יפו 234			||||||	0	1	0	31.789629	35.202082
כספונט	חיפה	מחוץ למתחם במפרץ האוטובוסים			||||||	0	1	0	32.792822	35.035034
כספונט	חיפה	מעבר לתחנת הרכבת			||||||	0	1	0	32.791986	35.035623
כספונט	פתח תקווה	מחנה יהודה 7			||||||	0	1	0	32.100107	34.787905
כספונט	מעלות-תרשיחא	ת. דלק מונפורט מערבית למעלות			||||||	0	1	0	33.021485	35.262267
כספונט	ירושלים	שער ציון 11			||||||	0	1	0	31.773134	35.230379
כספונט	ירושלים	שדרות המאירי 1 פינת קרית משה			||||||	0	1	0	31.785994	35.194610
כספונט	לוד	שלמה המלך 4			||||||	0	1	0	31.951224	34.889794
כספונט	באר שבע	מבצע נחשון 60/13			||||||	0	1	0	31.260425	34.787258
כספונט	הרצליה	קדושי השואה 67			||||||	0	1	0	32.170250	34.802608
כספונט	גבעת זאב	תחנת דלק גבעת זאב			||||||	0	1	0	31.857167	35.173352
כספונט	מושב נחושה	מושב נחושה			||||||	0	1	0	31.628785	34.952777
כספונט	ירושלים	תחכמוני 6			||||||	0	1	0	31.787417	35.212213
כספונט	קציר	קציר			||||||	0	1	0	32.489950	35.107711
כספונט	חיפה	אבא הילל סילבר 107			||||||	0	1	0	32.793220	35.006713
כספונט	אשדוד	אברהם שפירא 4			||||||	0	1	0	31.794667	34.659542
כספונט	נוף הגליל	העמל 1			||||||	0	1	0	32.703156	35.323900
כספונט	מישור אדומים	בתוך תחנת דלק מישור אדומים			||||||	0	1	0	31.804193	35.326011
כספונט	ירושלים	דרך יריחו 207 ראס אל עמוד			||||||	0	1	0	31.771236	35.250375
כספונט	לוד	אהרון לובלין 40			||||||	0	1	0	31.961598	34.877909
כספונט	יוקנעם	פארק תעשיה יוקנעם			||||||	0	1	0	32.667541	35.107348
כספונט	ירושלים	יד ושם			||||||	0	1	0	31.774291	35.176460
כספונט	חורה	שכונה 15 בית 57			||||||	0	1	0	31.306886	34.926809
כספונט	קיבוץ מזרע	קיבוץ מזרע			||||||	0	1	0	32.649846	35.285799
כספונט	טמרה	כביש ראשי			||||||	0	1	0	32.854346	35.194909
כספונט	חיפה	האיצטדיון 5			||||||	0	1	0	32.821133	35.055771
כספונט	הרצליה	העצמאות 38			||||||	0	1	0	32.164791	34.841429
כספונט	טבריה	גולדה מאיר 2			||||||	0	1	0	32.801277	35.521555
כספונט	ירושלים	שער שכם			||||||	0	1	0	31.781377	35.230721
כספונט	ראשון לציון	יהודה לייב 16			||||||	0	1	0	31.966014	34.807445
כספונט	כאבול	כביש ראשי			||||||	0	1	0	32.867447	35.211644
כספונט	נתניה	לנטוס 2			||||||	0	1	0	32.306870	34.869550
כספונט	חיפה	שדרות מוריה 123			||||||	0	1	0	32.763724	35.016959
כספונט	חיפה	תל אביב 11			||||||	0	1	0	32.824711	34.987693
כספונט	אשדוד	חוף הקשתות			||||||	0	1	0	31.799672	34.633307
כספונט	ירושלים	אל מדינה אל מנורה 85			||||||	0	1	0	31.736997	35.236455
כספונט	ירושלים	החלוץ 72			||||||	0	1	0	31.774948	35.189348
כספונט	בית לחם הגלילית	בית לחם הגלילית			||||||	0	1	0	32.734666	35.209768
כספונט	חולון	דרך השבעה 20			||||||	0	1	0	32.027515	34.797881
כספונט	מושב אחיטוב	מושב אחיטוב			||||||	0	1	0	32.386639	34.989389
כספונט	ראשון לציון	מורדי הגטאות 40			||||||	0	1	0	31.954598	34.821090
כספונט	זכרון יעקב	כביש 4 בכניסה			||||||	0	1	0	32.569213	34.935882
כספונט	גדרה	צומת כנות			||||||	0	1	0	31.807183	34.766613
כספונט	עספיא	שכונת חנוק			||||||	0	1	0	32.707439	35.077624
כספונט	קרני שומרון	הגפן 1			||||||	0	1	0	32.170491	35.084197
כספונט	מודיעין-מכבים-רעות	דבורנית 10			||||||	0	1	0	31.906194	35.010406
כספונט	ירושלים	בית צפפה			||||||	0	1	0	31.749100	35.197845
כספונט	הרצליה	כצנלסון 27			||||||	0	1	0	32.168259	34.857070
כספונט	כפר יאסיף	כפר יאסיף			||||||	0	1	0	32.957800	35.164622
כספונט	עכו	יהושפט 14			||||||	0	1	0	32.923923	35.075947
כספונט	רמלה	ביאליק 19			||||||	0	1	0	31.924438	34.870413
כספונט	סכנין	כניסה מערבית לסכנין			||||||	0	1	0	32.864521	35.274586
כספונט	ירושלים	אבו תור 3			||||||	0	1	0	31.762965	35.229411
כספונט	ירושלים	שוק חאן הזית 169			||||||	0	1	0	31.778289	35.230850
כספונט	ירושלים	אלחדוב 11			||||||	0	1	0	31.780203	35.251627
כספונט	רמת גן	אצל 17			||||||	0	1	0	32.066352	34.832938
כספונט	נתניה	שדרות גולדה מאיר 37			||||||	0	1	0	32.278145	34.852515
כספונט	הרצליה	ש"ד אלי לנדאו 2			||||||	0	1	0	32.179005	34.803484
כספונט	אשקלון	שדרות בן גוריון 1			||||||	0	1	0	31.658952	34.600534
כספונט	רעננה	עקיבא 95			||||||	0	1	0	32.188062	34.883047
כספונט	אשדוד	הפרחים 20			||||||	0	1	0	31.786768	34.651769
כספונט	ירושלים	בן אליעזר 47			||||||	0	1	0	31.737406	35.197213
כספונט	ירושלים	אורגוואי 42			||||||	0	1	0	31.756351	35.176999
כספונט	אילת	ששת הימים			||||||	0	1	0	29.562896	34.942890
כספונט	מבשרת ציון	שמעון סוויסה 82			||||||	0	1	0	31.799172	35.165453
כספונט	רחובות	העליה 13			||||||	0	1	0	31.882910	34.804622
כספונט	ראשון לציון	הרצל 30			||||||	0	1	0	31.968853	34.804172
כספונט	נתניה	כיכר העצמאות 4			||||||	0	1	0	32.330250	34.850559
כספונט	עפולה	אבן גבירול 49			||||||	0	1	0	32.624609	35.328488
כספונט	ערד	כניסה צפונית ערד			||||||	0	1	0	31.254419	35.206908
כספונט	חיפה	סירקין 33			||||||	0	1	0	32.808748	35.002169
כספונט	ראשון לציון	שמואל שרירא 38			||||||	0	1	0	31.964821	34.821597
כספונט	גני חוגה	צומת חמדיה			||||||	0	1	0	32.510149	35.521484
כספונט	מודיעין עילית	כיכר חזון איש 3			||||||	0	1	0	31.922788	35.048446
כספונט	ירושלים	כנפי נשרים 26			||||||	0	1	0	31.787799	35.185058
כספונט	טייבה	כניסה דרומית			||||||	0	1	0	32.260586	35.000140
כספונט	מושב עזר	השחף 20			||||||	0	1	0	31.736900	34.669855
כספונט	מנשית זבדה	מנשית זבדה כניסה			||||||	0	1	0	32.703514	35.192255
כספונט	בת ים	בר אילן 18			||||||	0	1	0	32.015103	34.748149
כספונט	ירושלים	גולדה מאיר 255 קניון רמות קומה 3			||||||	0	1	0	31.817271	35.194882
כספונט	אשקלון	הכישור 3 תחנת דלק			||||||	0	1	0	31.662514	34.596929
כספונט	נתיבות	שדרות ירושלים 2 delek			||||||	0	1	0	31.299474	34.620628
כספונט	צפת	ירושלים 27			||||||	0	1	0	32.970864	35.493714
כספונט	קיבוץ רמת רחל	קיבוץ רמת רחל			||||||	0	1	0	31.740134	35.219212
כספונט	ים המלח	קניון עין התכלת			||||||	0	1	0	31.198255	35.363289
כספונט	צומת נהלל	צומת נהלל פניה לכיוון זרזיר			||||||	0	1	0	32.713498	35.213192
כספונט	באר שבע	דרך חברון			||||||	0	1	0	31.238079	34.793518
כספונט	נתניה	איזור תעשייה האורזים			||||||	0	1	0	32.321204	34.872048
כספונט	נתניה	אלון צבי 1 תחנה מרכזית			||||||	0	1	0	32.326473	34.858422
כספונט	רמת גן	הרואה 16			||||||	0	1	0	32.083908	34.817641
כספונט	אשקלון	צהל 1			||||||	0	1	0	31.665361	34.587239
כספונט	ירושלים	כביש ראשי עזרייה			||||||	0	1	0	31.892272	34.909789
כספונט	אילת	מרכז תיירות			||||||	0	1	0	29.550409	34.952342
כספונט	אילת	דרך הערבה חנויות חוף אלמוג 1			||||||	0	1	0	29.514974	34.925075
כספונט	באר שבע	ביאליק 28			||||||	0	1	0	31.253903	34.791451
כספונט	אשדוד	תל חי 9			||||||	0	1	0	31.770699	34.624276
כספונט	ראשון לציון	שרירא 5			||||||	0	1	0	31.966363	34.823108
כספונט	ביתר עילית	כף החיים 38			||||||	0	1	0	31.691253	35.106431
כספונט	באר שבע	דרך חברון 109			||||||	0	1	0	31.242106	34.804428
כספונט	אשדוד	תל חי 53			||||||	0	1	0	31.767826	34.630254
כספונט	עפולה	ירושלים 9			||||||	0	1	0	32.607786	35.290928
כספונט	אל סייד	כביש ראשי			||||||	0	1	0	31.285501	34.913834
כספונט	אשקלון	עמק האלה 47			||||||	0	1	0	31.649798	34.567826
כספונט	טייבה	איזור התעשיה			||||||	0	1	0	32.247085	34.995115
כספונט	כפר סבא	קניון רפפורט			||||||	0	1	0	32.192195	34.891701
כספונט	ברטעה	ברטעה			||||||	0	1	0	32.472567	35.091425
כספונט	באר שבע	קניון שאול המלך 145			||||||	0	1	0	31.257824	34.767973
כספונט	פתח תקווה	רוטשליד 150			||||||	0	1	0	32.079400	34.884238
כספונט	פתח תקווה	עין גנים 94			||||||	0	1	0	32.081465	34.899553
כספונט	אשדוד	מרטין בובר טיילת אשדוד			||||||	0	1	0	31.811390	34.640338
כספונט	ירושלים	סאלח א דין 29			||||||	0	1	0	31.786045	35.232064
כספונט	רמת גן	תרצה 13			||||||	0	1	0	32.073507	34.828407
כספונט	אילת	ירושלים השלמה 35 מפוח			||||||	0	1	0	29.563027	34.945672
כספונט	אילת	מלון בל			||||||	0	1	0	29.551002	34.958597
כספונט	אילת	מרכז שחמון			||||||	0	1	0	29.550172	34.932914
כספונט	רמת גן	ארלוזורוב 27			||||||	0	1	0	32.080504	34.812159
כספונט	אשקלון	לייפר 17			||||||	0	1	0	31.695134	34.587964
כספונט	טייבה	טייבה			||||||	0	1	0	32.270519	35.003100
כספונט	אשקלון	הרצל 85			||||||	0	1	0	31.669260	34.586582
כספונט	כאבול	תחנת דלק יבור			||||||	0	1	0	32.888938	35.198180
כספונט	באר שבע	הרב הרצוג 2			||||||	0	1	0	31.261894	34.768741
כספונט	יד בנימין	יד בנימין delek			||||||	0	1	0	31.792669	34.824106
כספונט	חיפה	ההגנה 33 delek			||||||	0	1	0	32.830311	34.977560
כספונט	ירושלים	אלאל בית			||||||	0	1	0	31.739188	35.237051
כספונט	אילת	דרך יותם			||||||	0	1	0	29.554053	34.935484
כספונט	כפר סבא	רחוב י. כהן 1			||||||	0	1	0	32.186374	34.904826
כספונט	באר שבע	אפרים לוזון 65			||||||	0	1	0	31.266508	34.757674
כספונט	בית אריה	בית אריה			||||||	0	1	0	32.037521	35.050180
כספונט	ביתן אהרון	כביש 2			||||||	0	1	0	32.360764	34.868358
כספונט	באר שבע	השלום 31			||||||	0	1	0	31.253132	34.804329
כספונט	פתח תקווה	גיסין 64			||||||	0	1	0	32.099561	34.869769
כספונט	כפר סבא	ויצמן			||||||	0	1	0	32.174008	34.913627
כספונט	רמות	במושב			||||||	0	1	0	32.854087	35.664739
כספונט	אומן	אומן			||||||	0	1	0	32.564295	35.242821
כספונט	פתח תקווה	ההסתדרות 5			||||||	0	1	0	32.113801	34.801984
כספונט	ראשון לציון	מורדי הגטאות 49			||||||	0	1	0	31.954845	34.821042
כספונט	אום אל גנם	אום אל גנם			||||||	0	1	0	32.675468	35.392364
כספונט	ראשון לציון	בית חולים אסף הרופא מחלקת יולדות			||||||	0	1	0	31.967635	34.840348
כספונט	פתח תקווה	פפר יוסף 9			||||||	0	1	0	32.091372	34.895921
כספונט	אשדוד	דב גור 17			||||||	0	1	0	31.792996	34.653554
כספונט	תל אביב-יפו	יגאל אלון 120			||||||	0	1	0	32.073930	34.795371
כספונט	חיפה	חלוצי התעשיה 48			||||||	0	1	0	32.813983	35.063478
כספונט	הוד השרון	חנקין 8			||||||	0	1	0	32.160104	34.904317
כספונט	רמלה	חיים בר לב 11			||||||	0	1	0	31.937895	34.856865
כספונט	רחובות	יעקב 43			||||||	0	1	0	31.897058	34.816343
כספונט	לוד	הציונות 1			||||||	0	1	0	31.945336	34.891768
כספונט	אילת	דרך יותם 54			||||||	0	1	0	29.554424	34.936949
כספונט	אשקלון	שיבת ציון 137			||||||	0	1	0	31.659708	34.577023
כספונט	רחובות	פנחס ספיר 1			||||||	0	1	0	31.898537	34.787188
כספונט	ירושלים	חמוש 5			||||||	0	1	0	31.784305	35.247472
כספונט	אשקלון	ביאליק 45			||||||	0	1	0	31.655901	34.561245
כספונט	רחובות	הרצל 205			||||||	0	1	0	31.902764	34.808171
כספונט	ירושלים	דרך יריחו 155			||||||	0	1	0	31.773023	35.249535
כספונט	עפולה	כניסה מערבית delek			||||||	0	1	0	32.606964	35.300272
כספונט	טמרה	טמרה מרכז הכפר			||||||	0	1	0	32.860872	35.190198
כספונט	כפר סבא	טשרניחובסקי 24			||||||	0	1	0	32.177340	34.893794
כספונט	פתח תקווה	שטמפפר 73			||||||	0	1	0	32.093621	34.890197
כספונט	ירושלים	ארץ חפץ 106			||||||	0	1	0	31.794224	35.222765
כספונט	באר שבע	האנרגיה 77			||||||	0	1	0	31.263484	34.810323
כספונט	טבריה	רחוב ברץ 3			||||||	0	1	0	32.782518	35.506318
כספונט	חולון	אחד במאי 1			||||||	0	1	0	32.022944	34.769723
כספונט	בת ים	כצנלסון 84			||||||	0	1	0	32.016274	34.754279
כספונט	רמלה	הרצל 87			||||||	0	1	0	31.926603	34.875214
כספונט	עלי זהב	מרכז מסחרי			||||||	0	1	0	32.072004	35.268245
כספונט	תל אביב-יפו	מח"ל 18			||||||	0	1	0	32.049405	34.802544
כספונט	חורה	שכונה 3 בית 59			||||||	0	1	0	31.295528	34.939134
כספונט	קיבוץ יראון	קיבוץ יראון הנהלת חשבונות			||||||	0	1	0	33.076627	35.454176
כספונט	תל אביב-יפו	העליה 16			||||||	0	1	0	32.059878	34.773708
כספונט	תל אביב-יפו	יעקב שבתאי 31			||||||	0	1	0	32.126913	34.830054
כספונט	אשקלון	שילה 2			||||||	0	1	0	31.669716	34.556569
כספונט	תל אביב-יפו	מקוה ישראל 25			||||||	0	1	0	32.062700	34.778036
כספונט	תל אביב-יפו	יפת 246			||||||	0	1	0	32.034366	34.745768
כספונט	תל אביב-יפו	שדרות יהודית 28			||||||	0	1	0	32.069920	34.791046
כספונט	תל אביב-יפו	ראול וולנברג 32 רמת החייל			||||||	0	1	0	32.113966	34.840763
כספונט	תל אביב-יפו	נחלת בנימין 63			||||||	0	1	0	32.063621	34.771575
כספונט	תל אביב-יפו	קינג גורג 5			||||||	0	1	0	32.070312	34.771389
כספונט	תל אביב-יפו	אבן גבירול 161			||||||	0	1	0	32.091924	34.783028
כספונט	תל אביב-יפו	דניאל 25			||||||	0	1	0	32.067088	34.766395
כספונט	תל אביב-יפו	סולומון 18			||||||	0	1	0	32.061073	34.779666
כספונט	תל אביב-יפו	אורי צבי גרינברג 25			||||||	0	1	0	32.130572	34.792169
כספונט	תל אביב-יפו	הרצל 61			||||||	0	1	0	32.057839	34.770950
כספונט	תל אביב-יפו	אילת 58			||||||	0	1	0	32.059560	34.767348
כספונט	תל אביב-יפו	אבן גבירול 136			||||||	0	1	0	32.088383	34.782523
כספונט	תל אביב-יפו	פלורנטין 1			||||||	0	1	0	32.056229	34.767252
כספונט	תל אביב-יפו	לואי פסטר 5			||||||	0	1	0	32.052751	34.751602
כספונט	תל אביב-יפו	יהודה מרגוזה 7			||||||	0	1	0	32.052774	34.756753
כספונט	תל אביב-יפו	לוינסקי 54			||||||	0	1	0	32.059312	34.773803
כספונט	תל אביב-יפו	האצל 62			||||||	0	1	0	32.049242	34.792515
כספונט	תל אביב-יפו	רמבם 17			||||||	0	1	0	32.067573	34.771034
כספונט	תל אביב-יפו	שדרות ירושלים 98			||||||	0	1	0	32.045589	34.758297
כספונט	תל אביב-יפו	מאזה 42			||||||	0	1	0	32.066103	34.776745
כספונט	תל אביב-יפו	שד' ירושלים 45			||||||	0	1	0	32.050828	34.759148
כספונט	תל אביב-יפו	שונצינו 5			||||||	0	1	0	32.066098	34.787088
כספונט	תל אביב-יפו	דרך ההגנה 34			||||||	0	1	0	32.054025	34.786209
כספונט	תל אביב-יפו	רמבם 1, שוק הכרמל			||||||	0	1	0	32.067915	34.769444
כספונט	תל אביב-יפו	שנקין 66			||||||	0	1	0	32.068209	34.777768
כספונט	תל אביב-יפו	אלנקווה 78			||||||	0	1	0	32.053050	34.804310
כספונט	תל אביב-יפו	אשטורי הפרחי 22			||||||	0	1	0	32.090550	34.780302
כספונט	תל אביב-יפו	דיזינגוף 330			||||||	0	1	0	32.096182	34.775946
כספונט	תל אביב-יפו	יוסף יקותיאלי 6 נמל ת"א			||||||	0	1	0	32.101081	34.775443
כספונט	תל אביב-יפו	ראש פינה 21			||||||	0	1	0	32.058673	34.782007
כספונט	תל אביב-יפו	האצ'ל 30			||||||	0	1	0	32.052087	34.791410
כספונט	תל אביב-יפו	אלנבי 56			||||||	0	1	0	32.070742	34.770039
כספונט	תל אביב-יפו	בני אפריים 206			||||||	0	1	0	32.111218	34.816136
כספונט	תל אביב-יפו	יגאל אלון 128			||||||	0	1	0	32.074706	34.795755
כספונט	תל אביב-יפו	הירקון 169			||||||	0	1	0	32.084982	34.768871
כספונט	תל אביב-יפו	דבורה הנביאה 122			||||||	0	1	0	32.113765	34.841518
כספונט	תל אביב-יפו	קרימינצקי 3			||||||	0	1	0	32.067213	34.794147
כספונט	תל אביב-יפו	בית אשל 2			||||||	0	1	0	32.054799	34.756338
כספונט	תל אביב-יפו	קויפמן 12			||||||	0	1	0	32.065946	34.765392
כספונט	תל אביב-יפו	יהודה מרגוזה 12			||||||	0	1	0	32.052174	34.755800
כספונט	תל אביב-יפו	שבטי ישראל 27			||||||	0	1	0	32.048443	34.757019
כספונט	תל אביב-יפו	סלמה 55			||||||	0	1	0	32.055087	34.767332
כספונט	תל אביב-יפו	בן צבי 5			||||||	0	1	0	32.051825	34.757948
כספונט	תל אביב-יפו	דבורה הנביאה			||||||	0	1	0	32.113152	34.842509
כספונט	תל אביב-יפו	שד' יהודית 16			||||||	0	1	0	32.070033	34.790180
כספונט	תל אביב-יפו	בן יהודה 30			||||||	0	1	0	32.075949	34.768124
כספונט	תל אביב-יפו	בן יהודה 195			||||||	0	1	0	32.092248	34.774602
כספונט	תל אביב-יפו	יפת 7			||||||	0	1	0	32.054507	34.756215
כספונט	תל אביב-יפו	אצ"ל 52			||||||	0	1	0	32.050048	34.792001
כספונט	נתניה	הרצל 41			||||||	0	1	0	32.327923	34.859293
כספונט	תל אביב-יפו	לוינסקי 108 קומה 6			||||||	0	1	0	32.055791	34.780086
כספונט	תל אביב-יפו	לינקולן 9			||||||	0	1	0	32.066960	34.781547
כספונט	בני ברק	כהנמן 64			||||||	0	1	0	32.083177	34.840645
כספונט	נתניה	שדרות בנימין 19			||||||	0	1	0	32.325979	34.857526
כספונט	כסייפה	שכונה 11			||||||	0	1	0	31.252437	35.068227
כספונט	תנובות	צומת תנובות			||||||	0	1	0	32.313341	34.964418
כספונט	באקה אל-גרביה	באקה אל גרביה			||||||	0	1	0	32.420530	35.035246
כספונט	קלנסווה	קלנסואה			||||||	0	1	0	32.284807	34.987131
כספונט	באקה אל-גרביה	כיכר העיר			||||||	0	1	0	32.401739	35.043487
כספונט	באקה אל-גרביה	אל נור יציאה מכביש 6			||||||	0	1	0	32.408260	35.039613
כספונט	באקה אל-גרביה	באקה אל גרביה			||||||	0	1	0	32.421339	35.046040
כספונט	באקה אל-גרביה	כניסה לבאקה מכביש 6			||||||	0	1	0	32.412241	35.034224
כספונט	באקה אל-גרביה	כביש ראשי			||||||	0	1	0	32.431200	35.035819
כספונט	ג'ת	באקה ג'ת			||||||	0	1	0	32.388795	35.043166
כספונט	בית ג'ן	בית ג'אן			||||||	0	1	0	32.963440	35.379109
כספונט	באקה אל-גרביה	באקה אל גרביה אמצע הכפר			||||||	0	1	0	32.418567	35.047695
כספונט	פתח תקווה	הנרייטה סולד 27			||||||	0	1	0	32.076634	34.895103
כספונט	פתח תקווה	פיקא 27			||||||	0	1	0	32.086322	34.878473
כספונט	ערערה בנגב	ערערה			||||||	0	1	0	31.163096	35.009673
כספונט	פתח תקווה	טבריה 48			||||||	0	1	0	32.071490	34.918581
כספונט	גבעת עדה	גבעת עדה			||||||	0	1	0	32.509357	34.958637
כספונט	באקה אל-גרביה	באקה אל גרביה			||||||	0	1	0	32.412917	35.033423
כספונט	פתח תקווה	עין גנים 65			||||||	0	1	0	32.084316	34.896958
כספונט	באקה אל-גרביה	רחוב ראשי			||||||	0	1	0	32.402702	35.049302
כספונט	אום אל פחם	כביש ראשי מול בנק הפועלים			||||||	0	1	0	32.527319	35.154060
כספונט	אום אל פחם	שכונת אל עיון			||||||	0	1	0	32.517726	35.141606
כספונט	אום אל פחם	אום אל פחם			||||||	0	1	0	32.518943	35.150007
כספונט	אום אל פחם	אום אל פאחם			||||||	0	1	0	32.514028	35.159668
כספונט	אום אל פחם	אום אל פחם			||||||	0	1	0	32.512291	35.161160
כספונט	אום אל פחם	אום אל פחם			||||||	0	1	0	32.511850	35.144381
כספונט	אום אל פחם	אום אל פאחם			||||||	0	1	0	32.512838	35.163829
כספונט	אום אל פחם	אום אל פאחם			||||||	0	1	0	32.526083	35.157556
כספונט	אום אל פחם	אום אל פחם			||||||	0	1	0	32.509089	35.152852
כספונט	אום אל פחם	אום אל פאחם כביש ראשי כיכר שלישית			||||||	0	1	0	32.529060	35.154082
כספונט	נתניה	חוף סירונית			||||||	0	1	0	32.329799	34.848543
כספונט	נתניה	חוף סירונית			||||||	0	1	0	32.327342	34.847767
כספונט	אשדוד	שדרות הפרחים 26			||||||	0	1	0	31.785616	34.651376
כספונט	כפר סבא	ויצמן 144			||||||	0	1	0	32.174558	34.912120
כספונט	בת ים	בלפור 99			||||||	0	1	0	32.073409	34.766189
כספונט	אשקלון	הגדוד העברי 10			||||||	0	1	0	31.665117	34.585905
כספונט	אשקלון	התחיה 1			||||||	0	1	0	31.658674	34.588848
כספונט	רהט	רהט			||||||	0	1	0	31.405064	34.753776
כספונט	תל אביב-יפו	חוף גורדון, מלון רנסנס			||||||	0	1	0	32.082824	34.767791
כספונט	טייבה	כביש 24			||||||	0	1	0	32.266174	35.001513
כספונט	תל שבע	כביש ראשי			||||||	0	1	0	31.247847	34.860455
כספונט	דימונה	בבאסלי 69			||||||	0	1	0	31.060505	35.032237
כספונט	ירושלים	דרך רמאללה 591			||||||	0	1	0	31.785456	35.231286
כספונט	גבעתיים	כצנלסון 150			||||||	0	1	0	32.075395	34.817667
כספונט	בת ים	יוספטל 21			||||||	0	1	0	32.015308	34.752293
כספונט	נחלים	כביש 40 בכניסה למושב נחלים			||||||	0	1	0	32.064364	34.903395
כספונט	בת ים	בן גוריון 133			||||||	0	1	0	32.013169	34.738934
כספונט	רמת גן	הרצל 72			||||||	0	1	0	32.086069	34.815131
כספונט	אשדוד	הרותם 12			||||||	0	1	0	31.789299	34.654269
כספונט	אור עקיבא	הרצל 1			||||||	0	1	0	32.510689	34.919184
כספונט	אילת	דרך מצרים 37			||||||	0	1	0	29.543866	34.949934
כספונט	בת ים	בלפור 144			||||||	0	1	0	32.012245	34.742007
כספונט	תל אביב-יפו	אילת 13			||||||	0	1	0	32.057195	34.761748
כספונט	בת ים	בלפור פינת עצמאות			||||||	0	1	0	32.022411	34.745112
כספונט	ערוגות	מושב ערוגות			||||||	0	1	0	31.734266	34.774208
כספונט	תל אביב-יפו	קרליבך 12			||||||	0	1	0	32.070003	34.783130
כספונט	יהוד	אלטלף 2			||||||	0	1	0	32.028653	34.899951
כספונט	נופים	כניסה ליישוב			||||||	0	1	0	32.154220	35.101883
כספונט	יקיר	יקיר			||||||	0	1	0	32.147064	35.116547
כספונט	הר גילה	האלה 2			||||||	0	1	0	31.724619	35.166363
כספונט	חשמונאים	יצהר 2			||||||	0	1	0	31.934155	35.026388
כספונט	חולון	דוב הוז 30			||||||	0	1	0	32.023451	34.766751
כספונט	יהוד	אלטלף 1			||||||	0	1	0	32.026166	34.898410
כספונט	לוד	המסגר 26			||||||	0	1	0	31.966475	34.892296
כספונט	בת ים	אלי כהן 19			||||||	0	1	0	32.014083	34.758885
כספונט	שילה	שילה			||||||	0	1	0	32.048089	35.300818
כספונט	תל אביב-יפו	אלנבי 1 בית האופרה			||||||	0	1	0	32.074157	34.765202
כספונט	גבעת זאב	קידרון 10			||||||	0	1	0	31.862694	35.175980
כספונט	בני ברק	השומר 56			||||||	0	1	0	32.081308	34.822935
כספונט	קיבוץ עלומים	קיבוץ עלומים גזברות			||||||	0	1	0	31.452841	34.513105
כספונט	דיר אל אסד	כביש ראשי			||||||	0	1	0	32.939744	35.259666
כספונט	ערד	ערד			||||||	0	1	0	31.254217	35.208108
כספונט	איתמר	מרכז הישוב			||||||	0	1	0	32.174199	35.307477
כספונט	חדרה	הרברט סמואל 1			||||||	0	1	0	32.438894	34.910827
כספונט	מעיליא	תחנת דלק מעיליה כביש נהריה מעלות			||||||	0	1	0	33.025341	35.234183
כספונט	ריחאנייה	מרום גליל בכניסה ישוב			||||||	0	1	0	33.048437	35.487890
כספונט	ירושלים	בית הדפוס 7			||||||	0	1	0	31.785727	35.189770
כספונט	מודיעין-מכבים-רעות	מתחם קייזר			||||||	0	1	0	31.907224	34.998104
כספונט	מודיעין-מכבים-רעות	עמק זבולון 24			||||||	0	1	0	31.907267	34.998065
כספונט	מודיעין-מכבים-רעות	עמק דותן 68			||||||	0	1	0	31.899777	35.013965
כספונט	מודיעין-מכבים-רעות	השדרה המרכזית 15			||||||	0	1	0	31.923458	34.966563
כספונט	מודיעין-מכבים-רעות	החסידה 21			||||||	0	1	0	31.895978	34.996446
כספונט	מודיעין-מכבים-רעות	אודם 23			||||||	0	1	0	31.904248	34.995164
כספונט	טייבה	שכונת פורדיסיה			||||||	0	1	0	32.276944	35.013161
כספונט	אילת	הים 7			||||||	0	1	0	29.549146	34.966710
כספונט	לקיה	שכונה 8			||||||	0	1	0	31.312648	34.859223
כספונט	חיפה	שבתאי לוי 25			||||||	0	1	0	32.814376	34.992785
כספונט	ירושלים	הדרך האמריקנית 102			||||||	0	1	0	31.741110	35.250092
כספונט	כפר סבא	ויצמן 175			||||||	0	1	0	32.173266	34.919543
כספונט	אילת	חטיבת הנגב			||||||	0	1	0	29.550568	34.956410
כספונט	תל אביב-יפו	דב ממזריץ 22			||||||	0	1	0	32.038587	34.752720
כספונט	עין בוקק	מרכז עין בוקק			||||||	0	1	0	31.203490	35.359308
כספונט	קיבוץ משמר העמק	קיבוץ משמר העמק בית מוסדות			||||||	0	1	0	32.609645	35.142580
כספונט	קיבוץ הזורע	קיבוץ הזורע כביש 66 מגידו-יקנעם			||||||	0	1	0	32.644476	35.119166
כספונט	נתניה	לנטוס 8			||||||	0	1	0	32.310912	34.869402
כספונט	פתח תקווה	ארלוזורוב 9			||||||	0	1	0	32.085207	34.877089
כספונט	מושב ארבל	מושב ארבל			||||||	0	1	0	32.812510	35.485482
כספונט	ירושלים	ציר התימנים 31			||||||	0	1	0	31.765644	35.287140
כספונט	ירושלים	אל מדינה 66			||||||	0	1	0	31.844045	35.229738
כספונט	מוקייבלה	מוקייבלה			||||||	0	1	0	32.514096	35.294969
כספונט	באר גנים	מרכז הישוב			||||||	0	1	0	31.700879	34.613885
כספונט	רחובות	דרך הים 12 delek			||||||	0	1	0	31.894151	34.794274
כספונט	אלעד	יוסף קארו 17			||||||	0	1	0	32.051584	34.959964
כספונט	כפר סבא	התעש 24			||||||	0	1	0	32.177176	34.927633
כספונט	קלנסווה	כביש ראשי			||||||	0	1	0	32.288444	34.984887
כספונט	כפר סבא	דוד לוי אשכול 35			||||||	0	1	0	32.183197	34.938688
כספונט	רמת גן	זבוטינסקי 5			||||||	0	1	0	32.083238	34.802694
כספונט	תל אביב-יפו	הכרמל 19			||||||	0	1	0	32.068413	34.768639
כספונט	אופקים	זבוטינסקי 66			||||||	0	1	0	31.317722	34.629042
כספונט	תל אביב-יפו	הרברט סמואל 58			||||||	0	1	0	32.073468	34.765223
כספונט	עמנואל	פנחס לוין 27			||||||	0	1	0	32.161823	35.139813
כספונט	עמנואל	הגאון מוולינה 1			||||||	0	1	0	32.160291	35.133078
כספונט	אור יהודה	צפריר 23			||||||	0	1	0	32.026029	34.867302
כספונט	טייבה	שכונה דרומית			||||||	0	1	0	32.255154	35.005986
כספונט	קיבוץ מעגן מיכאל	קיבוץ מעגן מיכאל			||||||	0	1	0	32.555815	34.914075
כספונט	מועאוויה	מועוויה			||||||	0	1	0	32.530409	35.104937
כספונט	רמלה	צופית 40 delek			||||||	0	1	0	31.932275	34.889740
כספונט	כפר יונה	כפר יונה			||||||	0	1	0	32.322043	34.922833
כספונט	קרית אונו	המעגל 58			||||||	0	1	0	32.047897	34.865978
כספונט	באר שבע	גולדה 6			||||||	0	1	0	31.257019	34.761757
כספונט	שפרעם	איזור תעשיה			||||||	0	1	0	32.798347	35.180850
כספונט	אור יהודה	העצמאות 77			||||||	0	1	0	32.029613	34.866130
כספונט	מתן	הדר 84			||||||	0	1	0	32.158966	34.973340
כספונט	ירושלים	זרחי סונדק			||||||	0	1	0	31.817001	35.189048
כספונט	ירושלים	נשאשיבי1 שייח גראח			||||||	0	1	0	31.794845	35.233643
כספונט	אילת	המסגר 3			||||||	0	1	0	29.567398	34.957922
כספונט	ערערה	ערערה			||||||	0	1	0	32.496807	35.099049
כספונט	בת ים	הקוממיות 26			||||||	0	1	0	32.004478	34.745508
כספונט	ירושלים	יוסף חכמי 30			||||||	0	1	0	31.762488	35.190914
כספונט	תל אביב-יפו	אצל 61			||||||	0	1	0	32.050629	34.791860
כספונט	תל אביב-יפו	סמטת הכרמל 14			||||||	0	1	0	32.068265	34.766629
כספונט	מודיעין	חיים ויצמן 18 שכונת מורשת			||||||	0	1	0	31.904148	34.988243
כספונט	אילת	טיילת מלון מגיק פאלאס			||||||	0	1	0	29.555180	34.960256
כספונט	אופקים	גולמוב 1			||||||	0	1	0	31.315864	34.619451
כספונט	אילת	סיני			||||||	0	1	0	29.559928	34.945473
כספונט	עמק חפר	חרב לאת			||||||	0	1	0	32.401052	34.915688
כספונט	אשקלון	שני אליהו 3			||||||	0	1	0	31.652011	34.553986
כספונט	ירושלים	בית צפפא			||||||	0	1	0	31.746514	35.200509
כספונט	ירושלים	אל זרייאר 75			||||||	0	1	0	31.750018	35.185969
כספונט	נוף הגליל	הגלבוע 6			||||||	0	1	0	32.709222	35.305461
כספונט	ירושלים	בית הדפוס			||||||	0	1	0	31.786328	35.186222
כספונט	אילת	מרכז בית הגשר			||||||	0	1	0	29.550461	34.959549
כספונט	תל אביב-יפו	מסילת ישרים 1			||||||	0	1	0	32.048930	34.775922
כספונט	רמת גן	ירושלים 49			||||||	0	1	0	32.074739	34.825077
כספונט	מטע אלון	מרכז מסחרי מטע אלון			||||||	0	1	0	31.717386	35.062281
כספונט	אילת	קיבוץ אילות			||||||	0	1	0	29.581160	34.962565
כספונט	בת ים	ישראל וישינגרד 12			||||||	0	1	0	32.009955	34.748385
כספונט	אשקלון	אקסודוס 37			||||||	0	1	0	31.679484	34.586247
כספונט	אילת	מלכת שבא 3			||||||	0	1	0	29.565541	34.942893
כספונט	כפר קאסם	כפר קאסם			||||||	0	1	0	32.117228	34.969397
כספונט	רהט	מתחם 4			||||||	0	1	0	31.380696	34.751109
כספונט	ירושלים	גבע בנימין 1			||||||	0	1	0	31.784698	35.210394
כספונט	ירושלים	יפו 218			||||||	0	1	0	31.789075	35.204424
כספונט	טייבה	טייבה			||||||	0	1	0	32.258815	35.015189
כספונט	מעלה אדומים	כיכר היהלום 4			||||||	0	1	0	31.773763	35.298335
כספונט	ירושלים	דפנה 118			||||||	0	1	0	31.766640	35.166501
כספונט	תל אביב-יפו	יהודה הלוי 96			||||||	0	1	0	32.070013	34.781282
כספונט	ראשון לציון	חלמונית 22			||||||	0	1	0	31.972430	34.783812
כספונט	ירושלים	הכותל			||||||	0	1	0	31.777404	35.233338
כספונט	ירושלים	הרצוג פינת שניאור dalek			||||||	0	1	0	31.767198	35.204774
כספונט	ירושלים	שלמה בן יוסף 307			||||||	0	1	0	31.744699	35.238626
כספונט	ירושלים	שמריוהו לוין 84			||||||	0	1	0	31.768699	35.168665
כספונט	אילת	דרך פעמי השלום 1			||||||	0	1	0	29.549373	34.953951
כספונט	אילת	חטיבת גולני			||||||	0	1	0	29.565461	34.955303
כספונט	חיפה	ארלוזורוב 32			||||||	0	1	0	32.805218	34.998687
כספונט	דור אלון רמת רחל	דור אלון רמת רחל			||||||	0	1	0	31.740778	35.213715
כספונט	ראשון לציון	חלוצים 13			||||||	0	1	0	31.984029	34.764249
כספונט	תל אביב-יפו	יצחק רבין 28			||||||	0	1	0	32.066104	34.803564
כספונט	אשקלון	היוצרים 44			||||||	0	1	0	31.680709	34.600190
כספונט	שדה עוזיהו	בכניסה למושב delek			||||||	0	1	0	31.760957	34.668636
כספונט	ירושלים	דרך יריחו 213			||||||	0	1	0	31.768855	35.251135
כספונט	כפר כעביה	רחוב 62			||||||	0	1	0	32.755904	35.191703
כספונט	רמלה	הרצל 68			||||||	0	1	0	31.933085	34.868303
כספונט	כסייפה	כסייפה			||||||	0	1	0	31.247537	35.088535
כספונט	רחובות	מדר 27			||||||	0	1	0	31.888203	34.819237
כספונט	קיבוץ להב	מרכז קיבוץ להב			||||||	0	1	0	31.379820	34.869561
כספונט	אשדוד	חטיבת גיבעתי 45			||||||	0	1	0	31.802782	34.662655
כספונט	ים המלח	מפעלי ים המלח			||||||	0	1	0	31.038844	35.369215
כספונט	אבו סנאן	אזור תעשיה			||||||	0	1	0	32.962389	35.163473
כספונט	כביש 6	כביש 6 כיוון דרום			||||||	0	1	0	31.882598	34.878695
כספונט	ואדי חמאם	ואדי אלחמאם			||||||	0	1	0	32.829888	35.489525
כספונט	חיפה	רום כהן 2			||||||	0	1	0	32.815833	34.959589
כספונט	טירת הכרמל	כלנית 2			||||||	0	1	0	32.759835	34.966796
כספונט	רמת גן	הרואה 26			||||||	0	1	0	32.083923	34.819497
כספונט	שדרות	אגוז 1			||||||	0	1	0	31.528883	34.607123
כספונט	רהט	רהט			||||||	0	1	0	31.378984	34.767274
כספונט	אורנית	מרכז מסחרי			||||||	0	1	0	32.129861	34.995270
כספונט	תנובות	א.ת תנובות			||||||	0	1	0	32.314005	34.963162
כספונט	תל מונד	הדקל 80			||||||	0	1	0	32.257326	34.920690
כספונט	תנובות	א.תעשיה			||||||	0	1	0	32.310916	34.963270
כספונט	עין נקובא	הדגלים 2			||||||	0	1	0	31.794996	35.120901
כספונט	גבעת ברנר	גבעת ברנר			||||||	0	1	0	31.861179	34.806005
כספונט	עין נקובא	כביש השלום 5 מול המסגד			||||||	0	1	0	31.794332	35.118706
כספונט	עין נקובא	התאנים 111			||||||	0	1	0	31.792611	35.120961
כספונט	תל מונד	הדקל 8			||||||	0	1	0	32.248131	34.914394
כספונט	כביש 6	כביש 6 כיוון דרום			||||||	0	1	0	32.381141	35.017183
כספונט	תל יצחק	בכניסה			||||||	0	1	0	32.255050	34.874760
כספונט	קרית גת	אדוריים 235			||||||	0	1	0	31.601903	34.756096
כספונט	שדי חמד	כביש 444			||||||	0	1	0	32.155620	34.947059
כספונט	גבעת ברנר	גבעת ברנר			||||||	0	1	0	31.865310	34.800508
כספונט	שילת	צומת שילת			||||||	0	1	0	31.913485	35.023320
כספונט	נווה ירק	כביש 40 בכניסה למושב			||||||	0	1	0	32.137438	34.916595
כספונט	אלקנה	אלקנה			||||||	0	1	0	32.112039	35.035497
כספונט	בית הלוי	מנהלה בית הלוי			||||||	0	1	0	32.353575	34.930192
כספונט	גאולים	מושב גאולים			||||||	0	1	0	32.295336	34.943853
כספונט	בוקעאתא	בוקעאתה			||||||	0	1	0	33.202376	35.777406
כספונט	עזריה	סימטה 2			||||||	0	1	0	31.896823	34.906418
כספונט	שדה ורבורג	שדה ורבורג			||||||	0	1	0	32.203497	34.910927
כספונט	מבוא ביתר	מבוא ביתר			||||||	0	1	0	31.793705	35.188112
כספונט	גן חיים	הזית 1			||||||	0	1	0	32.193760	34.908212
כספונט	רשפון	הפרחים 16			||||||	0	1	0	32.201654	34.824555
כספונט	כסרא-סמיע	כיסרא			||||||	0	1	0	32.962734	35.302458
כספונט	כסרא-סמיע	כיכר הסוס 2			||||||	0	1	0	32.964664	35.303864
כספונט	בית חשמונאי	הגפן 1			||||||	0	1	0	31.887372	34.921219
כספונט	זיתן	השלושה			||||||	0	1	0	31.975903	34.893630
כספונט	געש	קיבוץ געש			||||||	0	1	0	32.228166	34.824958
כספונט	משמר השבעה	צבי זעירא 4			||||||	0	1	0	32.009446	34.821771
כספונט	כרמי יוסף	מרכז גפן			||||||	0	1	0	31.846325	34.919206
כספונט	נווה ימין	הפיקוס 37			||||||	0	1	0	32.172594	34.940591
כספונט	בוקעאתא	בית העם			||||||	0	1	0	33.201150	35.778261
כספונט	כסרא-סמיע	כפר סמיע			||||||	0	1	0	32.984897	35.306548
כספונט	אלקנה	מרכז מסחרי חדש			||||||	0	1	0	32.110465	35.036040
כספונט	לפיד	פינת רחוב הגליל			||||||	0	1	0	31.917150	35.032525
כספונט	רמת רחל	קיבוץ רמת רחל			||||||	0	1	0	31.737530	35.218376
כספונט	קרית ענבים	בכניסה לקרית ענבים			||||||	0	1	0	31.810026	35.121057
כספונט	ניר אליהו	כביש 55 ניר אליהו			||||||	0	1	0	32.193856	34.952707
כספונט	קבוצת יבנה	כביש 41 בכניסה			||||||	0	1	0	31.819349	34.730071
כספונט	פתחיה	כביש 44 פתחיה			||||||	0	1	0	31.862169	34.893233
כספונט	טל שחר	כביש 3			||||||	0	1	0	31.809383	34.900094
כספונט	כפר ידידיה	כפר ידידיה			||||||	0	1	0	32.347516	34.899338
כספונט	אחיעזר	הדקל 137			||||||	0	1	0	31.981670	34.872182
כספונט	בצרה	הפרדס 6			||||||	0	1	0	32.213378	34.875997
כספונט	תל יצחק	דלק תל יצחק delek			||||||	0	1	0	32.254378	34.872677
כספונט	בני דרום	על כביש 42			||||||	0	1	0	31.817338	34.700637
כספונט	תל יצחק	תל יצחק			||||||	0	1	0	32.252571	34.871138
כספונט	עזריה	כביש ראשי עזרייה			||||||	0	1	0	31.769937	35.271490
כספונט	ישרש	מושב ישרש			||||||	0	1	0	31.915558	34.849297
כספונט	כפר טרומן	כביש 453 נתב'ג שוהם			||||||	0	1	0	31.983461	34.916751
כספונט	כסרא-סמיע	מרכז הכפר כיסרא			||||||	0	1	0	32.962793	35.303908
כספונט	כנות	צומת כנות			||||||	0	1	0	31.800308	34.760580
כספונט	כפר ברא	סלאח א דין 33			||||||	0	1	0	32.131371	34.969169
כספונט	אורה	סולד 1			||||||	0	1	0	31.754882	35.160590
כספונט	עזריה	עזריה			||||||	0	1	0	31.767682	35.289560
כספונט	כסרא-סמיע	כניסה לכיסרא			||||||	0	1	0	32.963681	35.297053
כספונט	רמות השבים	רמות השבים			||||||	0	1	0	32.167422	34.886969
כספונט	כפר ברא	אלסלאם			||||||	0	1	0	32.131171	34.974299
כספונט	עזריה	כביש ראשי			||||||	0	1	0	31.890406	34.912045
כספונט	כפר קאסם	אל סולטני 45			||||||	0	1	0	32.116875	34.977533
כספונט	צור משה	פלורנטין			||||||	0	1	0	32.297550	34.913641
כספונט	נילי	פיצה נילי			||||||	0	1	0	31.963971	35.047156
כספונט	רחובות	מבצע ליטני 8			||||||	0	1	0	31.883396	34.823108
כספונט	כביש 6	כביש 6 כיוון צפון			||||||	0	1	0	31.881903	34.879653
כספונט	מעלה אדומים	האבן 15			||||||	0	1	0	31.779572	35.313811
כספונט	תל אביב-יפו	ריבל 10			||||||	0	1	0	32.062726	34.782100
כספונט	בת ים	העצמאות 64			||||||	0	1	0	32.028063	34.748903
כספונט	ואדי סלאמה	ואדי סלאמה			||||||	0	1	0	32.503433	35.064615
כספונט	תל אביב-יפו	בן יהודה 77			||||||	0	1	0	32.081396	34.770396
כספונט	פרדס חנה-כרכור	המייסדים 17			||||||	0	1	0	32.469905	34.989855
כספונט	תל אביב-יפו	שלום אש 7			||||||	0	1	0	32.106740	34.820801
כספונט	תל אביב-יפו	קויפמן 6 בית גיבור			||||||	0	1	0	32.063781	34.762186
כספונט	תל אביב-יפו	הירקון 22			||||||	0	1	0	32.070663	34.765015
כספונט	תל אביב-יפו	בוגרשוב 11			||||||	0	1	0	32.077355	34.768596
כספונט	תל אביב-יפו	בן יהודה 181			||||||	0	1	0	32.090508	34.774213
כספונט	תל אביב-יפו	פרישמן 13			||||||	0	1	0	32.079912	34.769254
כספונט	תל אביב-יפו	הירקון 145			||||||	0	1	0	32.083831	34.768979
כספונט	תל אביב-יפו	הכרמל 11			||||||	0	1	0	32.068200	34.768317
כספונט	תל אביב-יפו	ארלוזורוב 147			||||||	0	1	0	32.083125	34.792364
כספונט	תל אביב-יפו	אורי לסר 12			||||||	0	1	0	32.081506	34.785208
כספונט	תל אביב-יפו	דרך השלום 22			||||||	0	1	0	32.070958	34.799063
כספונט	תל אביב-יפו	נווה שאנן 1			||||||	0	1	0	32.059547	34.778584
כספונט	תל אביב-יפו	בן יהודה 194			||||||	0	1	0	32.089393	34.773943
כספונט	תל אביב-יפו	תחנה מרכזית חדשה קומה 6			||||||	0	1	0	32.056025	34.779468
כספונט	תל אביב-יפו	בן ציון 31			||||||	0	1	0	32.072626	34.778243
כספונט	תל אביב-יפו	כיכר אתרים			||||||	0	1	0	32.084795	34.768813
כספונט	תל אביב-יפו	דיזינגוף 278			||||||	0	1	0	32.092075	34.776371
כספונט	תל אביב-יפו	אבן גבירול 30 לונדון מיניסטור			||||||	0	1	0	32.075103	34.782607
כספונט	תל אביב-יפו	בוגרשוב 70			||||||	0	1	0	32.075317	34.772800
כספונט	תל אביב-יפו	יקותיאלי 3			||||||	0	1	0	32.101401	34.775855
כספונט	תל אביב-יפו	חנינא 1			||||||	0	1	0	32.053656	34.755976
כספונט	תל אביב-יפו	הרצל 37			||||||	0	1	0	32.059567	34.770689
כספונט	תל אביב-יפו	מסילת ישרים 84			||||||	0	1	0	32.051879	34.777015
כספונט	תל אביב-יפו	אבן גבירול 14			||||||	0	1	0	32.072987	34.782024
כספונט	תל אביב-יפו	בן יהודה 145			||||||	0	1	0	32.087498	34.773252
כספונט	תל אביב-יפו	שנקין 24			||||||	0	1	0	32.069505	34.772687
כספונט	תל אביב-יפו	דיזינגוף 191			||||||	0	1	0	32.086792	34.774780
כספונט	תל אביב-יפו	ריבל 5			||||||	0	1	0	32.063081	34.781380
כספונט	תל אביב-יפו	חשמונאים 105			||||||	0	1	0	32.069631	34.784808
כספונט	תל אביב-יפו	אלנבי 115			||||||	0	1	0	32.062576	34.773142
כספונט	תל אביב-יפו	אבן גבירול 91			||||||	0	1	0	32.084868	34.781537
כספונט	תל אביב-יפו	אהרון בקר 8			||||||	0	1	0	32.122837	34.816931
כספונט	תל אביב-יפו	אחד העם 9 כלבו שלום			||||||	0	1	0	32.064427	34.769511
כספונט	תל אביב-יפו	יצחק שדה 35			||||||	0	1	0	32.064900	34.788056
כספונט	תל אביב-יפו	בן יהודה 7			||||||	0	1	0	32.073998	34.768188
כספונט	תל אביב-יפו	קינג גורג 99			||||||	0	1	0	32.077430	34.777495
כספונט	תל אביב-יפו	קינג גורג 24			||||||	0	1	0	32.071937	34.773444
כספונט	תל אביב-יפו	אצל 55			||||||	0	1	0	32.050945	34.791721
כספונט	תל אביב-יפו	מרמורק 16			||||||	0	1	0	32.071461	34.780579
כספונט	תל אביב-יפו	קהילת לבוב 24			||||||	0	1	0	32.110507	34.821803
כספונט	תל אביב-יפו	אבן גבירול 193			||||||	0	1	0	32.094587	34.783504
כספונט	תל אביב-יפו	יסוד המעלה 25			||||||	0	1	0	32.058993	34.780505
כספונט	תל אביב-יפו	יהודה הלוי 114			||||||	0	1	0	32.070902	34.781999
כספונט	תל אביב-יפו	עמיעד 13 שוק הפשפשים			||||||	0	1	0	32.053300	34.756384
כספונט	תל אביב-יפו	רציף העלייה השנייה 1			||||||	0	1	0	32.055260	34.751850
כספונט	תל אביב-יפו	בן צבי 32			||||||	0	1	0	32.048472	34.763917
כספונט	תל אביב-יפו	קיבוץ גלויות 77			||||||	0	1	0	32.049590	34.773655
כספונט	תל אביב-יפו	קרייתי 36			||||||	0	1	0	32.050144	34.798892
כספונט	תל אביב-יפו	דיזינגוף 158			||||||	0	1	0	32.083527	34.774154
כספונט	תל אביב-יפו	ראש פינה 6			||||||	0	1	0	32.057975	34.780457
כספונט	תל אביב-יפו	קויפמן 6 מול מסעדת אלמז			||||||	0	1	0	32.063607	34.762837
כספונט	תל אביב-יפו	הכרמל 12			||||||	0	1	0	32.066322	34.766165
כספונט	תל אביב-יפו	דרך יפו 7			||||||	0	1	0	32.060264	34.769492
כספונט	תל אביב-יפו	אלנבי 69			||||||	0	1	0	32.067876	34.771140
כספונט	תל אביב-יפו	הארבעה 10			||||||	0	1	0	32.070433	34.783926
כספונט	תל אביב-יפו	שערי ניקנור 25			||||||	0	1	0	32.049009	34.750111
כספונט	תל אביב-יפו	נווה שאנן 25			||||||	0	1	0	32.058436	34.779978
כספונט	תל אביב-יפו	שנקין 25			||||||	0	1	0	32.069085	34.773956
כספונט	תל אביב-יפו	עזה 6			||||||	0	1	0	32.049087	34.759684
כספונט	תל אביב-יפו	הרצל 126			||||||	0	1	0	32.053705	34.770904
כספונט	תל אביב-יפו	אבן גבירול 162			||||||	0	1	0	32.090482	34.782782
כספונט	תל אביב-יפו	ערבי נחל 26			||||||	0	1	0	32.078073	34.801283
כספונט	תל אביב-יפו	שדרות ירושלים 42			||||||	0	1	0	32.051594	34.758125
כספונט	תל אביב-יפו	אלנבי 94			||||||	0	1	0	32.066303	34.771697
כספונט	תל אביב-יפו	יפת 94			||||||	0	1	0	32.045521	34.752412
כספונט	תל אביב-יפו	שינקין 55			||||||	0	1	0	32.068495	34.776907
כספונט	תל אביב-יפו	שד' ירושלים 68			||||||	0	1	0	32.048050	34.758595
כספונט	תל אביב-יפו	עבודת ישראל 4 יפו			||||||	0	1	0	32.042477	34.752214
כספונט	תל אביב-יפו	שנקין 64			||||||	0	1	0	32.068258	34.777649
כספונט	תל אביב-יפו	יפת 260			||||||	0	1	0	32.033117	34.744318
כספונט	תל אביב-יפו	סלמה 157 פינת התחנה מרכזית			||||||	0	1	0	32.054225	34.780223
כספונט	תל אביב-יפו	יהודה הימית 13			||||||	0	1	0	32.049675	34.758329
כספונט	תל אביב-יפו	הירקון 79			||||||	0	1	0	32.077089	34.767291
כספונט	תל אביב-יפו	מבוא גרופית 2 צהלה			||||||	0	1	0	32.120416	34.828247
כספונט	תל אביב-יפו	ידידיה פרנקל 15			||||||	0	1	0	32.057193	34.768330
כספונט	תל אביב-יפו	י.ל פרץ 29			||||||	0	1	0	32.059107	34.776048
כספונט	תל אביב-יפו	דיזינגוף 172			||||||	0	1	0	32.084892	34.774546
כספונט	מושב אביטל	מושב אביטל			||||||	0	1	0	32.557921	35.305917
כספונט	תל אביב-יפו	הרצל 121			||||||	0	1	0	32.052034	34.770292
כספונט	תל אביב-יפו	יצחק שדה 21			||||||	0	1	0	32.065421	34.787169
כספונט	תל אביב-יפו	בוגרשוב 49			||||||	0	1	0	32.076023	34.771621
כספונט	תל אביב-יפו	מלן 44			||||||	0	1	0	32.068888	34.768553
כספונט	תל אביב-יפו	חשמונאים 105			||||||	0	1	0	32.069649	34.784797
כספונט	תל אביב-יפו	שדרות ירושלים 69 יפו			||||||	0	1	0	32.048611	34.758694
כספונט	תל אביב-יפו	בן יהודה 62			||||||	0	1	0	32.079117	34.769213
כספונט	תל אביב-יפו	נחלת יצחק 30			||||||	0	1	0	32.074172	34.799665
כספונט	תל אביב-יפו	בראלי 18			||||||	0	1	0	32.104134	34.791558
כספונט	תל אביב-יפו	שוק הכרמל רבן גמליאל 1			||||||	0	1	0	32.069176	34.769561
כספונט	תל אביב-יפו	הגדוד העברי 58			||||||	0	1	0	32.057687	34.779676
כספונט	תל אביב-יפו	יד חרוצים 14			||||||	0	1	0	32.061756	34.783658
כספונט	תל אביב-יפו	חיים ברלב 151			||||||	0	1	0	32.046450	34.804558
כספונט	תל אביב-יפו	המסגר 60			||||||	0	1	0	32.067175	34.787440
כספונט	תל אביב-יפו	התקווה 56			||||||	0	1	0	32.051119	34.789987
כספונט	תל אביב-יפו	שבטי ישראל 34			||||||	0	1	0	32.047794	34.756034
כספונט	תל אביב-יפו	ארלוזורוב 64			||||||	0	1	0	32.086515	34.779425
כספונט	תל אביב-יפו	לוינסקי 117			||||||	0	1	0	32.056315	34.781193
כספונט	תל אביב-יפו	בן יהודה 130			||||||	0	1	0	32.084960	34.772422
כספונט	תל אביב-יפו	דרך יפו 43			||||||	0	1	0	32.060690	34.773113
כספונט	תל אביב-יפו	ההשכלה 1			||||||	0	1	0	32.064738	34.795842
כספונט	תל אביב-יפו	לוינסקי 86			||||||	0	1	0	32.057887	34.776805
כספונט	תל אביב-יפו	הירקון 323			||||||	0	1	0	32.096944	34.774655
כספונט	תל אביב-יפו	הברזל 13			||||||	0	1	0	32.107666	34.837246
כספונט	תל אביב-יפו	ארלוזורוב 53			||||||	0	1	0	32.086043	34.778869
כספונט	תל אביב-יפו	בן יהודה 22			||||||	0	1	0	32.075377	34.768160
כספונט	תל אביב-יפו	הרברט סמואל 88			||||||	0	1	0	32.077121	34.766582
כספונט	תל אביב-יפו	צלנוב 43			||||||	0	1	0	32.056053	34.774364
כספונט	תל אביב-יפו	דיזינגוף 182			||||||	0	1	0	32.085321	34.774549
כספונט	תל אביב-יפו	מקווה ישראל 4			||||||	0	1	0	32.062597	34.775916
כספונט	תל אביב-יפו	הבושם 62			||||||	0	1	0	32.044528	34.802088
כספונט	תל אביב-יפו	שוקן 27			||||||	0	1	0	32.051024	34.771920
כספונט	תל אביב-יפו	יהודה הלוי 59			||||||	0	1	0	32.062686	34.775115
כספונט	תל אביב-יפו	הירקון 29			||||||	0	1	0	32.071331	34.765143
כספונט	אשדוד	עצמאות 87			||||||	0	1	0	31.787967	34.643894
כספונט	טבריה	הבנים 1			||||||	0	1	0	32.786733	35.540869
כספונט	אשדוד	מפקורה 2			||||||	0	1	0	31.800537	34.634057
כספונט	אשדוד	אברהם שפירא 36			||||||	0	1	0	31.791667	34.658510
כספונט	פרדס חנה-כרכור	הבנים 1			||||||	0	1	0	32.474790	34.971622
כספונט	בני ברק	טרומפלדור 20			||||||	0	1	0	32.095390	34.838442
כספונט	תל אביב-יפו	הקישון 49			||||||	0	1	0	32.057226	34.770081
כספונט	להבות הבשן	להבות הבשן			||||||	0	1	0	33.141232	35.648196
כספונט	ראשון לציון	סחרוב 17			||||||	0	1	0	31.991230	34.771520
כספונט	תל אביב-יפו	עולי ציון 28			||||||	0	1	0	32.052177	34.757629
כספונט	נתניה	ירושלים 18			||||||	0	1	0	32.324635	34.853211
כספונט	צומת גולני	צומת גולני			||||||	0	1	0	32.773079	35.394154
כספונט	ירושלים	סופר עמוד 30			||||||	0	1	0	31.768555	35.242264
כספונט	ירושלים	הנוצרים 78			||||||	0	1	0	31.819938	35.239782
כספונט	קרית אונו	הדובדבן 6			||||||	0	1	0	32.068893	34.864506
כספונט	תל אביב-יפו	הצנחנים 9			||||||	0	1	0	32.117300	34.840232
כספונט	קרית אונו	עזר ומרזוק 1			||||||	0	1	0	32.063915	34.857363
כספונט	תל אביב-יפו	סלמה 164			||||||	0	1	0	32.053765	34.780769
כספונט	תל אביב-יפו	דרך ההגנה 49			||||||	0	1	0	32.054368	34.788517
כספונט	קרית אונו	ירמיהו 25			||||||	0	1	0	32.056325	34.865945
כספונט	תל אביב-יפו	העליה 21			||||||	0	1	0	32.059042	34.773565
כספונט	קרית אונו	רפאל איתן 1			||||||	0	1	0	32.067146	34.861938
כספונט	תל אביב-יפו	יסוד המעלה 35			||||||	0	1	0	32.058691	34.780775
כספונט	קרית עקרון	הרצל 31			||||||	0	1	0	31.859709	34.822944
כספונט	תל אביב-יפו	מטלון 70			||||||	0	1	0	32.057933	34.775308
כספונט	תל אביב-יפו	לח"י 38			||||||	0	1	0	32.046975	34.791824
כספונט	תל אביב-יפו	הפיקוס 15			||||||	0	1	0	32.036011	34.751429
כספונט	קרית עקרון	כביש 411 צ.בילו			||||||	0	1	0	31.859190	34.814867
כספונט	קרית עקרון	הרצל 82			||||||	0	1	0	31.864944	34.820450
כספונט	תל אביב-יפו	מסילת ישרים 45			||||||	0	1	0	32.051135	34.776623
כספונט	תל אביב-יפו	העליה 30			||||||	0	1	0	32.058389	34.773383
כספונט	תל אביב-יפו	דרך בן צבי 84			||||||	0	1	0	32.042116	34.771827
כספונט	קרית אונו	ההגנה 1			||||||	0	1	0	32.065546	34.847340
כספונט	תל אביב-יפו	רוסלאן פינת יפת יפו			||||||	0	1	0	32.054844	34.756055
כספונט	תל אביב-יפו	נחלה נחלת בנימין			||||||	0	1	0	32.064369	34.771223
כספונט	תל אביב-יפו	בני ברק 13			||||||	0	1	0	32.059206	34.779847
כספונט	תל אביב-יפו	פרישמן 57			||||||	0	1	0	32.079703	34.776328
כספונט	תל אביב-יפו	יד לבנים 2			||||||	0	1	0	32.060964	34.792314
כספונט	תל אביב-יפו	חבקוק הנביא 1			||||||	0	1	0	32.093826	34.772473
כספונט	ירושלים	נבעה 9 עין ראפה			||||||	0	1	0	31.793141	35.116815
כספונט	ראשון לציון	מרדכי פופל 9			||||||	0	1	0	31.970164	34.815795
כספונט	פרדסיה	שדרות הנשיא 1			||||||	0	1	0	32.304346	34.902347
כספונט	טירה	כביש 444 צומת כוכב יאיר			||||||	0	1	0	32.223065	34.980541
כספונט	גן יבנה	הרצל 39			||||||	0	1	0	31.782162	34.705880
כספונט	תל אביב-יפו	הרוגי מלכות 9			||||||	0	1	0	32.109917	34.833602
כספונט	תל אביב-יפו	קהילת סלוניקי 11			||||||	0	1	0	32.113512	34.824578
כספונט	תל אביב-יפו	ברודצקי 15 רמת אביב			||||||	0	1	0	32.106749	34.797397
כספונט	רעננה	דרך ירושלים 34 delek			||||||	0	1	0	32.184977	34.852973
כספונט	תל אביב-יפו	מחל 79			||||||	0	1	0	32.049584	34.812010
כספונט	יבנה	הדרור 25			||||||	0	1	0	31.874908	34.743931
כספונט	תל אביב-יפו	העליה 36			||||||	0	1	0	32.058093	34.773302
כספונט	תל אביב-יפו	מסילת ישרים 53			||||||	0	1	0	32.051823	34.776944
כספונט	נס ציונה	ישפרו נס ציונה			||||||	0	1	0	31.922517	34.791002
כספונט	רמת השרון	הרב קוק 41			||||||	0	1	0	32.134381	34.850054
כספונט	בת ים	זבוטינסקי 2			||||||	0	1	0	32.061871	34.772096
כספונט	דימונה	אלון 1			||||||	0	1	0	31.066715	35.038708
כספונט	בת ים	זמנהוף 12			||||||	0	1	0	32.019892	34.749673
כספונט	תל אביב-יפו	דיזנגוף 124			||||||	0	1	0	32.081169	34.773808
כספונט	עין יהב	תחנת דלק עין יהב			||||||	0	1	0	30.620716	35.194658
כספונט	ראשון לציון	רוטשילד 107			||||||	0	1	0	31.964422	34.793814
כספונט	קלנסווה	ליד הדואר קלאנסווה			||||||	0	1	0	32.288165	34.975061
כספונט	עין תמר	עין תמר			||||||	0	1	0	30.942952	35.367161
כספונט	טייבה	טייבה			||||||	0	1	0	32.274796	35.013446
כספונט	טמרה	תחנת דלק תמרה			||||||	0	1	0	32.865448	35.174881
כספונט	גבעתיים	כצנלסון 34			||||||	0	1	0	32.075147	34.805584
כספונט	תל אביב-יפו	הירקון 52			||||||	0	1	0	32.073518	34.766221
כספונט	חולון	אהרונוביץ 94			||||||	0	1	0	32.002560	34.767702
כספונט	חולון	לוי אשכול 30			||||||	0	1	0	32.032809	34.774778
כספונט	פרדס חנה-כרכור	נירים 5 פרדס חנה -כרכור			||||||	0	1	0	32.466793	34.988989
כספונט	פרדס חנה-כרכור	שובל 1			||||||	0	1	0	32.470747	34.953781
כספונט	באקה אל-גרביה	ליד מכללת אל קאסמי			||||||	0	1	0	32.424523	35.032921
כספונט	לקיה	שכונה 12 בית 8			||||||	0	1	0	31.322450	34.875791
כספונט	באקה אל-גרביה	צמוד לשווארמה 9			||||||	0	1	0	32.419544	35.035618
כספונט	בית ג'ן	בית ג'אן			||||||	0	1	0	32.965274	35.377577
כספונט	באקה אל-גרביה	במרכז			||||||	0	1	0	32.412729	35.048703
כספונט	פרדס חנה-כרכור	דרך פיק'א כביש 650			||||||	0	1	0	32.459412	34.965026
כספונט	לקיה	שכונה 8 בית 364			||||||	0	1	0	31.316388	34.862323
כספונט	כפר חב"ד	מרכז מסחרי			||||||	0	1	0	31.992321	34.849478
כספונט	בית ג'ן	כניסה לבית ג'אן			||||||	0	1	0	32.964966	35.382245
כספונט	לקיה	שכונה 8 ביית 118			||||||	0	1	0	31.314567	34.859932
כספונט	באקה אל-גרביה	כביש ראשי			||||||	0	1	0	32.423760	35.037350
כספונט	פתח תקווה	לוחמי הגטו 33			||||||	0	1	0	32.078918	34.875978
כספונט	באקה אל-גרביה	באקה אל גרביה			||||||	0	1	0	32.421756	35.033949
כספונט	רחובות	יעקב 5			||||||	0	1	0	31.896113	34.811993
כספונט	פתח תקווה	מונטיפיורי 1			||||||	0	1	0	32.089315	34.881388
כספונט	הוד השרון	הגאולה 26			||||||	0	1	0	32.159232	34.891487
כספונט	לוד	הרצוג 19			||||||	0	1	0	31.956413	34.897663
כספונט	אום אל פחם	אום אל פחם			||||||	0	1	0	32.511988	35.146462
כספונט	אום אל פחם	אום אל פחם			||||||	0	1	0	32.530916	35.146360
כספונט	אום אל פחם	אלונית אום אל פחם			||||||	0	1	0	32.511190	35.149686
כספונט	אום אל פחם	אום אל פחם			||||||	0	1	0	32.511260	35.149916
כספונט	אום אל פחם	עין אלתינה			||||||	0	1	0	32.508236	35.160254
כספונט	אום אל פחם	כביש ראשי			||||||	0	1	0	32.529364	35.154103
כספונט	אום אל פחם	כביש ראשי			||||||	0	1	0	32.521245	35.155464
כספונט	נס ציונה	בן גוריון 48			||||||	0	1	0	31.924290	34.808845
כספונט	אשדוד	רוגוזין 27			||||||	0	1	0	31.803727	34.642307
כספונט	תל אביב-יפו	דיזנגוף 91			||||||	0	1	0	32.078725	34.773934
כספונט	חורה	חורה			||||||	0	1	0	31.297463	34.936420
כספונט	אור יהודה	אליהו סעדון 134			||||||	0	1	0	32.025806	34.860495
כספונט	חדרה	מנאי 32			||||||	0	1	0	32.453529	34.908453
כספונט	ירושלים	ציר התימנים 12			||||||	0	1	0	31.768040	35.237006
כספונט	תל אביב-יפו	לוינסקי 101			||||||	0	1	0	32.057037	34.779025
כספונט	ירושלים	ואדי יצול 5			||||||	0	1	0	31.760147	35.235550
כספונט	מוסמוס	מוסמוס			||||||	0	1	0	32.543140	35.159647
כספונט	אשקלון	אורט 52			||||||	0	1	0	31.673469	34.569752
כספונט	באר שבע	נחל פרת 10			||||||	0	1	0	31.228534	34.822452
כספונט	מזכרת בתיה	מנחם בגין 16			||||||	0	1	0	31.850025	34.845451
כספונט	תל אביב-יפו	לבנדה 13			||||||	0	1	0	32.054945	34.782074
כספונט	תל אביב-יפו	וינשל 6			||||||	0	1	0	32.118123	34.824513
כספונט	הוד השרון	בנים 9			||||||	0	1	0	32.155905	34.892623
כספונט	ירושלים	כביש ראשי			||||||	0	1	0	31.764412	35.192890
כספונט	האון	צומת האון			||||||	0	1	0	32.721573	35.620834
כספונט	טייבה	טייבה			||||||	0	1	0	32.253816	35.005742
כספונט	בני ברק	פוברסקי 5			||||||	0	1	0	32.084887	34.841542
כספונט	ירושלים	דחיית הסלאם 12			||||||	0	1	0	31.732702	35.204202
כספונט	כאבול	שכונה מזרחית			||||||	0	1	0	32.873619	35.206096
כספונט	מודיעין מכבים רעות	שד' רבין 46			||||||	0	1	0	31.892720	35.003583
כספונט	בית שמש	קניון השמש האמוראים 2			||||||	0	1	0	31.704629	34.974847
כספונט	ירושלים	יד חרוצים 14			||||||	0	1	0	31.752707	35.216411
כספונט	ירושלים	גדה 24			||||||	0	1	0	31.777288	35.220832
כספונט	רהט	רהט			||||||	0	1	0	31.380874	34.764787
כספונט	ערערה בנגב	בית 227 שכונה 2			||||||	0	1	0	31.165983	35.028472
כספונט	ירושלים	אלמדארס 72			||||||	0	1	0	31.768576	35.238605
כספונט	תל אביב-יפו	דרך בגין 27			||||||	0	1	0	32.063690	34.781075
כספונט	חדרה	דוד שמעוני 42			||||||	0	1	0	32.438235	34.910291
כספונט	שדרות	בן יהודה 13			||||||	0	1	0	31.521345	34.595560
כספונט	ירושלים	אל משהד 96			||||||	0	1	0	31.732031	35.225526
כספונט	אבו קרינאת	כביש ראשי אבו קרינאת			||||||	0	1	0	31.134979	34.960027
כספונט	גבעתיים	אריאל שרון 10			||||||	0	1	0	32.080874	34.800526
כספונט	נתניה	שמואל הנציב 12			||||||	0	1	0	32.329695	34.856552
כספונט	אשקלון	בעל שם טוב 1			||||||	0	1	0	31.661430	34.563521
כספונט	פתח תקווה	לייב כץ 47			||||||	0	1	0	32.074469	34.886943
כספונט	אילת	האומן 7 אזור תעשייה אילת			||||||	0	1	0	29.565375	34.957661
כספונט	ירושלים	ורבורג 9			||||||	0	1	0	31.765367	35.176258
כספונט	ירושלים	הנשיא השישי			||||||	0	1	0	31.785072	35.204365
כספונט	באקה אל-גרביה	באקה אל גרביה			||||||	0	1	0	32.412070	35.039399
כספונט	שילה	מרכז הישוב			||||||	0	1	0	32.052432	35.298093
כספונט	תל אביב-יפו	הלוחמים 64			||||||	0	1	0	32.035498	34.768179
כספונט	אשדוד	רבי עקיבא 4			||||||	0	1	0	31.798424	34.659625
כספונט	רהט	מתחם 4רהט			||||||	0	1	0	31.377430	34.752237
כספונט	ירושלים	ירושלים			||||||	0	1	0	31.724063	35.162711
כספונט	גדרה	פינס 6			||||||	0	1	0	31.816306	34.777446
כספונט	כביש יד מרדכי - שדרות	דלק מנטה ניר עם delek			||||||	0	1	0	31.525880	34.581464
כספונט	מבשרת ציון	המגרסה 1			||||||	0	1	0	31.791249	35.139237
כספונט	בת ים	עצמאות 54			||||||	0	1	0	32.025951	34.748360
כספונט	בת ים	שד בן גוריון 107			||||||	0	1	0	32.015862	34.738828
כספונט	ירושלים	סילוואן			||||||	0	1	0	31.763452	35.238844
כספונט	טייבה	כניסה צפונית			||||||	0	1	0	32.271229	35.015631
כספונט	בית דגן	רמב'ן 69			||||||	0	1	0	32.000042	34.829906
כספונט	אזור	המצודה 5			||||||	0	1	0	32.029680	34.797457
כספונט	נווה אילן	כניסה לנווה אילן			||||||	0	1	0	31.804580	35.092452
כספונט	תל אביב-יפו	יפת 12			||||||	0	1	0	32.054197	34.755604
כספונט	רמלה	אבא אחי מאיר מרכז מסחרי			||||||	0	1	0	31.937831	34.874905
כספונט	רחובות	הגורן 1			||||||	0	1	0	31.893376	34.805146
כספונט	ירושלים	עבד אל עזיז 27			||||||	0	1	0	31.737464	35.227127
כספונט	תל אביב-יפו	גורדון 22			||||||	0	1	0	32.082430	34.770914
כספונט	אשדוד	המדע 21			||||||	0	1	0	31.833027	34.677734
כספונט	אשקלון	אפרים צור 25			||||||	0	1	0	31.655343	34.566030
כספונט	ירושלים	אבו רביע 20			||||||	0	1	0	31.935774	34.789016
כספונט	מבקיעים	מבקיעים			||||||	0	1	0	31.627564	34.582899
כספונט	אשקלון	עמק חפר 51			||||||	0	1	0	31.648337	34.567143
כספונט	פתח תקווה	גני תקווה 9			||||||	0	1	0	32.065474	34.877971
כספונט	בת ים	אלי כהן 24			||||||	0	1	0	32.013652	34.759518
כספונט	רעננה	מוצקין 34			||||||	0	1	0	32.186396	34.869594
כספונט	לוד	סוקולוב 5			||||||	0	1	0	31.956858	34.895964
כספונט	תל אביב-יפו	המסגר 6			||||||	0	1	0	32.089531	34.886592
כספונט	אשדוד	כנרת 5			||||||	0	1	0	31.785654	34.631158
כספונט	נחף	נחף			||||||	0	1	0	32.962910	35.514251
כספונט	מודיעין-מכבים-רעות	מרכז דונה			||||||	0	1	0	31.911850	35.005516
כספונט	מודיעין-מכבים-רעות	נחל זוהר 20			||||||	0	1	0	31.892276	35.008854
כספונט	מודיעין-מכבים-רעות	הריטבא 12			||||||	0	1	0	31.927361	35.047464
כספונט	מודיעין-מכבים-רעות	עמק האלה 80			||||||	0	1	0	31.914164	35.006282
כספונט	מודיעין-מכבים-רעות	שדרות המלכות 13			||||||	0	1	0	31.890478	34.964306
כספונט	מודיעין-מכבים-רעות	צאלון 1			||||||	0	1	0	31.908422	35.013961
כספונט	מודיעין-מכבים-רעות	עמק הדותן 23			||||||	0	1	0	31.897271	34.799487
כספונט	אילת	הים 7			||||||	0	1	0	29.549230	34.966721
כספונט	תל אביב-יפו	סלמה 100			||||||	0	1	0	32.054877	34.774858
כספונט	רחובות	דרך הים 31			||||||	0	1	0	31.934012	35.049312
כספונט	ג'וליס	כניסה ראשית לכפר			||||||	0	1	0	32.943318	35.185491
כספונט	רמת גן	עוזיאל 96			||||||	0	1	0	32.070075	34.822372
כספונט	תל אביב-יפו	מרמורק, פינת אבן גבירול			||||||	0	1	0	32.071225	34.781743
כספונט	עטרות	מתחם עטרות			||||||	0	1	0	31.858761	35.215780
כספונט	מועאוויה	ליד המסגד			||||||	0	1	0	32.530646	35.100984
כספונט	בת ים	בלפור 43			||||||	0	1	0	32.026570	34.745242
כספונט	תל אביב-יפו	שוקן 22			||||||	0	1	0	32.052606	34.771986
כספונט	תל אביב-יפו	דניאל 27			||||||	0	1	0	32.067681	34.766243
כספונט	ירושלים	סנט גורג 15			||||||	0	1	0	31.788970	35.227820
כספונט	מעלה אדומים	אופירה 11			||||||	0	1	0	31.796079	35.335469
כספונט	ירושלים	שמעון הצדיק			||||||	0	1	0	31.793652	35.226849
כספונט	אילת	היהלום			||||||	0	1	0	29.513234	34.923863
כספונט	כעביה	כעביה			||||||	0	1	0	32.759437	35.184119
כספונט	תל אביב-יפו	בן ישראל 23			||||||	0	1	0	32.054961	34.777673
כספונט	תל אביב-יפו	יהודה הלוי 109			||||||	0	1	0	32.066941	34.779384
כספונט	טמרה	תמרה			||||||	0	1	0	32.861374	35.184176
כספונט	רמלה	מנחם דניאל 5			||||||	0	1	0	31.923596	34.874602
כספונט	ירושלים	הגיא 50			||||||	0	1	0	31.780470	35.231699
כספונט	אשדוד	הנרקיס 2			||||||	0	1	0	31.786624	34.649102
כספונט	רמת גן	הירדן 54			||||||	0	1	0	32.065082	34.828371
כספונט	אום בטין	אום בטין			||||||	0	1	0	31.282753	34.874599
כספונט	פתח תקווה	נחלת צבי 32			||||||	0	1	0	32.092425	34.890512
כספונט	פתח תקווה	המכבים 25			||||||	0	1	0	32.097186	34.886851
כספונט	נחשון	כביש 44			||||||	0	1	0	31.815289	34.919575
כספונט	אילת	דרך פעמי השלום			||||||	0	1	0	29.549209	34.962786
כספונט	ירושלים	עלי אבן אבי טאלב			||||||	0	1	0	31.749309	35.207079
כספונט	אילת	ברנע 16			||||||	0	1	0	29.562230	34.947870
כספונט	טייבה	טייבה 24 צפון			||||||	0	1	0	32.274704	35.009566
כספונט	כסייפה	כסייפה			||||||	0	1	0	31.255323	35.069808
כספונט	אילת	השחם 250/4			||||||	0	1	0	29.562773	34.951261
כספונט	אשדוד	רשבי 4			||||||	0	1	0	31.790200	34.660080
כספונט	אשקלון	הגבורה 11			||||||	0	1	0	31.665293	34.566088
כספונט	ברור חיל	ברור חיל			||||||	0	1	0	31.558796	34.634466
כספונט	אשדוד	זלמן ארן 12			||||||	0	1	0	31.800867	34.644643
כספונט	אילת	המחוז הדרומי			||||||	0	1	0	29.580566	34.963261
כספונט	אלעיזריה	כביש ראשי			||||||	0	1	0	31.769112	35.273355
כספונט	אילת	דרך הערבה			||||||	0	1	0	29.526878	34.936517
כספונט	ירושלים	אל מאמון בית חנינא			||||||	0	1	0	31.827278	35.226801
כספונט	טירה	כביש ראשי delek			||||||	0	1	0	32.233062	34.973976
כספונט	עין עירון	מזכירות מושב עין עירון			||||||	0	1	0	32.482362	35.008245
כספונט	ראשון לציון	שדרות בגין 4			||||||	0	1	0	31.971648	34.797466
כספונט	מודיעין מכבים רעות	גולדה מאיר 94			||||||	0	1	0	31.901114	34.977409
כספונט	באר שבע	נחום שריג 14			||||||	0	1	0	31.281807	34.805409
כספונט	אשקלון	שפירא 28			||||||	0	1	0	31.656171	34.553005
כספונט	ירושלים	א- זיתונה 49, סמטה 7			||||||	0	1	0	31.838007	35.219887
כספונט	עכו	שוק עכו			||||||	0	1	0	32.922754	35.071552
כספונט	אשקלון	האופן 3			||||||	0	1	0	31.800222	34.785742
כספונט	ראשון לציון	ההדרכה 9			||||||	0	1	0	31.962092	34.829600
כספונט	פתח תקווה	ליפקיס 7			||||||	0	1	0	32.090147	34.881913
כספונט	תל אביב-יפו	מקווה ישראל 1			||||||	0	1	0	32.062484	34.775312
כספונט	קרית גת	נחל גוברין 23			||||||	0	1	0	31.625589	34.764244
כספונט	קרית שמונה	הברזל 2			||||||	0	1	0	33.197009	35.572356
כספונט	קרית שמונה	מתחם נווה רסקו			||||||	0	1	0	33.212787	35.569695
כספונט	לוד	צומת מסובים			||||||	0	1	0	32.039866	34.823285
כספונט	גבעתיים	בן גוריון 162			||||||	0	1	0	32.077624	34.819077
כספונט	ירושלים	חמוש 1			||||||	0	1	0	31.782554	35.255891
כספונט	טירה	טירה			||||||	0	1	0	32.233969	34.974099
כספונט	בית שמש	אמוראים 86			||||||	0	1	0	31.701110	34.973046
כספונט	חולון	צאלים 26			||||||	0	1	0	32.021143	34.762989
כספונט	אום אל פחם	עין איברהים			||||||	0	1	0	32.535419	35.146962
כספונט	תל אביב-יפו	הכובשים 18			||||||	0	1	0	32.071372	34.767080
כספונט	אילת	דרך השלום			||||||	0	1	0	29.549060	34.962206
כספונט	ירושלים	אל סידר 35			||||||	0	1	0	31.727875	35.232796
כספונט	אום אל פחם	ליד האיצטדיון הישן			||||||	0	1	0	32.521562	35.149584
כספונט	ירושלים	העליה 2			||||||	0	1	0	31.785129	35.202714
כספונט	יבנה	גלבוע 17			||||||	0	1	0	31.873419	34.751279
כספונט	ערערה בנגב	כביש ראשי			||||||	0	1	0	31.165736	35.030895
כספונט	תל אביב-יפו	אצ"ל 99			||||||	0	1	0	32.048099	34.794273
כספונט	חדרה	אחד העם 13			||||||	0	1	0	32.435397	34.916909
כספונט	ירושלים	אלקבץ 3			||||||	0	1	0	31.791755	35.191257
כספונט	חצבה	מתחם יילו			||||||	0	1	0	30.767904	35.278434
כספונט	אשדוד	שלמה המלך 46			||||||	0	1	0	31.772552	34.644686
כספונט	רמלה	שוק רמלה			||||||	0	1	0	31.925567	34.874293
כספונט	קרית ביאליק	דפנה 59			||||||	0	1	0	32.834966	35.090868
כספונט	שדרות	מנחם בגין 28			||||||	0	1	0	31.526978	34.600087
כספונט	ירושלים	דרך האמריקאית 32			||||||	0	1	0	31.743410	35.248888
כספונט	אור יהודה	הכרמל בחניון			||||||	0	1	0	32.035462	34.856983
כספונט	בת ים	יוספטל 27			||||||	0	1	0	32.018391	34.743867
כספונט	אשדוד	שבי ציון 28			||||||	0	1	0	31.806602	34.651340
כספונט	ירכא	כביש ראשי			||||||	0	1	0	32.956429	35.202397
כספונט	בת ים	בלפור 77			||||||	0	1	0	32.022264	34.745556
כספונט	אילת	שדרות חטיבת הנגב			||||||	0	1	0	29.551540	34.945863
כספונט	ירושלים	אל משאהד 50			||||||	0	1	0	31.735897	35.226534
כספונט	נס ציונה	האירוסים 53			||||||	0	1	0	31.930424	34.797705
כספונט	חיפה	דלית אל כרמל			||||||	0	1	0	32.693949	35.055436
כספונט	משען	כביש 35			||||||	0	1	0	31.663336	34.624443
כספונט	טייבה	כניסה דרומית טייבה			||||||	0	1	0	32.259363	35.002590
כספונט	ירושלים	דרך קרית יובל 4			||||||	0	1	0	31.768363	35.178644
כספונט	טייבה	אזור תעשייה			||||||	0	1	0	32.246895	34.994363
כספונט	חולון	מונטיפיורי 52			||||||	0	1	0	32.025151	34.772241
כספונט	קיבוץ סאסא	קיבוץ סאסא			||||||	0	1	0	33.027773	35.394638
כספונט	ראש העין	יהושוע בן נון 77			||||||	0	1	0	32.105068	34.942593
כספונט	הוד השרון	תכלת 19			||||||	0	1	0	32.150820	34.885288
כספונט	ירושלים	דרך יריחו 115			||||||	0	1	0	31.772834	35.248191
כספונט	תל אביב-יפו	בזל 40			||||||	0	1	0	32.089908	34.779502
כספונט	מודיעין מכבים רעות	המלאכות 1			||||||	0	1	0	31.890557	34.967303
כספונט	ירושלים	גדה 12			||||||	0	1	0	31.741103	35.232992
כספונט	כפר רגאר	כפר רגאר			||||||	0	1	0	33.272635	35.623871
כספונט	בת ים	שאול בר 5			||||||	0	1	0	32.028091	34.746248
כספונט	בית קמה	בית קמה			||||||	0	1	0	31.447263	34.762471
כספונט	חבצלת השרון	חבצלת השרון			||||||	0	1	0	32.361491	34.865538
כספונט	נהורה	מרכז נאעורה			||||||	0	1	0	32.611696	35.393491
כספונט	טייבה	כביש ראשי			||||||	0	1	0	32.602518	35.442583
כספונט	קרית אתא	אינשטיין 16			||||||	0	1	0	32.813479	35.114792
כספונט	קרית שמונה	ארלוזורוב 3			||||||	0	1	0	33.208543	35.568727
כספונט	קרית מוצקין	ויצמן 41			||||||	0	1	0	32.834068	35.077425
כספונט	קרית אתא	זבולון 14			||||||	0	1	0	32.805120	35.101998
כספונט	קרית אתא	עצמאות 51			||||||	0	1	0	32.805252	35.104089
כספונט	קרית ים	ויצמן 25			||||||	0	1	0	32.851248	35.069488
כספונט	קרית שמונה	מתחם גן הצפון כביש 99			||||||	0	1	0	33.223299	35.616059
כספונט	ביתר עילית	החידא 1			||||||	0	1	0	31.696434	35.117705
כספונט	קרית שמונה	איזור תעשייה			||||||	0	1	0	33.217939	35.587303
כספונט	ביתר עילית	אלעזר המודעי 11			||||||	0	1	0	31.695908	35.119323
כספונט	טמרה	טמריה זועביה			||||||	0	1	0	32.633601	35.404279
כספונט	נהורה	נעורה			||||||	0	1	0	32.614425	35.391056
כספונט	קרית מוצקין	זבוטינסקי 12			||||||	0	1	0	32.835686	35.072804
כספונט	קרית מלאכי	צומת קסטינה			||||||	0	1	0	31.731226	34.755492
כספונט	קרית ים	בן צבי 49			||||||	0	1	0	32.840496	35.063721
כספונט	קרית מוצקין	ההגנה 9			||||||	0	1	0	32.831103	35.079744
כספונט	קרית חיים	שדה בוקר 29			||||||	0	1	0	32.836960	35.056764
כספונט	קרית מוצקין	החשמונאים 79			||||||	0	1	0	32.844495	35.080280
כספונט	קרית שמונה	א.תעשיה דרומי			||||||	0	1	0	33.195599	35.576302
כספונט	קרית אתא	עצמאות 75			||||||	0	1	0	32.808042	35.104264
כספונט	קרית אתא	זבולון 36			||||||	0	1	0	32.804952	35.099670
כספונט	קרית מלאכי	הורדים 29			||||||	0	1	0	31.726933	34.745330
כספונט	קרית שמונה	מנחם בגין 64			||||||	0	1	0	33.213327	35.581455
כספונט	דיר אל אסד	כביש ראשי			||||||	0	1	0	32.933670	35.272807
כספונט	ביתר עילית	בבא סלי 24			||||||	0	1	0	31.693019	35.109846
כספונט	קרית אתא	יוספטל 76			||||||	0	1	0	32.807726	35.116540
כספונט	קרית מוצקין	גושן 2			||||||	0	1	0	32.824412	35.078727
כספונט	קרית אתא	זבולון 96			||||||	0	1	0	32.803500	35.091455
כספונט	קרית אתא	הציונות 27			||||||	0	1	0	32.805328	35.108595
כספונט	קרית אתא	חנקין 2			||||||	0	1	0	32.812303	35.105346
כספונט	קרית אתא	בית וגן 5			||||||	0	1	0	32.799231	35.103023
כספונט	קרית אתא	ז'בוטינסקי 23			||||||	0	1	0	32.808621	35.120691
כספונט	קרית ים	לח'י 2			||||||	0	1	0	32.853570	35.071042
כספונט	קרית אתא	בכניסה לקרית אתא			||||||	0	1	0	32.806442	35.074249
כספונט	קרית מלאכי	הר חבד 12			||||||	0	1	0	31.729238	34.739086
כספונט	קרית מלאכי	ויצמן 24			||||||	0	1	0	31.735046	34.740030
כספונט	קרית אתא	בן עמי 4			||||||	0	1	0	32.810351	35.125254
כספונט	קרית אתא	המלאכה 1			||||||	0	1	0	32.816974	35.112008
כספונט	קרית מוצקין	ז'בוטינסקי 1			||||||	0	1	0	32.834509	35.071913
כספונט	קרית אתא	עצמאות 35			||||||	0	1	0	32.803217	35.103969
כספונט	קרית אתא	העצמאות 10			||||||	0	1	0	32.798887	35.102755
כספונט	אעבלין	דור אלון עבלין			||||||	0	1	0	32.829083	35.181901
כספונט	ביתר עילית	רבי עקיבא 13			||||||	0	1	0	31.697833	35.122235
כספונט	קרית ים	שדרות בן צבי 2			||||||	0	1	0	32.845299	35.066987
כספונט	קרית שמונה	ברל כצנלסון 30			||||||	0	1	0	33.203829	35.565158
כספונט	חורפיש	כניסה לחורפיש			||||||	0	1	0	33.022328	35.329015
כספונט	קרית מלאכי	מ מסחרי דרך ירושלים 157			||||||	0	1	0	31.729151	34.738877
כספונט	אעבלין	עבלין			||||||	0	1	0	32.815488	35.189106
כספונט	קרית שמונה	אזור תעשיה דרום			||||||	0	1	0	33.198013	35.576296
כספונט	קרית ים	הנרייטה סאלד 27			||||||	0	1	0	32.849951	35.074642
כספונט	קרית מלאכי	מנחם בגין 6			||||||	0	1	0	31.731676	34.752735
כספונט	געש	כביש שירות געש שפיים			||||||	0	1	0	32.225001	34.830022
כספונט	קרית חיים	תובל 12			||||||	0	1	0	32.816943	35.061329
כספונט	ביתר עילית	הרב ציון ברוק 7			||||||	0	1	0	31.697845	35.100635
כספונט	קרית ים	שדרות ירושלים 13			||||||	0	1	0	32.836965	35.065917
כספונט	קרית ים	פנחס לבון 13			||||||	0	1	0	32.854022	35.076829
כספונט	קרית אתא	עצמאות 95			||||||	0	1	0	32.810274	35.104760
כספונט	קרית אתא	אסף שמחוני 2			||||||	0	1	0	32.813702	35.115958
כספונט	קרית מלאכי	צה'ל 1			||||||	0	1	0	31.731700	34.753007
כספונט	קרית ים	תבור 14			||||||	0	1	0	32.855093	35.081443
כספונט	קרית ים	הנרייטה סולד 4			||||||	0	1	0	32.845925	35.071327
כספונט	קרית ים	אלי כהן 51			||||||	0	1	0	32.843389	35.062020
כספונט	קרית גת	עובדיה יוסף 22			||||||	0	1	0	31.610590	34.754630
כספונט	קלנסווה	קלנסואה			||||||	0	1	0	32.288477	34.982500
כספונט	קרית גת	דרך הדרום 9 מתחם ביג			||||||	0	1	0	31.603858	34.773772
כספונט	קרית גת	היוצר 1			||||||	0	1	0	31.606468	34.773561
כספונט	קרית גת	שבטי ישראל 26			||||||	0	1	0	31.616932	34.769196
כספונט	קרית גת	מלכי ישראל ליד האיצטדיון העירוני			||||||	0	1	0	31.619438	34.757693
כספונט	קרית גת	מלכי ישראל 178			||||||	0	1	0	31.603563	34.758728
כספונט	קרית גת	מבוא ים 4			||||||	0	1	0	31.608317	34.771782
כספונט	קרית ביאליק	שדרות חן 13			||||||	0	1	0	32.861104	35.098529
כספונט	קרית גת	בית יוסף 70			||||||	0	1	0	31.618517	34.753815
כספונט	טמרה	אזור התעשייה			||||||	0	1	0	32.846748	35.172879
כספונט	ביתר עילית	רבי עקיבא			||||||	0	1	0	31.698698	35.124126
כספונט	קרית ביאליק	שדרות ירושלים 15			||||||	0	1	0	32.823615	35.082355
כספונט	קרית ביאליק	קרן היסוד 88			||||||	0	1	0	32.837666	35.089867
כספונט	קרית גת	קוממיות 97			||||||	0	1	0	31.612371	34.761382
כספונט	קרית גת	מיכה 2			||||||	0	1	0	31.615266	34.759161
כספונט	קרית ביאליק	יוסף לוי 25			||||||	0	1	0	32.868089	35.096179
כספונט	קרית ביאליק	לילך 9			||||||	0	1	0	32.834978	35.102769
כספונט	קרית גת	אבץ 24			||||||	0	1	0	31.593427	34.785381
כספונט	שייח' דנון	שייח דנון			||||||	0	1	0	32.994613	35.145976
כספונט	ירושלים	טהון 13			||||||	0	1	0	31.761516	35.175639
כספונט	ירושלים	עין יעקב 35			||||||	0	1	0	31.786814	35.223084
כספונט	בני ברק	זבוטינסקי 16			||||||	0	1	0	32.091367	34.825614
כספונט	אשקלון	בנימין 36 אשקלון			||||||	0	1	0	31.652223	34.586913
כספונט	בת ים	בלפור 84			||||||	0	1	0	32.019521	34.745405
כספונט	ירושלים	שמואל הנביא 51			||||||	0	1	0	31.791832	35.223797
כספונט	חולון	סוקולוב 51			||||||	0	1	0	32.023060	34.776153
כספונט	באר שבע	ברוך קטינקא 2			||||||	0	1	0	31.224515	34.800965
כספונט	חולון	סוקולוב 42			||||||	0	1	0	32.022749	34.773576
כספונט	תל אביב-יפו	הר ציון 3			||||||	0	1	0	32.059403	34.778284
כספונט	תל אביב-יפו	קשת 3			||||||	0	1	0	32.041835	34.774665
כספונט	ירושלים	שטראוס 8			||||||	0	1	0	31.784581	35.218587
כספונט	באר יעקב	קרן היסוד 8			||||||	0	1	0	31.944465	34.836198
כספונט	ירושלים	שמגר 21			||||||	0	1	0	31.794738	35.207817
כספונט	תל אביב-יפו	אבן גבירול 76			||||||	0	1	0	32.081177	34.781451
כספונט	בת ים	יוספטל 97			||||||	0	1	0	32.015791	34.753374
כספונט	פתח תקווה	רוטשילד 180			||||||	0	1	0	32.076229	34.885262
כספונט	רמת גן	הרצל 12			||||||	0	1	0	32.081241	34.818373
כספונט	ירושלים	מנחם משיב 1			||||||	0	1	0	31.799115	35.206022
כספונט	חולון	שנקר 46			||||||	0	1	0	32.022193	34.776117
כספונט	הרצליה	שער הים 10			||||||	0	1	0	32.187910	34.812776
כספונט	ירושלים	עמק רפאים 62			||||||	0	1	0	31.761055	35.216449
כספונט	רמת גן	הבילויים 47			||||||	0	1	0	32.060007	34.827781
כספונט	רמת גן	סוקולוב 33			||||||	0	1	0	32.093573	34.818971
כספונט	קרית מוצקין	ההגנה 45			||||||	0	1	0	32.834857	35.082551
כספונט	ירושלים	יפו 210			||||||	0	1	0	31.785502	35.331368
כספונט	חולון	הסדן 1			||||||	0	1	0	32.019985	34.803639
כספונט	הרצליה	סוקולוב 53			||||||	0	1	0	32.167195	34.844429
כספונט	גבעת שמואל	האורנים 1			||||||	0	1	0	32.068369	34.845662
כספונט	בת ים	יצחק שדה 29			||||||	0	1	0	32.011081	34.743218
כספונט	תל אביב-יפו	העליה 22			||||||	0	1	0	32.059188	34.773455
כספונט	פתח תקווה	וייסבורג 3			||||||	0	1	0	32.093480	34.904554
כספונט	רמת גן	הרצל 73			||||||	0	1	0	32.086757	34.814928
כספונט	בת ים	אלי כהן 1			||||||	0	1	0	32.009163	34.757119
כספונט	רחובות	עזרא 37			||||||	0	1	0	31.892188	34.816635
כספונט	חולון	התנאים 3			||||||	0	1	0	32.005833	34.763869
כספונט	אשדוד	העצמאות 26			||||||	0	1	0	31.790947	34.646340
כספונט	ירושלים	מאיר גרשון 38			||||||	0	1	0	31.819592	35.248888
כספונט	לוד	הרצל 73			||||||	0	1	0	31.955596	34.896315
כספונט	טבריה	הגליל 3			||||||	0	1	0	32.787293	35.539707
כספונט	ראשון לציון	רוטשילד 43			||||||	0	1	0	31.963952	34.801747
כספונט	תל אביב-יפו	דיזינגוף 136			||||||	0	1	0	32.082189	34.773919
כספונט	ראשון לציון	שאול המלך 4			||||||	0	1	0	31.978735	34.789065
כספונט	חולון	התנאים 5			||||||	0	1	0	32.005731	34.763394
כספונט	תל אביב-יפו	אצל 51			||||||	0	1	0	32.051335	34.791651
כספונט	ראשון לציון	הסוכה 14			||||||	0	1	0	31.974200	34.779506
כספונט	אור יהודה	חיים בר לב 12			||||||	0	1	0	32.031563	34.855588
כספונט	תל אביב-יפו	יהודה הימית 45			||||||	0	1	0	32.049962	34.755018
כספונט	תל אביב-יפו	שדרות ירושלים 107			||||||	0	1	0	32.046081	34.758619
כספונט	אלעד	אבטליון 23			||||||	0	1	0	32.046934	34.949877
כספונט	תל אביב-יפו	לוינסקי 116			||||||	0	1	0	32.056495	34.780392
כספונט	חולון	משה שרת 19			||||||	0	1	0	32.008495	34.792383
כספונט	אשדוד	הגדוד העברי 5			||||||	0	1	0	31.792991	34.638898
כספונט	חולון	משה דיין 10			||||||	0	1	0	32.000765	34.764372
כספונט	ראשון לציון	כצנלסון 3			||||||	0	1	0	31.967098	34.799405
כספונט	תל אביב-יפו	ההגנה 80			||||||	0	1	0	32.053839	34.790716
כספונט	בני ברק	ז'בוטינסקי 7			||||||	0	1	0	32.091549	34.824952
כספונט	בני ברק	נויפלד 15			||||||	0	1	0	32.096821	34.840708
כספונט	ראשון לציון	אלי כהן 1			||||||	0	1	0	31.986702	34.806390
כספונט	רמלה	הרצל 52			||||||	0	1	0	31.934319	34.867710
כספונט	מודיעין עילית	חפץ חיים 9			||||||	0	1	0	31.932414	35.045859
כספונט	בת ים	בלפור 127			||||||	0	1	0	32.015027	34.743257
כספונט	בת ים	רוטשילד 27			||||||	0	1	0	32.026914	34.745791
כספונט	ראשון לציון	נתן ברנצקי 31			||||||	0	1	0	31.959288	34.796717
כספונט	חולון	מונטיפיורי 15			||||||	0	1	0	32.025255	34.768474
כספונט	טייבה	תחנת דלק פז			||||||	0	1	0	32.281019	35.005566
כספונט	ירושלים	יד חרוצים 18			||||||	0	1	0	31.751206	35.215382
כספונט	רחובות	דרך ירושלים 2			||||||	0	1	0	31.887318	34.820067
כספונט	קרית אתא	הנביאים 3			||||||	0	1	0	32.801009	35.103835
כספונט	פתח תקווה	קפלן 9			||||||	0	1	0	32.088271	34.868924
כספונט	ראשון לציון	זלמן שזר 27			||||||	0	1	0	31.996232	34.740483
כספונט	קדומים	היובל 1			||||||	0	1	0	32.230806	35.164036
כספונט	בני ברק	עזרא 4			||||||	0	1	0	32.081339	34.840626
כספונט	בית שמש	מרים הנביאה 16			||||||	0	1	0	31.701177	34.993040
כספונט	חולון	אילת 36			||||||	0	1	0	32.017936	34.764797
כספונט	בת ים	בלפור 109			||||||	0	1	0	32.016638	34.745003
כספונט	אור יהודה	יצחק שמיר 15			||||||	0	1	0	32.041083	34.857909
כספונט	אשדות יעקב איחוד	כניסה לאשדות יעקב איחוד			||||||	0	1	0	32.665499	35.578303
כספונט	חיזמא	כביש ראשי חיזמא			||||||	0	1	0	31.836679	35.263102
כספונט	בת ים	רוטשילד 29			||||||	0	1	0	32.027386	34.746847
כספונט	יהוד	מקלב 8			||||||	0	1	0	32.032390	34.888355
כספונט	דימונה	מרכז מסחרי			||||||	0	1	0	31.065622	35.032753
כספונט	ירושלים	הורקניה 8			||||||	0	1	0	31.755952	35.202727
כספונט	ירושלים	באבא סאלי 2			||||||	0	1	0	31.721617	35.226882
כספונט	כפר קאסם	עלי בן אבו טלאב 2			||||||	0	1	0	32.117107	34.968632
כספונט	ירושלים	בר אילן 1			||||||	0	1	0	31.795657	35.219751
כספונט	תל אביב יפו	יהודה ימית 12			||||||	0	1	0	32.049964	34.757827
כספונט	אשדוד	אברהם סופר 8			||||||	0	1	0	31.783600	34.647599
כספונט	אשקלון	אליעזר מילרד 7			||||||	0	1	0	31.652248	34.559602
כספונט	פתח תקווה	יעקב קרול 3			||||||	0	1	0	32.090894	34.877789
כספונט	יבנה	שדרות הציונות 1			||||||	0	1	0	31.865225	34.727257
כספונט	ראשון לציון	מורדי הגטאות 69			||||||	0	1	0	31.954100	34.824704
כספונט	כפר סבא	ויצמן 43			||||||	0	1	0	32.177217	34.900672
כספונט	תל אביב-יפו	יהודה הלוי 43			||||||	0	1	0	32.061912	34.772936
כספונט	בת ים	ברנר 12			||||||	0	1	0	32.018089	34.747946
כספונט	בת ים	אהוד קינמון 16			||||||	0	1	0	32.010092	34.749672
כספונט	אשדוד	גיא אוני 2			||||||	0	1	0	31.785694	34.660857
כספונט	ירושלים	הפסגה 33			||||||	0	1	0	31.767751	35.183502
כספונט	בת ים	העצמאות 76			||||||	0	1	0	32.027529	34.748769
כספונט	הרצליה	בני בנימין 10			||||||	0	1	0	32.170431	34.840147
כספונט	טמרה	תמרה			||||||	0	1	0	32.855519	35.192531
כספונט	גבעתיים	המאבק 43			||||||	0	1	0	32.061656	34.810664
כספונט	בת ים	אהוד קינמון 29			||||||	0	1	0	32.010795	34.750059
כספונט	ירושלים	ארזי הבירה 48			||||||	0	1	0	31.792640	35.224220
כספונט	אשקלון	הרצל 18			||||||	0	1	0	31.662824	34.586173
כספונט	בית שמש	אמוראים 54			||||||	0	1	0	31.702326	34.966728
כספונט	חורה	חורה			||||||	0	1	0	31.292184	34.939938
כספונט	תל אביב-יפו	יהודה המכבי 1			||||||	0	1	0	32.094033	34.784108
כספונט	תל אביב-יפו	הרכבת 22			||||||	0	1	0	32.063505	34.778550
כספונט	תל אביב-יפו	ידידה פרנקל 7א			||||||	0	1	0	32.057148	34.767473
כספונט	בת ים	קרייתי 12			||||||	0	1	0	32.016528	34.751608
כספונט	בת ים	ירושלים 32			||||||	0	1	0	32.026030	34.746578
כספונט	ראשון לציון	הרצל 2			||||||	0	1	0	31.972694	34.806377
כספונט	תל אביב-יפו	סלמה 106			||||||	0	1	0	32.054764	34.775553
כספונט	אשקלון	ביאליק 55			||||||	0	1	0	31.655565	34.562506
כספונט	אשדוד	רמבם 93			||||||	0	1	0	31.804677	34.655308
כספונט	ראשון לציון	יהודה הנשיא 1			||||||	0	1	0	31.946848	34.817335
כספונט	בת ים	העצמאות 67			||||||	0	1	0	32.028818	34.749298
כספונט	חולון	שנקר 22			||||||	0	1	0	32.010858	34.799646
כספונט	תל אביב-יפו	רזיאל 26			||||||	0	1	0	32.055096	34.756166
כספונט	חולון	אילת 18			||||||	0	1	0	32.021643	34.765142
כספונט	רמת גן	רוקח 56			||||||	0	1	0	32.092637	34.809390
כספונט	רמת גן	ז'בוטינסקי 149			||||||	0	1	0	32.090806	34.821611
כספונט	גבעתיים	כצנלסון 20			||||||	0	1	0	32.075127	34.803839
כספונט	תל אביב-יפו	מיטב 6			||||||	0	1	0	32.065547	34.795028
כספונט	בת ים	הנביאים 40			||||||	0	1	0	32.012131	34.746338
כספונט	רמת גן	עוזיאל 113			||||||	0	1	0	32.068462	34.821930
כספונט	חולון	דב הוז 25			||||||	0	1	0	32.023198	34.767639
כספונט	אשקלון	כצנלסון 13			||||||	0	1	0	31.661521	34.588407
כספונט	תל אביב-יפו	מסילת ישרים 70			||||||	0	1	0	32.052280	34.777140
כספונט	באר שבע	דרך השלום 3			||||||	0	1	0	31.251866	34.801833
כספונט	ראשון לציון	הרצל 4			||||||	0	1	0	31.972016	34.806168
כספונט	טבריה	דהן 18			||||||	0	1	0	32.797182	35.527206
כספונט	תל אביב-יפו	גורדון 2			||||||	0	1	0	32.082658	34.769143
כספונט	מודיעין עלית	רמבם 16			||||||	0	1	0	31.929920	35.046560
כספונט	בני ברק	רבי עקיבא 34			||||||	0	1	0	32.088697	34.826436
כספונט	תל אביב-יפו	הרברט סמואל			||||||	0	1	0	32.068865	34.762885
כספונט	קרית אונו	שלמה המלך 40			||||||	0	1	0	32.054979	34.863850
כספונט	מגדל העמק	העצמאות 67			||||||	0	1	0	32.680910	35.235303
כספונט	חולון	סוקולוב 20			||||||	0	1	0	32.022865	34.771920
כספונט	הרצליה	כצנלסון 19			||||||	0	1	0	32.168758	34.856380
כספונט	רמת השרון	סוקולוב 32			||||||	0	1	0	32.141603	34.836801
כספונט	בת ים	בלפור 40			||||||	0	1	0	32.026295	34.744967
כספונט	רהט	חביב 24			||||||	0	1	0	31.392665	34.767446
כספונט	בת ים	יוספטל 20			||||||	0	1	0	32.019199	34.741433
כספונט	כפר ברא	צלאח אדין			||||||	0	1	0	32.131527	34.966460
כספונט	ראשון לציון	לישנסקי 20			||||||	0	1	0	31.993696	34.767754
כספונט	ראשון לציון	יהודה לייב פינסקר 2			||||||	0	1	0	31.964510	34.807585
כספונט	רמת גן	ארלוזורוב 76			||||||	0	1	0	32.081985	34.806115
כספונט	גדרה	תחנה מרכזית			||||||	0	1	0	31.815593	34.771178
כספונט	תל אביב-יפו	דרך השלום 53			||||||	0	1	0	32.067948	34.802885
כספונט	מודיעין-מכבים-רעות	עמק דותן 66			||||||	0	1	0	31.899963	35.013839
כספונט	תל אביב-יפו	דרך ההגנה 85			||||||	0	1	0	32.054201	34.792323
כספונט	בית שמש	בית שמש			||||||	0	1	0	31.770901	34.997593
כספונט	הרצליה	חוף הרצליה			||||||	0	1	0	32.167218	34.797394
כספונט	רחובות	הצופים 74			||||||	0	1	0	31.895978	34.783195
כספונט	אשקלון	אלי כהן 43			||||||	0	1	0	31.670084	34.582254
כספונט	ירושלים	כיכר תחתון ארמון הנציב			||||||	0	1	0	31.749965	35.236347
כספונט	ג'וליס	מרכז הכפר			||||||	0	1	0	32.944288	35.183163
כספונט	ירכא	מרכז הכפר			||||||	0	1	0	32.953226	35.207265
כספונט	משהד	מרכז הכפר			||||||	0	1	0	32.739156	35.325801
כספונט	כפר כמא	מרכז הכפר			||||||	0	1	0	32.721961	35.442307
כספונט	טמרה	מרכז הכפר			||||||	0	1	0	32.850255	35.188895
כספונט	עזריה	אל קיראמי 12			||||||	0	1	0	31.840090	35.232074
כספונט	אום בטין	כניסה ראשית			||||||	0	1	0	31.285317	34.879263
כספונט	בית ג'ן	מרכז הכפר			||||||	0	1	0	32.965817	35.380647
כספונט	מודיעין עילית	אבני נזר 18			||||||	0	1	0	31.934816	35.042213
כספונט	אבו סנאן	מרכז הכפר			||||||	0	1	0	32.962561	35.170794
כספונט	דימונה	תחנה מרכזית			||||||	0	1	0	31.067865	35.032847
כספונט	טמרה	מרכז הכפר			||||||	0	1	0	32.855432	35.198650
כספונט	פסוטה	מרכז הכפר			||||||	0	1	0	33.048347	35.310218
כספונט	ירכא	מרכז הכפר			||||||	0	1	0	32.952965	35.198860
כספונט	אשדוד	הרב שאולי 4			||||||	0	1	0	31.798555	34.643070
כספונט	רהט	כניסה ראשית			||||||	0	1	0	31.405244	34.752350
כספונט	קלנסווה	קלנסווה			||||||	0	1	0	32.289287	34.978480
כספונט	מעלות-תרשיחא	בן גוריון 1			||||||	0	1	0	33.012541	35.284146
כספונט	אבו גוש	כביש השלום 37			||||||	0	1	0	31.806502	35.109850
כספונט	פוריה	השדה 8			||||||	0	1	0	32.732150	35.546307
כספונט	פוריה	הפלדה ע.ת. קדמת הגליל			||||||	0	1	0	32.788126	35.470832
כספונט	חולון	אילת 48			||||||	0	1	0	32.015254	34.764895
כספונט	גבעת זאב	קדרון 10 מרכז מסחרי			||||||	0	1	0	31.862593	35.175905
כספונט	בני ברק	מבצע קדש 55			||||||	0	1	0	32.098073	34.828625
כספונט	בת ים	בלפור 139			||||||	0	1	0	32.013751	34.742501
כספונט	באר שבע	ברוך קטינקא 2			||||||	0	1	0	31.224004	34.801379
כספונט	אזור	קפלן 2			||||||	0	1	0	32.019872	34.810203
כספונט	בת ים	בלפור 86			||||||	0	1	0	32.018779	34.745630
כספונט	תל אביב-יפו	יגאל אלון 155			||||||	0	1	0	32.078303	34.797221
כספונט	תל אביב-יפו	שלבים 10			||||||	0	1	0	32.050352	34.764775
כספונט	בת ים	בלפור 124			||||||	0	1	0	32.013982	34.742501
כספונט	בת ים	בלפור 100			||||||	0	1	0	32.016345	34.744189
כספונט	אשדוד	מתחם פואר סנטר עד הלום			||||||	0	1	0	31.762304	34.666237
כספונט	ראשון לציון	מניה שוחט 13			||||||	0	1	0	31.958272	34.801306
כספונט	ביתר עילית	המגיד ממעזריטש 60			||||||	0	1	0	31.701094	35.114000
כספונט	בת ים	יצחק שדה 21			||||||	0	1	0	32.011278	34.741594
כספונט	עזריה	מוחמד אל בוחר 4			||||||	0	1	0	31.890668	34.911291
כספונט	אילת	טיילת מלכת שבא			||||||	0	1	0	29.550532	34.962231
כספונט	מושב בית הלל	מושב בית הלל			||||||	0	1	0	33.208736	35.606689
כספונט	בת ים	רוטשילד 40			||||||	0	1	0	32.027201	34.748864
כספונט	תל אביב	המלך גורג 50			||||||	0	1	0	32.074587	34.775780
כספונט	ירושלים	במחסום במעבר הזיתים			||||||	0	1	0	31.778660	35.245655
כספונט	ירושלים	א שייח 125			||||||	0	1	0	31.773923	35.251004
כספונט	ירושלים	דרך רמאללה 12			||||||	0	1	0	31.842925	35.229690
כספונט	רהט	רהט			||||||	0	1	0	31.394759	34.760043
כספונט	רהט	מכולת העוקף			||||||	0	1	0	31.386350	34.761845
כספונט	לקיה	כביש ראשי			||||||	0	1	0	31.318660	34.856819
כספונט	בת ים	הרצל 36 פינת רוטשילד 8			||||||	0	1	0	32.026645	34.742877
כספונט	חדרה	הרברט סמואל 34			||||||	0	1	0	32.437266	34.915256
כספונט	נתניה	הרב קוק 1			||||||	0	1	0	32.330330	34.852966
כספונט	ירושלים	הממציא 1			||||||	0	1	0	31.725493	35.222262
כספונט	אשדוד	כיכר סיגל 2			||||||	0	1	0	31.793891	34.646118
כספונט	אחוזת ברק	מרכז מסחרי			||||||	0	1	0	32.643773	35.337164
כספונט	אשקלון	דוד רמז 20			||||||	0	1	0	31.667918	34.583211
כספונט	תל אביב-יפו	לוינסקי 79			||||||	0	1	0	32.058930	34.775679
כספונט	ירושלים	שבטי ישראל 48			||||||	0	1	0	31.785770	35.225908
כספונט	ירושלים	אל מדינה צור באהר			||||||	0	1	0	31.739197	35.232345
כספונט	שגב שלום	שגב שלום			||||||	0	1	0	31.184532	34.843600
כספונט	הרצליה	אבן עזרא 17			||||||	0	1	0	32.166066	34.830340
כספונט	רהט	כביש ראשי			||||||	0	1	0	31.385989	34.754542
כספונט	תל אביב-יפו	שמעון הצדיק 1			||||||	0	1	0	32.054917	34.759200
כספונט	קרית אונו	ירושלים 5			||||||	0	1	0	32.059162	34.862704
כספונט	חורה	חורה			||||||	0	1	0	31.295035	34.928724
כספונט	ירושלים	כביש 417 אבו דיס			||||||	0	1	0	31.764128	35.257679
כספונט	נס ציונה	ששת הימים 4			||||||	0	1	0	31.936171	34.796036
כספונט	ירושלים	דרך חברון 101			||||||	0	1	0	31.754949	35.221703
כספונט	כפר קאסם	א סולטאני 55			||||||	0	1	0	32.116940	34.977018
כספונט	ירושלים	קצנלנבוגן 7			||||||	0	1	0	31.790237	34.659872
כספונט	רמת השרון	טרומלדור 3			||||||	0	1	0	32.136937	34.843783
כספונט	רמלה	משה לוי 23			||||||	0	1	0	31.930533	34.849747
כספונט	בני ברק	זבוטינסקי 88			||||||	0	1	0	32.091305	34.830429
כספונט	ירושלים	ראס אל בוסטן 12			||||||	0	1	0	31.818205	35.223903
כספונט	ירושלים	וותיקן 12			||||||	0	1	0	31.841856	35.226954
כספונט	ירושלים	השלשלת 102			||||||	0	1	0	31.777002	35.232699
כספונט	רמת גן	שפירא 22			||||||	0	1	0	32.079348	34.804934
כספונט	ירושלים	קדמה			||||||	0	1	0	31.802156	35.246332
כספונט	קרית מלאכי	אריאל שרון פינת קרית ידידות			||||||	0	1	0	31.738671	34.745100
כספונט	יבנה	גלבוע 4			||||||	0	1	0	31.872810	34.750679
כספונט	תל אביב-יפו	מטלון 82			||||||	0	1	0	32.057441	34.776376
כספונט	חורה	אזור תעשיה			||||||	0	1	0	31.295614	34.925105
כספונט	פתח תקווה	קלישר 32			||||||	0	1	0	32.081114	34.892856
כספונט	חולון	דב הוז 41			||||||	0	1	0	32.023366	34.765578
כספונט	כפר קאסם	אל סולטני 9			||||||	0	1	0	32.114152	34.968278
כספונט	בני ברק	ז''בוטינסקי 172			||||||	0	1	0	32.092540	34.840651
כספונט	ירושלים	יפו 123			||||||	0	1	0	31.785659	35.210491
כספונט	רהט	כביש ראשי			||||||	0	1	0	31.387093	34.743712
כספונט	ראש העין	המרץ 27			||||||	0	1	0	32.105643	34.940827
כספונט	ירושלים	מלמאן אל פאריסי 13			||||||	0	1	0	31.780589	35.247380
כספונט	ירושלים	שמואל הנביא 81			||||||	0	1	0	31.794847	35.220573
כספונט	תל אביב-יפו	שוק הכרמל			||||||	0	1	0	32.069429	34.769790
כספונט	קרית מלאכי	רשי 5			||||||	0	1	0	31.729516	34.748037
כספונט	רהט	כביש ראשי			||||||	0	1	0	31.395284	34.753458
כספונט	ראש הניקרה	כביש ראשי			||||||	0	1	0	33.086299	35.114878
כספונט	ירושלים	רחוב יפו 180			||||||	0	1	0	31.786741	35.209576
כספונט	ירושלים	אנטוניה 39			||||||	0	1	0	31.781151	35.235439
כספונט	קרית ים	בן צבי 27			||||||	0	1	0	32.841752	35.064491
כספונט	יקום	יקום			||||||	0	1	0	32.248663	34.836352
כספונט	ירושלים	יצחק ברואיר 1			||||||	0	1	0	31.765695	35.183928
כספונט	הרצליה	בן גוריון 35			||||||	0	1	0	32.161274	34.842855
כספונט	אשדות יעקב איחוד	בכניסה לקיבוץ			||||||	0	1	0	32.658873	35.579323
כספונט	באר שבע	שאול המלך 28			||||||	0	1	0	31.263799	34.781308
כספונט	קיבוץ שניר	קיבוץ שניר			||||||	0	1	0	33.239443	35.677852
כספונט	אשקלון	ההדרים 8			||||||	0	1	0	31.670586	34.559361
כספונט	אשקלון	בקעת הרימון 1			||||||	0	1	0	31.648735	34.566554
כספונט	חורה	חורה			||||||	0	1	0	31.297657	34.939095
כספונט	יהוד	ויצמן 55			||||||	0	1	0	32.033914	34.892553
כספונט	כסייפה	כביש ראשי			||||||	0	1	0	31.247674	35.088641
כספונט	בני ברק	כהנמן 159			||||||	0	1	0	32.073807	34.842032
כספונט	כפר מגאר	כפר מגאר			||||||	0	1	0	32.881310	35.425767
כספונט	אשקלון	שפירא 3			||||||	0	1	0	31.659474	34.555179
כספונט	תל אביב-יפו	פלורנטין 34			||||||	0	1	0	32.056331	34.770152
כספונט	רהט	חנות 29 מרכז מסחרי			||||||	0	1	0	31.387269	34.767425
כספונט	בני ברק	יוחננן הסנדלר 1			||||||	0	1	0	32.074025	34.843254
כספונט	שגב שלום	כביש ראשי			||||||	0	1	0	31.192732	34.835347
כספונט	טייבה	כניסה דרומית			||||||	0	1	0	32.260522	35.014125
כספונט	שדרות	יגאל אלון 30			||||||	0	1	0	31.522492	34.600242
כספונט	נשר	דרך השלום 74 נשר			||||||	0	1	0	32.766575	35.051549
כספונט	חולון	חנקין 70			||||||	0	1	0	32.020334	34.778870
כספונט	נצרת	פאולוס			||||||	0	1	0	32.862808	35.184522
כספונט	תל אביב-יפו	מנחם מדמון 1			||||||	0	1	0	32.050499	34.805563
כספונט	בני ברק	בן יעקב 8			||||||	0	1	0	32.078104	34.838707
כספונט	בית קשת	צרכניית בית קשת			||||||	0	1	0	32.719115	35.395029
כספונט	אבו תלול	כביש 25 - ימינה			||||||	0	1	0	31.181902	34.963093
כספונט	קרית גת	הגבורה 31			||||||	0	1	0	31.606650	34.754520
כספונט	תל אביב	כיכר דיזנגוף 3			||||||	0	1	0	32.077739	34.773874
כספונט	הרצליה	שד' אבא אבן 1 delek			||||||	0	1	0	32.161280	34.810831
כספונט	נתניה	גורדון 4			||||||	0	1	0	32.329816	34.858061
כספונט	כרמיאל	נשיאי ישראל 104			||||||	0	1	0	32.907838	35.292595
כספונט	רחובות	שדרות הקיבוצים 1			||||||	0	1	0	31.884344	34.817358
כספונט	יבנה	האומן פינת המיסב			||||||	0	1	0	31.864490	34.741892
כספונט	נוף הגליל	נוף הגליל			||||||	0	1	0	32.705729	35.322304
כספונט	ראשון לציון	שמוטקין 38			||||||	0	1	0	31.979715	34.813433
כספונט	כפר ברוך	כפר ברוך			||||||	0	1	0	32.646469	35.193378
כספונט	אילת	מלון קלאב הוטל			||||||	0	1	0	29.549646	34.952204
כספונט	אשדוד	האורגים 4			||||||	0	1	0	31.995656	34.935876
כספונט	רחובות	עזרא 57			||||||	0	1	0	31.892515	34.817937
כספונט	אזור	דרך השבעה, בכניסה לאזור			||||||	0	1	0	32.015581	34.810797
כספונט	ג'אבל מוכבר	גאבל מוכאבר 160			||||||	0	1	0	31.758771	35.246884
כספונט	ירושלים	ראס אל בוסטן 59			||||||	0	1	0	31.770191	35.236188
כספונט	רהט	שכונה 31 בית 64			||||||	0	1	0	31.384670	34.757958
כספונט	תל אביב-יפו	חיים ברלב 85			||||||	0	1	0	32.047599	34.797018
כספונט	יהוד	סעדיה חתוכה 24			||||||	0	1	0	32.030889	34.888793
כספונט	טירת הכרמל	שיחרור 10			||||||	0	1	0	32.763454	34.973883
כספונט	ערד	שמעון 38/1			||||||	0	1	0	31.258123	35.206266
כספונט	ירושלים	א תורי 131			||||||	0	1	0	31.767472	35.232216
כספונט	רחובות	אחד העם 19			||||||	0	1	0	31.897879	34.811660
כספונט	בת ים	בלפור 115			||||||	0	1	0	32.015973	34.744318
כספונט	קרית יערים	מרבד הקסמים 1			||||||	0	1	0	31.784645	35.097660
כספונט	כפר סבא	ויצמן 162			||||||	0	1	0	32.174056	34.913734
כספונט	אזור	יצחק שדה 10			||||||	0	1	0	32.024532	34.809846
כספונט	אשדוד	אבן עזרא 23			||||||	0	1	0	31.796488	34.648854
כספונט	חיפה	ילג 2			||||||	0	1	0	32.807456	35.002351
כספונט	אשדוד	הרותם 6			||||||	0	1	0	31.788401	34.656412
כספונט	רמת גן	היצירה 1			||||||	0	1	0	32.092087	34.782963
כספונט	חולון	ביאליק 33			||||||	0	1	0	32.018852	34.773817
כספונט	תל אביב-יפו	בוגרשוב 43			||||||	0	1	0	32.076356	34.771321
כספונט	קדימה	החסידה 2			||||||	0	1	0	32.269539	34.917156
כספונט	תל אביב-יפו	האצ"ל 44			||||||	0	1	0	32.050740	34.791729
כספונט	חורה	חורה			||||||	0	1	0	31.306516	34.932375
כספונט	טירה	מתחתם תחנת דלק טארק			||||||	0	1	0	32.227869	34.941438
כספונט	נתניה	גבע 7			||||||	0	1	0	32.325177	34.858188
כספונט	ראשון לציון	הרצל 59			||||||	0	1	0	31.967129	34.802844
כספונט	ירושלים	עיסאוויה מול קופת חולים			||||||	0	1	0	31.797592	35.246303
כספונט	כפר קאסם	עומר אל חטאב			||||||	0	1	0	32.118172	34.966564
כספונט	ירושלים	הדרך האמריקאית			||||||	0	1	0	31.777894	35.246864
כספונט	ירושלים	מחמוד ברבר			||||||	0	1	0	31.771665	35.241226
כספונט	עין נקובא	הואדי 3 עין נקובא			||||||	0	1	0	31.795882	35.120518
כספונט	תל שבע	כביש ראשי			||||||	0	1	0	31.253884	34.861835
כספונט	אשקלון	דוד רמז 44			||||||	0	1	0	31.668336	34.584659
כספונט	בת ים	בלפור 105			||||||	0	1	0	32.017098	34.745422
כספונט	בת ים	הרצל 50			||||||	0	1	0	32.024544	34.743104
כספונט	כסייפה	כסייפה			||||||	0	1	0	31.238960	35.091425
כספונט	שפרעם	כביש אבעטליה			||||||	0	1	0	32.828871	35.199829
כספונט	בת ים	בלפור 69			||||||	0	1	0	32.023558	34.745367
כספונט	אשדוד	חנה סנש 9			||||||	0	1	0	31.799712	34.662372
כספונט	שדרות	הנשיא 1			||||||	0	1	0	31.524594	34.592602
כספונט	חולון	חנקין 69			||||||	0	1	0	32.020002	34.779083
כספונט	אשקלון	שפירא 13			||||||	0	1	0	31.658279	34.554405
כספונט	רמת השרון	המעפילים. 15			||||||	0	1	0	32.151262	34.838625
כספונט	בני ברק	רחוב 600/41			||||||	0	1	0	32.104165	34.844334
כספונט	אילת	החותרים 1			||||||	0	1	0	29.557557	34.935615
כספונט	עזריה	גהלין 52			||||||	0	1	0	31.764168	35.280795
כספונט	תל אביב	חוף הילטון			||||||	0	1	0	32.090477	34.768579
כספונט	לקיה	שכונה 11 בית 13			||||||	0	1	0	31.320251	34.881219
כספונט	תל אביב-יפו	בן צבי 35			||||||	0	1	0	32.048778	34.764408
כספונט	תל אביב-יפו	לוינסקי 38			||||||	0	1	0	32.059776	34.772088
כספונט	אבו קרינאת	אבו קרינאת			||||||	0	1	0	31.123639	34.963789
כספונט	ירושלים	הגליל 29			||||||	0	1	0	31.781813	35.209007
כספונט	תל אביב-יפו	אצל 16			||||||	0	1	0	32.053022	34.791251
כספונט	תל אביב-יפו	נווה שאנן 30			||||||	0	1	0	32.058028	34.780282
כספונט	רהט	חביב 24			||||||	0	1	0	31.394698	34.760097
כספונט	בת ים	יקואל 6			||||||	0	1	0	32.008875	34.747048
כספונט	אשדוד	סיני 2			||||||	0	1	0	31.804472	34.644560
כספונט	כפר קאסם	אלסולטן			||||||	0	1	0	32.117039	34.981114
כספונט	בת ים	בלפור 152			||||||	0	1	0	32.011566	34.741835
כספונט	ירושלים	יצחק ארנסט נבנצל 14			||||||	0	1	0	31.770920	35.213714
כספונט	רהט	טארבין			||||||	0	1	0	31.346057	34.734701
כספונט	ירושלים	גדה 29			||||||	0	1	0	31.741048	35.233013
כספונט	תל אביב-יפו	העלייה 22			||||||	0	1	0	32.059061	34.773669
כספונט	אריאל	דלק סונול בכניסה לאריאל			||||||	0	1	0	32.108116	35.163434
כספונט	אילת	אילות			||||||	0	1	0	32.818380	34.998151
כספונט	ירושלים	אל סביל 12			||||||	0	1	0	31.730976	35.227878
כספונט	תל אביב	פיין 8			||||||	0	1	0	32.060114	34.780234
כספונט	סגולה	סגולה			||||||	0	1	0	31.670952	34.780944
כספונט	תל אביב-יפו	פייר קיפמן 6			||||||	0	1	0	32.064193	34.762397
כספונט	תל אביב-יפו	נגבה 1			||||||	0	1	0	32.054781	34.793071
כספונט	רמת גן	זבוטינסקי 116			||||||	0	1	0	32.089477	34.818579
כספונט	ירושלים	אוניברסיטת ירושלים			||||||	0	1	0	31.754918	35.203163
כספונט	טירה	כביש רא			||||||	0	1	0	32.232430	34.954071
כספונט	רמת גן	תל חי כפר אזר			||||||	0	1	0	32.054516	34.842787
כספונט	אלסייד	אלסייד			||||||	0	1	0	31.282823	34.907670
כספונט	ירושלים	חימזא, כביש ראשי			||||||	0	1	0	31.828311	35.232597
כספונט	תל אביב-יפו	פינסקר 28			||||||	0	1	0	32.075137	34.771101
כספונט	נריה	מרכז היישוב			||||||	0	1	0	31.952442	35.129842
כספונט	חדרה	רמבם 16			||||||	0	1	0	32.436036	34.913076
כספונט	אילת	איזמרגד 10			||||||	0	1	0	29.516176	34.922202
כספונט	טירה	כביש ראשי 215			||||||	0	1	0	32.233446	34.951238
כספונט	צפת	מרום כנען 1			||||||	0	1	0	32.985458	35.509391
כספונט	בת ים	בלפור 139			||||||	0	1	0	32.013852	34.742545
כספונט	בת ים	בלפור 90 א			||||||	0	1	0	32.017730	34.745487
כספונט	ראשון לציון	המכבים 42			||||||	0	1	0	31.980183	34.809486
כספונט	תל אביב	סלמה 125			||||||	0	1	0	32.054753	34.776407
כספונט	כפר קאסם	כפר קאסם			||||||	0	1	0	32.112795	34.957027
כספונט	בת ים	ירושלים 2			||||||	0	1	0	32.024506	34.740971
כספונט	בית אל	בכניסה לשער בית אל			||||||	0	1	0	31.935146	35.223518
כספונט	תל אביב-יפו	מנחם בגין 65			||||||	0	1	0	32.067334	34.785346
כספונט	ראשון לציון	גבעתי 1			||||||	0	1	0	31.967833	34.817017
כספונט	ירושלים	הרב שמואל גדליה נימן 1			||||||	0	1	0	31.840867	35.248066
כספונט	ירושלים	הורקניה 4			||||||	0	1	0	31.755738	35.202967
כספונט	ירושלים	עיר דוד 17			||||||	0	1	0	31.771304	35.233075
כספונט	ג'אבל מוכבר	כביש ראשי			||||||	0	1	0	31.754852	35.240099
כספונט	תל אביב-יפו	סלמה 140			||||||	0	1	0	32.054147	34.778345
כספונט	כפר חיטים	כפר חיטים			||||||	0	1	0	32.799623	35.502851
כספונט	ירושלים	צור באהר			||||||	0	1	0	31.739197	35.232817
כספונט	פתח תקווה	שנקר אריה 8 delek			||||||	0	1	0	32.094132	34.855555
כספונט	הרצליה	הדר 2			||||||	0	1	0	32.167346	34.849122
כספונט	נתניה	גד מכנס 14			||||||	0	1	0	32.328293	34.849050
שפע משה בע״מ	פתח תקווה	רחל המשוררת 12			||||||	1	1	0	32.085802	34.894330
שפע משה בעמ	קריית אונו	הביטחון 3			||||||	1	1	0	32.049272	34.861592
סוויט אנד גוסי בע"מ	פתח תקווה	רפאל איתן 3			||||||	1	1	0	32.103336	34.882194
סופר יודה	תל אביב	אבן גבירול 73			||||||	1	1	0	32.083394	34.781140
סופר יודה	תל אביב	דיזינגוף 215			||||||	1	1	0	32.089032	34.775326
סופר יודה	תל אביב	בוגרשוב 19			||||||	1	1	0	32.077198	34.769462
סופר יודה	תל אביב	קינג גורג 39			||||||	1	1	0	32.073149	34.774799
סופר יודה	תל אביב	בן יהודה 224			||||||	1	1	0	32.091862	34.774707
סופר יודה	תל אביב	בן יהודה 164			||||||	1	1	0	32.086826	34.773039
	תל אביב-יפו	הרצל, 50			||||||	1	1	0	32.058937	34.770660
סופר יודה	תל אביב-יפו	נחלת בנימין, 37			||||||	1	1	0	32.065848	34.770722
סופר יודה	תל אביב	פינסקר, 59			||||||	1	1	0	32.076951	34.772716
סופר יודה	תל אביב	איינשטין 9			||||||	1	1	0	32.112572	34.790829
סופר יודה	תל אביב	יהודה מכבי 72			||||||	1	1	0	32.094311	34.794181
סופר יודה	תל אביב	ריינס 62			||||||	1	1	0	32.083129	34.776354
סופר יודה	תל אביב	אלנבי 29			||||||	1	1	0	32.072607	34.769094
סופר יודה	תל אביב	חשמונאים 95			||||||	1	1	0	32.069652	34.783801
סופר יודה	תל אביב	בארט 6			||||||	1	1	0	32.114020	34.799379
סופר יודה	רמת השרון	אוסישקין, 43			||||||	1	1	0	32.141644	34.842749
סופר יודה	תל אביב	בן יהודה 32			||||||	1	1	0	32.076327	34.768247
סופר יודה	תל אביב	בן ציון 3			||||||	1	1	0	32.073925	34.775990
סופר יודה	תל אביב	בן יהודה, 109			||||||	1	1	0	32.084697	34.772195
סופר יודה	תל אביב	ישעיהו 1			||||||	1	1	0	32.095057	34.778635
סופר יודה	תל אביב-יפו	דיזנגוף, 100			||||||	1	1	0	32.079415	34.773997
צעצועון עידן חדש א.א.ק בע"מ	בת ים	בלפור 86			||||||	1	1	0	32.018869	34.745373
ויק תקשורת בן לאומית	תל אביב	לוינסקי 107			||||||	1	1	0	32.056775	34.780100
סופר ברקת	נס ציונה	החורש 9			||||||	1	1	0	31.923034	34.801168
סופר ברקת	לוד	היוצרים 3			||||||	1	1	0	31.968814	34.892310
סופר ברקת	תל אביב	שלבים 27			||||||	1	1	0	32.054133	34.765061
סופר ברקת	חולון	לאנדאו 16 קרית בן גוריון			||||||	1	1	0	31.999707	34.765329
סופר ברקת	תל אביב	קיבוץ גלויות 106			||||||	1	1	0	32.047888	34.777413
סופר ברקת	רמת השרון	סוקולוב 67			||||||	1	1	0	32.145527	34.838153
סופר ברקת	ראשון לציון	הנגבה 24 קרת גנים			||||||	1	1	0	31.963448	34.778751
סופר ברקת	גבעת שמואל	הזיתים 96			||||||	1	1	0	32.085693	34.852513
סופר ברקת	יהוד-מונוסון	התעשיה 29			||||||	1	1	0	32.028326	34.900088
סופר ברקת	נס ציונה	סנונית 18			||||||	1	1	0	31.907288	34.783970
סופר ברקת	ראשון לציון	משה בקר 17			||||||	1	1	0	31.976386	34.808357
	חדרה	שדרות רוטשילד, 62			||||||	1	1	0	32.439370	34.921750
	קריית ביאליק	שדרות וייצמן 24			||||||	1	0	0	32.823616	35.082087
	30075	כפר קרע			||||||	1	0	0	32.505479	35.055803
	ביר אל-מכסור	שכונת אלביר			||||||	1	0	0	32.772877	35.220753
	תל אביב-יפו	לוינסקי 77			||||||	1	0	0	32.058816	34.775301
	נס ציונה	החרש 16			||||||	1	0	0	31.923026	34.801926
	אשקלון	שדרות דוד בן גוריון 18			||||||	1	0	0	31.663151	34.564859
	2455301	עכו			||||||	1	0	0	32.919793	35.093207
	אילת	אילות 31			||||||	1	0	0	29.559463	34.949435
	אשדוד	דרך הרכבת 1			||||||	1	0	0	31.776420	34.664153
	קרית גת	ישראל פולק			||||||	1	0	0	31.599708	34.774713
	חדרה	הרב בוזגלו 3			||||||	1	0	0	32.439753	34.887880
	נתניה	בני ברמן 2			||||||	1	0	0	32.279143	34.847047
	תל אביב-יפו	יסוד המעלה 42			||||||	1	0	0	32.057634	34.781113
	Omer	Derekh Hebron & 60			||||||	1	0	0	31.261399	34.832245
	6527113	תל אביב-יפו			||||||	1	0	0	32.045459	34.758481
	ירושלים	פינס 2			||||||	1	0	0	31.785909	35.215217
	נתיבות	יוסף סמלו 12			||||||	1	0	0	31.421641	34.599383
	בני ברק	הרב אברהם יצחק הכהן קוק 4			||||||	1	0	0	32.087586	34.827085
	נתניה	שדרות חיים וייצמן 11			||||||	1	0	0	32.329729	34.858494
	בני ברק	ביל"ו 9			||||||	1	0	0	32.091629	34.834162
	0078503	אשקלון			||||||	1	0	0	31.683272	34.569874
	רמלה	משה לוי 17			||||||	1	0	0	31.930789	34.850127
	באר שבע	נחום שריג 50			||||||	1	0	0	31.285956	34.806147
	רחובות	כרמל 74			||||||	1	0	0	31.906508	34.820485
	ביתר עילית	רחוב החוזה מלובלין 12			||||||	1	0	0	31.698840	35.106272
	אילת	המלאכה 12			||||||	1	0	0	29.564084	34.956795
	אשקלון	ההסתדרות 10			||||||	1	0	0	31.659970	34.561630
	חולון	צבי תדמור 12			||||||	1	0	0	32.013793	34.777206
	ערערה	ערערה/כביש ראשי 6			||||||	1	0	0	32.494389	35.097412
	חיפה	שדרות בת גלים 1			||||||	1	0	0	32.834057	34.976850
	ירושלים	יפו 17			||||||	1	0	0	31.780230	35.222704
	אילת	הפלמ"ח 1			||||||	1	0	0	29.549788	34.953916
	דימונה	חרוב 26			||||||	1	0	0	31.079954	35.041381
	נצרת	5053			||||||	1	0	0	32.696085	35.287267
	7015001	נמל התעופה בן גוריון			||||||	1	0	0	32.000447	34.870610
	כפר יונה	שדרות רבין 1			||||||	1	0	0	32.320919	34.924596
	אשקלון	עליית הנוער 7			||||||	1	0	0	31.660285	34.570383
	אור עקיבא	שדרות הנשיא וייצמן 19			||||||	1	0	0	32.509974	34.919918
	לוד	ארבע עונות 12			||||||	1	0	0	31.958942	34.880739
	הרצליה	רמת ים 60			||||||	1	0	0	32.171472	34.800560
	חולון	אילת 58			||||||	1	0	0	32.013453	34.764787
	רחובות	הרצל 183			||||||	1	0	0	31.899487	34.809898
	ראשון לציון	ז'בוטינסקי 16			||||||	1	0	0	31.961964	34.800834
	עתלית	הלוחמים 27			||||||	1	0	0	32.685643	34.942683
	אשדוד	רוגוזין 15			||||||	1	0	0	31.805495	34.643557
	אשקלון	שני אליהו 3			||||||	1	0	0	31.651755	34.554007
	7408913	נס ציונה			||||||	1	0	0	31.930652	34.797472
	5322205	גבעתיים			||||||	1	0	0	32.078933	34.809824
	3465712	חיפה			||||||	1	0	0	32.794987	34.996389
	כפר מעש	האילנות 2			||||||	1	0	0	32.066144	34.891981
	3109601	חיפה			||||||	1	0	0	32.832938	34.985757
	96050	טירת כרמל			||||||	1	0	0	32.783177	34.959534
	7639240	רחובות			||||||	1	0	0	31.892011	34.789700
	אום אל-פחם	שרפה			||||||	1	0	0	32.519134	35.161525
	6264605	תל אביב-יפו			||||||	1	0	0	32.086053	34.778775
	Tel Aviv-Yafo	Ha-Rav Alnekave St 78			||||||	1	0	0	32.053052	34.804499
	נוף הגליל	שדרות השושנים 30			||||||	1	0	0	32.694281	35.310332
	7404728	נס ציונה			||||||	1	0	0	31.921045	34.792830
	5842402	חולון			||||||	1	0	0	32.023555	34.797671
	4440514	כפר סבא			||||||	1	0	0	32.177500	34.903405
	5645001	יהוד			||||||	1	0	0	32.030443	34.878183
	5822012	חולון			||||||	1	0	0	32.036031	34.762707
	4428164	כפר סבא			||||||	1	0	0	32.180855	34.897251
	3820302	חדרה			||||||	1	0	0	32.451313	34.895778
	ראשון לציון	יהודה לייב פינסקר 46			||||||	1	0	0	31.970360	34.807394
	רהט	בדר			||||||	1	0	0	31.398388	34.751830
	רחובות	כרמל 76			||||||	1	0	0	31.905644	34.820354
	לוד	הרצוג 17			||||||	1	0	0	31.956216	34.897677
	אשדוד	שבט לוי 14			||||||	1	0	0	31.777812	34.636610
	מודיעין מכבים רעות	עמק זבולון 24			||||||	1	0	0	31.907326	34.998225
	תל אביב-יפו	דרך ההגנה 8			||||||	1	0	0	32.054375	34.782954
	חיפה	צפרירים 2			||||||	1	0	0	32.797094	34.983861
	גדרה	הביל"ויים 9			||||||	1	0	0	31.814976	34.772745
	חדרה	הגיבורים 70			||||||	1	0	0	32.436517	34.923123
	בת ים	שדרות העצמאות 64			||||||	1	0	0	32.028354	34.749393
	תל אביב יפו	דרך שלמה 127			||||||	1	0	0	32.054793	34.776481
	תל אביב יפו	עולי ציון 26			||||||	1	0	0	32.051910	34.757861
	קרית גת	שבטי ישראל 72			||||||	1	0	0	31.617419	34.768840
	עפולה	יצחק שדה 4			||||||	1	0	0	32.633000	35.325502
	טבריה	הגליל 1			||||||	1	0	0	32.787946	35.539421
	אשדוד	הציונות 11			||||||	1	0	0	31.788525	34.641709
	רחובות	הרצל 147			||||||	1	0	0	31.895100	34.811364
	שדרות	נאות אשכול			||||||	1	0	0	31.523405	34.600218
	חולון	ירמיהו 49			||||||	1	0	0	32.016943	34.798006
	תל אביב יפו	לוינסקי 108			||||||	1	0	0	32.056077	34.779530
	קרית גת	שדרות לכיש 63			||||||	1	0	0	31.614514	34.767166
	רהט	שכונה 25			||||||	1	0	0	31.392683	34.762501
	באר שבע	רמח"ל 10			||||||	1	0	0	31.256452	34.791658
	בני ברק	רבי עקיבא 49			||||||	1	0	0	32.087390	34.828510
	אשדוד	שדרות רוטשילד 30			||||||	1	0	0	31.770046	34.633232
	ערד	חן 32			||||||	1	0	0	31.257378	35.210461
	טבריה	הגליל 44			||||||	1	0	0	32.784909	35.540899
	זכרון יעקב	המייסדים 56			||||||	1	0	0	32.573876	34.954037
	גדרה	וייצמן 21			||||||	1	0	0	31.816829	34.781373
	אשקלון	אפרים צור 17			||||||	1	0	0	31.655453	34.566922
	אילת	שדרות ששת הימים 264			||||||	1	0	0	29.549178	34.935962
	קרית גת	הר מירון 1			||||||	1	0	0	31.612591	34.775489
	רעננה	אחוזה 198			||||||	1	0	0	32.182736	34.865702
	באר שבע	אביגדור המאירי 27			||||||	1	0	0	31.241265	34.773765
	נהריה	שדרות הגעתון 2			||||||	1	0	0	33.006070	35.098833
	ראשון לציון	הנחשול 30			||||||	1	0	0	31.984393	34.782494
	7015001	נמל התעופה בן גוריון			||||||	1	0	0	32.005532	34.885411
	עפולה	חטיבה תשע			||||||	1	0	0	32.616117	35.288811
	נצרת	אל בישארה 21			||||||	1	0	0	32.703136	35.297970
	כפר סבא	ויצמן 87			||||||	1	0	0	32.175916	34.906397
	נתניה	יחזקאל בן בוזי 15			||||||	1	0	0	32.299850	34.856549
	חולון	סוקולוב 107			||||||	1	0	0	32.022506	34.782948
	עפולה	יהושע חנקין 34			||||||	1	0	0	32.605683	35.288821
	נתניה	פתח תקווה 82			||||||	1	0	0	32.084041	34.887762
	תל אביב יפו	בוגרשוב 11			||||||	1	0	0	32.077495	34.768866
	טירת כרמל	הרצל 39			||||||	1	0	0	32.764531	34.970853
	חיפה	הרצל 39			||||||	1	0	0	32.810008	34.998793
	נהריה	שדרות הגעתון			||||||	1	0	0	33.006630	35.094561
	טבריה	הירקון 1			||||||	1	0	0	32.786855	35.540688
	ריינה	כיכר ריינה			||||||	1	0	0	32.730019	35.321812
	ראשון לציון	טרכטנברג 16			||||||	1	0	0	31.971379	34.801990
	תל אביב יפו	הכרמל 7			||||||	1	0	0	32.067857	34.767883
	שפרעם	עין עאפיה			||||||	1	0	0	32.811067	35.186147
	עכו	לוחמי הגטאות 57			||||||	1	0	0	32.926635	35.078411
	ירושלים	התנופה 6			||||||	1	0	0	31.750940	35.216478
	חיפה	הרצל 45			||||||	1	0	0	32.809149	34.999562
	ירושלים	המלך גורג 21			||||||	1	0	0	31.780947	35.216144
	ראשון לציון	ביאליק 1			||||||	1	0	0	31.964123	34.801921
	ירושלים	יפו 49			||||||	1	0	0	31.782993	35.218099
	תל אביב-יפו	דרך מנחם בגין 132			||||||	1	0	0	32.074596	34.791868
	רהט	כביש ראשי 2			||||||	1	0	0	31.397581	34.762688
	ירושלים	הרב ש. שאולזון 56			||||||	1	0	0	31.786140	35.173701
	אילת	רחוב השחם 241			||||||	1	0	0	29.562692	34.950954
	צפת	ירושלים 118			||||||	1	0	0	32.968433	35.497044
	טמרה	טמרה א'/כביש ראשי			||||||	1	0	0	32.855320	35.187874
	תל אביב יפו	יפת 128			||||||	1	0	0	32.042742	34.751883
	רחובות	הרצל 185			||||||	1	0	0	31.899683	34.809811
	ירושלים	אורוגואי 3			||||||	1	0	0	31.760910	35.176865
	ירושלים	בית הדפוס 12			||||||	1	0	0	31.786434	35.188403
	חיפה	דרך אלנבי 34			||||||	1	0	0	32.818937	34.993306
	ירושלים	יפו 60			||||||	1	0	0	31.783496	35.217299
	תל אביב יפו	שינקין 2			||||||	1	0	0	32.069795	34.770741
	ירושלים	בית הדפוס 3			||||||	1	0	0	31.785838	35.191147
	אשדוד	קיבוץ גלויות 1			||||||	1	0	0	31.806427	34.652639
	גבעתיים	עמישב 45			||||||	1	0	0	32.061691	34.806417
	בסמ"ה	ברטעה			||||||	1	0	0	32.475484	35.091973
	קרית מלאכי	זבוטינסקי 2			||||||	1	0	0	31.725701	34.743817
	רעננה	אחוזה 176			||||||	1	0	0	32.182139	34.867972
	נתניה	שוהם 21			||||||	1	0	0	32.330332	34.859827
	רמת השרון	אוסישקין 24			||||||	1	0	0	32.139370	34.842232
	ירושלים	ישעיהו 21			||||||	1	0	0	31.787998	35.218349
	מעלה אדומים	דרך צמח השדה 33			||||||	1	0	0	31.767621	35.302716
	רמלה	זבוטינסקי 15			||||||	1	0	0	31.925783	34.874457
	ירושלים	יחיאל מיכל פינס 6			||||||	1	0	0	31.786276	35.215324
	ירושלים	אגריפס 131			||||||	1	0	0	31.784837	35.210508
	נתיבות	חיל אוויר 18			||||||	1	0	0	31.425672	34.583861
	ירושלים	שמואל הנביא 99			||||||	1	0	0	31.796207	35.219078
	בני ברק	זאב זבוטינסקי 174			||||||	1	0	0	32.092483	34.840240
	פתח תקווה	הסיבים 2			||||||	1	0	0	32.091784	34.856856
	ירושלים	בן הלל 1			||||||	1	0	0	31.782259	35.217257
	תל אביב יפו	ליאונרדו דה וינצי 9			||||||	1	0	0	32.073393	34.784731
	כפר סבא	עתיר ידע 4			||||||	1	0	0	32.165257	34.927726
	נתניה	דרך רזיאל 1			||||||	1	0	0	32.327439	34.861425
	חולון	שדרות דב הוז 35			||||||	1	0	0	32.023177	34.766186
	שוהם	מצפה 22			||||||	1	0	0	32.789526	35.019555
	אשדוד	רוגוזין 1			||||||	1	0	0	31.808058	34.645135
	דימונה	השיבולים 3			||||||	1	0	0	31.063094	35.030702
	באר שבע	מבצע עובדה 52			||||||	1	0	0	31.259973	34.776890
	אשדוד	רבי יהודה הנשיא 8			||||||	1	0	0	31.791612	34.665679
	פתח תקווה	ראשון לציון 1			||||||	1	0	0	32.099672	34.875931
	ראשון לציון	ירושלים 14			||||||	1	0	0	31.961901	34.808795
	כרמיאל	העמק 1			||||||	1	0	0	32.921440	35.303219
	בני ברק	מנחם בגין 12			||||||	1	0	0	32.092447	34.827770
	ירושלים	הפרסה 26			||||||	1	0	0	31.750601	35.212544
	4959142	פתח תקווה			||||||	1	0	0	32.084660	34.886405
	ירושלים	עמק רפאים 31			||||||	1	0	0	31.764132	35.220342
	טירת כרמל	הרצל 58			||||||	1	0	0	32.766340	34.969600
	בת ים	ירושלים 53			||||||	1	0	0	32.025957	34.751298
	רמלה	אצ"ל 14			||||||	1	0	0	31.928372	34.875211
	אשדוד ים	גיא אוני 1			||||||	1	0	0	31.785778	34.661225
	רמלה	ישראל פרנקל 25			||||||	1	0	0	31.934620	34.862837
	נתניה	שדרות בנימין 2			||||||	1	0	0	32.328189	34.858240
	חיפה	שדרות הציונות 1			||||||	1	0	0	32.818583	34.993741
	קדימה צורן	הרב אברהם אביקסיס 4			||||||	1	0	0	32.273552	34.911614
	יהוד מונוסון	אלטלף 11			||||||	1	0	0	32.028491	34.898894
	בת ים	ניצנה 2			||||||	1	0	0	32.026918	34.758819
	נתניה	שדרות חיים וייצמן 18			||||||	1	0	0	32.330580	34.859131
	ירושלים	נור א דין			||||||	1	0	0	31.785524	35.235167
	נתב"ג	גולן 1			||||||	1	0	0	31.987982	34.914164
	תל אביב-יפו	הרצל 1			||||||	1	0	0	32.063468	34.769939
	תל אביב-יפו	החשמונאים 15			||||||	1	0	0	32.071516	34.775478
	תל אביב-יפו	העלייה 1			||||||	1	0	0	32.060501	34.774064
	תל אביב-יפו	בלפור			||||||	1	0	0	32.067457	34.774743
	תל אביב-יפו	החשמונאים 41			||||||	1	0	0	32.070866	34.777639
	תל אביב-יפו	שלמה המלך			||||||	1	0	0	32.081109	34.777519
	תל אביב-יפו	ראול ולנברג			||||||	1	0	0	32.110105	34.837381
	תל אביב-יפו	הדולפין			||||||	1	0	0	32.049571	34.750363
	תל אביב-יפו	דרך משה דיין 7			||||||	1	0	0	32.047252	34.798742
	תל אביב-יפו	יהודה בורלא			||||||	1	0	0	32.108183	34.790575
	תל אביב-יפו	שדרות רוטשילד 65			||||||	1	0	0	32.065176	34.776242
	תל אביב-יפו	ויצמן? 29			||||||	1	0	0	32.082014	34.788621
	זכרון יעקב	בזלת 4			||||||	1	0	0	32.565274	34.941575
	נוף הגליל	אזור תעשייה ב			||||||	1	0	0	32.703241	35.322170
	תל אביב-יפו	שדרות בן גוריון 2			||||||	1	0	0	32.085299	34.770216
	קרית אונו	יצחק רבין			||||||	1	0	0	32.064633	34.863759
	תל אביב-יפו	שדרות רוטשילד 180			||||||	1	0	0	32.062905	34.770601
	תל אביב-יפו	בזל 3			||||||	1	0	0	32.090417	34.776259
	קדימה צורן	דרך לב השרון			||||||	1	0	0	32.287673	34.945224
	תל אביב-יפו	איינשטיין 20			||||||	1	0	0	32.111964	34.790177
	תל אביב-יפו	שדרות ירושלים 15			||||||	1	0	0	32.054525	34.759731
	תל אביב-יפו	שדרות ירושלים			||||||	1	0	0	32.042905	34.757222
	תל אביב-יפו	שדרות בן גוריון 84			||||||	1	0	0	32.081888	34.778744
	תל אביב-יפו	הרצל			||||||	1	0	0	32.054457	34.770838
	ראשון לציון	יוסף ספיר 55			||||||	1	0	0	31.994386	34.751978
	תל אביב-יפו	בוני העיר 9			||||||	1	0	0	32.101095	34.783356
	תל אביב-יפו	שלמה אבן גבירול 124			||||||	1	0	0	32.086760	34.782537
	תל אביב-יפו	אחד העם 55			||||||	1	0	0	32.067049	34.776711
	תל אביב-יפו	בן יהודה 79			||||||	1	0	0	32.081310	34.770400
	תל אביב-יפו	שלמה אבן גבירול 157			||||||	1	0	0	32.091314	34.782584
	תל אביב-יפו	צה"ל			||||||	1	0	0	32.122714	34.829549
	תל אביב-יפו	דיזנגוף 279			||||||	1	0	0	32.095585	34.776063
	תל אביב-יפו	יגאל אלון 76			||||||	1	0	0	32.065246	34.792633
	תל אביב-יפו	מקס ברוד			||||||	1	0	0	32.126285	34.828300
	תל אביב-יפו	פלורנטין			||||||	1	0	0	32.056273	34.770149
	תל אביב-יפו	דרויאנוב 5			||||||	1	0	0	32.076898	34.771928
	תל אביב-יפו	זריצקי			||||||	1	0	0	32.114621	34.791159
	תל אביב-יפו	המלך ג'ורג' 58			||||||	1	0	0	32.075256	34.776370
	תל אביב-יפו	מאיר יערי 27			||||||	1	0	0	32.100082	34.788872
	תל אביב-יפו	שדרות רוטשילד 49			||||||	1	0	0	32.064386	34.775161
	דאלית אל-כרמל	ואדי אלפאש			||||||	1	0	0	32.697128	35.054497
	תל אביב-יפו	דרך מנחם בגין			||||||	1	0	0	32.074077	34.792203
	תל אביב-יפו	הברזל 20			||||||	1	0	0	32.107720	34.838049
	תל אביב-יפו	ויצמן? 6			||||||	1	0	0	32.080126	34.789882
	אופקים	אופקים			||||||	1	0	0	31.321738	34.634239
	ראשון לציון	גולדה מאיר 1			||||||	1	0	0	31.967552	34.785271
	נצרת	73			||||||	1	0	0	32.657859	35.292515
	תל אביב-יפו	דיזנגוף 27			||||||	1	0	0	32.074244	34.777769
	תל אביב-יפו	זרובבל			||||||	1	0	0	32.070505	34.765054
	נתניה	המלאכה 4			||||||	1	0	0	32.277301	34.857545
	גדרה	חיים הרצוג 1			||||||	1	0	0	31.800883	34.783580
	כרמיאל	משגב 15			||||||	1	0	0	32.918544	35.295827
	מעלות תרשיחא	הרב קוק 18			||||||	1	0	0	33.014576	35.282266
	תל אביב-יפו	חירותנו 2			||||||	1	0	0	32.047082	34.791851
	תל אביב-יפו	נדב 4			||||||	1	0	0	32.048013	34.794228
	חיפה	יל"ג 21			||||||	1	0	0	32.805653	35.003853
	חולון	סוקולוב 101			||||||	1	0	0	32.022541	34.782240
	רחובות	הרצל 105			||||||	1	0	0	31.890637	34.812626
	גבעתיים	כצנלסון 58			||||||	1	0	0	32.075113	34.808374
	תל אביב יפו	ארלוזורוב 53			||||||	1	0	0	32.086128	34.778764
	יבנה	הדרור 25			||||||	1	0	0	31.875425	34.744274
	פתח תקווה	יעל רום 8			||||||	1	0	0	32.098174	34.880737
	רמלה	עוזי חיטמן 44			||||||	1	0	0	31.917264	34.868204
	באר שבע	אברבנאל 20			||||||	1	0	0	31.254788	34.769161
	באר שבע	שטיין ריכרד 3			||||||	1	0	0	31.265710	34.770802
	פתח תקווה	אבשלום גיסין 37			||||||	1	0	0	32.098269	34.875637
	תל אביב יפו	פיקוס 15			||||||	1	0	0	32.035802	34.751429
	לוד	חיים ארלוזורוב 13			||||||	1	0	0	31.945600	34.889667
	בני ברק	זאב זבוטינסקי 129			||||||	1	0	0	32.092829	34.840247
	תל אביב יפו	עבודת ישראל 4			||||||	1	0	0	32.042438	34.752101
	באר שבע	מבצע נחשון 4			||||||	1	0	0	31.259074	34.781713
	כפר סבא	י. כהן 1			||||||	1	0	0	32.186709	34.904706
	תל אביב יפו	רציף הרברט סמואל 56			||||||	1	0	0	32.073084	34.764996
	תל אביב יפו	בן יהודה 124			||||||	1	0	0	32.084266	34.772264
	אשדוד	שלמה בן יוסף 10			||||||	1	0	0	31.794382	34.656487
	40547	אבן יהודה			||||||	1	0	0	32.268208	34.879496
	נתניה	לילינבלום 15			||||||	1	0	0	32.325112	34.859519
	אשדוד	רוגוזין 11			||||||	1	0	0	31.806475	34.643994
	רמת גן	זבוטינסקי 155			||||||	1	0	0	32.086041	34.794979
	אשקלון	אבימלך 26			||||||	1	0	0	31.652983	34.580938
	דימונה	מרחבים 103			||||||	1	0	0	31.074662	35.035258
	אשדוד	נחל קישון 5			||||||	1	0	0	31.787074	34.632037
	תל אביב יפו	המלך גורג 46			||||||	1	0	0	32.073531	34.775210
	אשדוד	גיא אוני 14			||||||	1	0	0	31.784967	34.659601
	טבריה	יצחק בן צבי 1001			||||||	1	0	0	32.775952	35.514783
	באר שבע	חיים נחמן ביאליק 28			||||||	1	0	0	32.081529	34.814994
	רמת גן	הרצל 55			||||||	1	0	0	32.084605	34.815193
	בת ים	שאול בר 3			||||||	1	0	0	32.027450	34.746354
	קרית גת	שדרות מלכי ישראל 142			||||||	1	0	0	31.607999	34.756882
	ראשון לציון	אחד העם 15			||||||	1	0	0	31.962885	34.807749
	ראש העין	המרץ 21			||||||	1	0	0	32.105437	34.940757
	בת ים	דרך בן גוריון 91			||||||	1	0	0	32.017652	34.738876
	באר שבע	דרך חברון 143			||||||	1	0	0	31.241440	34.803560
	נתניה	שדרות פנחס לבון 18			||||||	1	0	0	32.283276	34.853589
	קרית אתא	זבולון 11			||||||	1	0	0	32.804848	35.102401
	דימונה	שדרות הנשיא 13			||||||	1	0	0	31.061244	35.025590
	בת ים	בלפור 60			||||||	1	0	0	32.023638	34.745130
	באר שבע	שכונה ב'			||||||	1	0	0	31.254991	34.787888
	ערד	יהודה 32			||||||	1	0	0	31.255412	35.208231
	הרצליה	קדושי השואה 54			||||||	1	0	0	32.170666	34.803408
	תל אביב יפו	יפת 60			||||||	1	0	0	32.047739	34.752339
	רחובות	הרצל 184			||||||	1	0	0	31.897173	34.810948
	תל אביב יפו	המלך גורג 53			||||||	1	0	0	32.074384	34.775463
	נתיבות	שדרות ירושלים 35			||||||	1	0	0	31.423515	34.597638
	תל אביב יפו	יפו			||||||	1	0	0	32.049357	34.758355
	בת ים	בלפור 46			||||||	1	0	0	32.025716	34.745078
	תל אביב יפו	המלך גורג 49			||||||	1	0	0	32.073951	34.775162
	ראשון לציון	רוטשילד 25			||||||	1	0	0	31.964054	34.804030
	קרית מלאכי	שדרות ירושלים			||||||	1	0	0	31.728622	34.741058
	5327316	גבעתיים			||||||	1	0	0	32.075850	34.817108
	רמת גן	שדרות ירושלים 34			||||||	1	0	0	32.074571	34.822340
	דימונה	כביש 25			||||||	1	0	0	31.059932	35.020314
	דימונה	דרך דוד בן גוריון 52			||||||	1	0	0	31.074178	35.034866
	עפולה	משה שרת 11			||||||	1	0	0	32.609939	35.286460
	תל אביב יפו	שדרות ירושלים 65			||||||	1	0	0	32.049061	34.758935
	אשדוד	הפלדה 10			||||||	1	0	0	31.833783	34.680689
	שפרעם	עג'רוש			||||||	1	0	0	32.804110	35.176687
	פתח תקווה	שולמית 2			||||||	1	0	0	32.077059	34.900478
	נתיבות	שדרות ירושלים 102			||||||	1	0	0	31.422108	34.591158
	חולון	מסילת העולים 8			||||||	1	0	0	32.001697	34.763632
	פרדס חנה כרכור	ההסתדרות 94			||||||	1	0	0	32.466643	34.977486
	תל אביב-יפו	הברזל 21			||||||	1	0	0	32.108680	34.838714
	תל אביב יפו	אצ"ל 78			||||||	1	0	0	32.047804	34.793567
	קרית מלאכי	שדרות רש"י 3			||||||	1	0	0	31.728786	34.748463
	Netivot	Smilo 9			||||||	1	0	0	31.421789	34.599398
	פרדס חנה כרכור	המייסדים 33			||||||	1	0	0	32.471218	34.989966
	אופקים	שדרות הרצל 40			||||||	1	0	0	31.314583	34.621080
	באר שבע	נחום שריג 31			||||||	1	0	0	31.282832	34.805806
	אשדוד	משה אבן עזרא 23			||||||	1	0	0	31.796534	34.648841
	רמת השרון	סוקולוב 22			||||||	1	0	0	32.140170	34.836287
	נתיבות	הרב צבאן 429			||||||	1	0	0	31.420952	34.577570
	קרית שמונה	יעקב מלול 6			||||||	1	0	0	33.221237	35.571171
	חולון	אריה שנקר 43			||||||	1	0	0	32.023155	34.776511
	תל אביב-יפו	בן יהודה 8			||||||	1	0	0	32.073772	34.768351
	רמת גן	חיים לנדאו 7			||||||	1	0	0	32.071530	34.828277
	קרית גת	תחנה מרכזית/שדרות העצמאות			||||||	1	0	0	31.609356	34.770199
	קרית ים	סטרומה 6			||||||	1	0	0	32.851160	35.069188
	ראשון לציון	נגבה 24			||||||	1	0	0	31.963230	34.778784
	הוד השרון	הבנים 10			||||||	1	0	0	32.156005	34.893249
	ערד	חן 30			||||||	1	0	0	31.257569	35.210820
	יד בנימין	הושע 1			||||||	1	0	0	31.795124	34.820474
	אשדוד	הציונות 11			||||||	1	0	0	31.788197	34.641587
	יבנה	הגלעד 5			||||||	1	0	0	31.873189	34.752364
	נהריה	שדרות הגעתון 20			||||||	1	0	0	33.006557	35.096074
	בני ברק	רבי עקיבא 20			||||||	1	0	0	32.089587	34.826052
	פרדס חנה כרכור	הדקלים 100			||||||	1	0	0	32.475889	34.972633
	תל אביב יפו	יהודה הימית 34			||||||	1	0	0	32.050179	34.753665
	רמת גן	תרצה 19			||||||	1	0	0	32.071768	34.829214
	בני ברק	רש"י 2			||||||	1	0	0	32.085574	34.835239
	רחובות	סעדיה גאון 2			||||||	1	0	0	31.885960	34.808770
	בת ים	בלפור 37			||||||	1	0	0	32.027654	34.745555
	ירושלים	אבו תור			||||||	1	0	0	31.764109	35.232050
	רחובות	הרצל 205			||||||	1	0	0	31.901773	34.808853
	תל אביב יפו	בן יהודה 111			||||||	1	0	0	32.085150	34.772387
	חיפה	מחניים 4			||||||	1	0	0	32.803536	34.986205
	תל אביב יפו	זבוטינסקי 135			||||||	1	0	0	32.086691	34.791894
	טבריה	הפרחים 3			||||||	1	0	0	32.786546	35.539127
	תל אביב יפו	דרך שלמה			||||||	1	0	0	32.054764	34.770634
	אילת	דרך יותם			||||||	1	0	0	29.553997	34.935506
	עפולה	הרב נחום לוין 1			||||||	1	0	0	32.609456	35.288378
	תל אביב יפו	שדרות ירושלים 39			||||||	1	0	0	32.051816	34.759361
	גן יבנה	הרצל 4			||||||	1	0	0	31.789519	34.712237
	אופקים	שדרות הרצל 61			||||||	1	0	0	31.311535	34.621578
	אשדוד	משה אבן עזרא 23			||||||	1	0	0	31.796471	34.648787
	נתניה	הנביאים 16			||||||	1	0	0	32.296796	34.857230
	נהריה	הרצל 46			||||||	1	0	0	33.009049	35.096776
	רמת גן	עוזיאל 56			||||||	1	0	0	32.074790	34.823008
	יבנה	האלון 1			||||||	1	0	0	31.873962	34.739778
	כפר יונה	עולי הגרדום 75			||||||	1	0	0	32.318942	34.941956
	דימונה	יגאל אלון/מרכז מסחרי			||||||	1	0	0	31.063299	35.033398
	חיפה	הרצל 9			||||||	1	0	0	32.812600	34.996565
	תל אביב יפו	ראול ולנברג 24			||||||	1	0	0	32.111505	34.839348
	באר שבע	קק"ל 63			||||||	1	0	0	31.238290	34.791319
	תל אביב יפו	דיזנגוף 115			||||||	1	0	0	32.080640	34.773649
	רהט	שכונה 18			||||||	1	0	0	31.389731	34.734960
	כרמיאל	שדרות נשיאי ישראל 7			||||||	1	0	0	32.920643	35.303050
	באר שבע	קישון 1			||||||	1	0	0	31.224331	34.818764
	אשקלון	יהודה הלוי			||||||	1	0	0	31.657690	34.563814
	תל אביב יפו	בן יהודה 92			||||||	1	0	0	32.081739	34.770951
	רהט	שכונה 20/כניסה			||||||	1	0	0	31.393295	34.751701
	קרית מוצקין	דרך עכו 14			||||||	1	0	0	32.824601	35.079623
	רמלה	ח.נ. ביאליק 5			||||||	1	0	0	31.926553	34.871588
	עפולה	כיכר העצמאות 9			||||||	1	0	0	32.609016	35.289280
	נתניה	יהודה הנשיא 26			||||||	1	0	0	32.338178	34.857398
	ירושלים	אבן יהושע 1			||||||	1	0	0	31.787189	35.220940
	בת ים	אלי כהן 19			||||||	1	0	0	32.014144	34.758926
	בית שמש	ההדר 5			||||||	1	0	0	31.744580	34.977224
	4345673	גבעת שמואל			||||||	1	0	0	32.069273	34.849395
	נתניה	שער הגיא 12			||||||	1	0	0	32.327416	34.857325
	טבריה	שדרות ספיר			||||||	1	0	0	32.790260	35.516754
	עכו	חיים משה שפירא 26			||||||	1	0	0	32.937702	35.077888
	אשדוד	הראשונים 9			||||||	1	0	0	31.809652	34.647354
	אשקלון	ביאליק 12			||||||	1	0	0	31.660944	34.569118
	ירושלים	סור באהר			||||||	1	0	0	31.738650	35.232517
	שפרעם	ג'בור יוסף ג'בור			||||||	1	0	0	32.806137	35.169241
	5822012	חולון			||||||	1	0	0	32.035342	34.762817
	נוף הגליל	חרוד 7			||||||	1	0	0	32.693139	35.315609
	אשקלון	שדרות דרום אפריקה 78			||||||	1	0	0	31.676318	34.564032
	בית שמש	חברון			||||||	1	0	0	31.714033	34.981868
	רחובות	יהודה גור 31			||||||	1	0	0	31.902937	34.810045
	נתניה	הרצל 46			||||||	1	0	0	32.327506	34.859924
	ירושלים	בן סירא 26			||||||	1	0	0	31.778340	35.222620
	כרמיאל	שדרות בית הכרם 24			||||||	1	0	0	32.911736	35.286428
	אשדוד	ז'בוטינסקי 4			||||||	1	0	0	31.811966	34.645138
	אשדוד	הציונות 13			||||||	1	0	0	31.787390	34.643962
	חריש	דרך ארץ 31			||||||	1	0	0	32.463154	35.043188
	תל אביב יפו	שלמה אבן גבירול 95			||||||	1	0	0	32.085549	34.781668
	חיפה	החלוץ 32			||||||	1	0	0	32.810973	34.998937
	ראשון לציון	שדרות יעקב 50			||||||	1	0	0	31.954880	34.821715
	חולון	ההסתדרות 143			||||||	1	0	0	32.015520	34.784395
	ג'דיידה מכר	מכר			||||||	1	0	0	32.935159	35.139039
	תל אביב יפו	דרך ההגנה			||||||	1	0	0	32.053775	34.794117
	בית שאן	הרצל 45			||||||	1	0	0	32.498243	35.498931
	מעלות תרשיחא	מעלה המסגד 12			||||||	1	0	0	33.012314	35.267655
	רהט	28			||||||	1	0	0	31.394848	34.743944
	חולון	אילת 20			||||||	1	0	0	32.021221	34.764958
	חדרה	דוד שמעוני 45			||||||	1	0	0	32.439326	34.909741
	אופקים	שדרות הרצל 8			||||||	1	0	0	31.320803	34.619737
	אילת	אנפה 1			||||||	1	0	0	29.554046	34.945397
	ירושלים	נור א דין			||||||	1	0	0	31.785441	35.235286
	ירושלים	ברל לוקר 4			||||||	1	0	0	31.751004	35.200886
	חדרה	אהרון אהרונסון 34			||||||	1	0	0	32.445980	34.898069
	אילת	שחמון 16			||||||	1	0	0	29.558223	34.942893
	חדרה	דוד שמעוני 40			||||||	1	0	0	32.438402	34.909975
	פתח תקווה	הצנחנים 15			||||||	1	0	0	32.081783	34.898345
	תל אביב יפו	דרך לח"י 14			||||||	1	0	0	32.047285	34.789737
	נהריה	הרצל 53			||||||	1	0	0	33.009127	35.096969
	רמלה	זבוטינסקי 1			||||||	1	0	0	31.926463	34.874777
	לוד	הגיא 1			||||||	1	0	0	31.958289	34.902575
	תל מונד	ד 61			||||||	1	0	0	32.259645	34.921790
	כפר סבא	ויצמן 151			||||||	1	0	0	32.174224	34.913821
	ראש העין	שילה 22			||||||	1	0	0	32.092723	34.956534
	תל אביב יפו	אצ"ל 51			||||||	1	0	0	32.051122	34.791740
	רמת גן	זאב ז'בוטינסקי 149			||||||	1	0	0	32.090814	34.821559
	ירושלים	הרב בלוי			||||||	1	0	0	31.798195	35.219928
	תל אביב יפו	שדרות ירושלים 2			||||||	1	0	0	32.056567	34.759644
	נהריה	דרך יחיעם 7			||||||	1	0	0	33.007463	35.104465
	רמלה	שדרות הרצל 94			||||||	1	0	0	31.926890	34.873159
	ראשון לציון	השדה 14			||||||	1	0	0	31.962583	34.794532
	חולון	יוסף אהרונוביץ 42			||||||	1	0	0	32.008916	34.768897
	ירושלים	העיר העתיקה			||||||	1	0	0	31.776792	35.231034
	נשר	דרך השלום 16			||||||	1	0	0	32.771224	35.045212
	נתניה	יצחק גרינבוים 11			||||||	1	0	0	32.294466	34.851164
	חיפה	הרצליה 36			||||||	1	0	0	32.814464	34.992050
	טבריה	הגליל 14			||||||	1	0	0	32.787209	35.539633
	תל אביב	החשמונאים 1			||||||	1	0	0	32.072117	34.773873
	רמלה	בעל שם טוב			||||||	1	0	0	31.923465	34.874101
	תל אביב יפו	ויצמן?			||||||	1	0	0	32.085556	34.789447
	תל אביב יפו	לוינסקי 92			||||||	1	0	0	32.057425	34.777726
	שוהם	שדרות עמק איילון 30			||||||	1	0	0	31.999028	34.946850
	הרצליה	שדרות בן גוריון 15			||||||	1	0	0	32.165016	34.842782
	ירושלים	יפו 38			||||||	1	0	0	31.781712	35.220315
	הרצליה	שדרות שבעת הכוכבים 14			||||||	1	0	0	32.163624	34.824390
	ירושלים	הנביאים 16			||||||	1	0	0	31.783068	35.227835
	גבעתיים	כצנלסון 12			||||||	1	0	0	32.075109	34.802927
	ביתר עילית	החוזה מלובלין 12			||||||	1	0	0	31.698778	35.106372
	בית שמש	נחל ניצנים 13			||||||	1	0	0	31.713787	34.987555
	גדרה	וייצמן 3			||||||	1	0	0	31.818539	34.775275
	נתיבות	בעלי המלאכה 5			||||||	1	0	0	31.417345	34.594293
	עפולה	קרן היסוד 5			||||||	1	0	0	32.604550	35.286369
	ראשון לציון	שדרות זלמן שניאור			||||||	1	0	0	31.985392	34.787334
	אשדוד	הרב אברמסקי 7			||||||	1	0	0	31.801417	34.659306
	ירושלים	הגננת 216			||||||	1	0	0	31.729804	35.189814
	גבעת שמואל	הזיתים 96			||||||	1	0	0	32.085438	34.852524
	בת ים	בלפור 126			||||||	1	0	0	32.013975	34.742309
	בית שמש	נחל שורק 40			||||||	1	0	0	31.714920	34.987909
	יפיע	201			||||||	1	0	0	32.677971	35.274099
	אילת	שדרות התמרים 13			||||||	1	0	0	29.555356	34.952364
	ירושלים	הצבר 201			||||||	1	0	0	31.729011	35.188959
	חיפה	שדרות בן גוריון 31			||||||	1	0	0	32.820197	34.990672
	אשדוד	דוד וולפסון 1			||||||	1	0	0	31.768899	34.632650
	ירושלים	עזרא 12			||||||	1	0	0	31.790771	35.219329
	נתניה	דוד פנקס 14			||||||	1	0	0	32.321176	34.874245
	נתניה	סמילנסקי 11			||||||	1	0	0	32.327283	34.855238
	רמלה	שדרות בן גוריון 22			||||||	1	0	0	31.923672	34.859664
	חולון	שדרות ירושלים 7			||||||	1	0	0	32.021318	34.786479
	תל אביב יפו	בן יהודה 72			||||||	1	0	0	32.080043	34.770090
	ראש העין	העצמאות 19			||||||	1	0	0	32.096922	34.939652
	נתניה	אחד העם 5			||||||	1	0	0	32.327160	34.859708
	אשדוד	הציונות 30			||||||	1	0	0	31.784965	34.642659
	אור יהודה	יחזקאל קזז 9			||||||	1	0	0	32.031530	34.846762
	קרית ים	שדרות וייצמן 7			||||||	1	0	0	32.849832	35.073037
	אשקלון	הרצל 42			||||||	1	0	0	31.665147	34.586706
	אשקלון	שדרות ירושלים			||||||	1	0	0	31.689225	34.575769
	הרצליה	משכית 22			||||||	1	0	0	32.163821	34.810528
	ירושלים	אגריפס 28			||||||	1	0	0	31.783242	35.215786
	ירושלים	יפו 123			||||||	1	0	0	31.785744	35.211734
	שפרעם	שפרעם/כניסה דרומית			||||||	1	0	0	32.798672	35.170689
	ירושלים	מאה שערים 21			||||||	1	0	0	31.788142	35.220616
	יבנה	שדרות דואני 50			||||||	1	0	0	31.869077	34.745154
	ירושלים	הנביאים 86			||||||	1	0	0	31.785279	35.215241
	ירושלים	הרב הרצוג 61			||||||	1	0	0	31.766295	35.204887
	רמת גן	זאב ז'בוטינסקי 63			||||||	1	0	0	32.086491	34.811251
	רעננה	החרושת 18			||||||	1	0	0	32.196846	34.880194
	בני ברק	רש"י 17			||||||	1	0	0	32.084392	34.835314
	נתניה	סמילנסקי 16			||||||	1	0	0	32.327356	34.854738
	ירושלים	עמוס 13			||||||	1	0	0	31.790008	35.215951
	בית שמש	כיכר נוימן			||||||	1	0	0	31.748863	34.986088
	אילת	שדרות התמרים 37			||||||	1	0	0	29.559346	34.950859
	תל אביב יפו	שדרות ירושלים 30			||||||	1	0	0	32.052423	34.759050
	ראשון לציון	בנימין שמוטקין 6			||||||	1	0	0	31.973094	34.810863
	תל אביב יפו	אילת 58			||||||	1	0	0	32.059505	34.767384
	תל אביב יפו	דיזנגוף 239			||||||	1	0	0	32.091489	34.775897
	נתיבות	בעלי המלאכה 203			||||||	1	0	0	31.417587	34.594735
	רמת גן	שדרות ירושלים 56			||||||	1	0	0	32.074359	34.825732
	רמת גן	השומר 12			||||||	1	0	0	32.081143	34.822330
	בני ברק	הרב ש"ך 16			||||||	1	0	0	32.086989	34.835748
	נשר	הזית 1			||||||	1	0	0	32.773417	35.038859
	נשר	התעשייה 2			||||||	1	0	0	32.776955	35.041229
	תל אביב יפו	דרך שלמה 44			||||||	1	0	0	32.054863	34.767079
	תל אביב יפו	זבוטינסקי 85			||||||	1	0	0	32.088146	34.783066
	חולון	אריה שנקר 50			||||||	1	0	0	32.021651	34.775991
	ירושלים	שמגר 16			||||||	1	0	0	31.794735	35.208509
	רמלה	שדרות הרצל 86			||||||	1	0	0	31.928108	34.871525
	תל אביב-יפו	בן יהודה 230			||||||	1	0	0	32.092284	34.774834
	ראשון לציון	הרצל 41			||||||	1	0	0	31.969195	34.804715
	תל אביב יפו	בן יהודה 135			||||||	1	0	0	32.086897	34.772903
	נתניה	הרצל 30			||||||	1	0	0	32.328424	34.857258
	ירושלים	ת. מרכזית ירושלים קומה 3/רציפים			||||||	1	0	0	31.789654	35.203721
	בני ברק	הרב אברהם יצחק הכהן קוק 16			||||||	1	0	0	32.086669	34.826372
	תל אביב יפו	חנוך 62			||||||	1	0	0	32.051395	34.791244
	אופקים	שדרות הרצל 25			||||||	1	0	0	31.316252	34.621260
	פתח תקווה	חיים עוזר 24			||||||	1	0	0	32.086079	34.887358
	ירושלים	יפו 72			||||||	1	0	0	31.784321	35.215509
	תל אביב יפו	ז'בוטינסקי 18			||||||	1	0	0	32.089453	34.774550
	אשדוד	שבי ציון 17			||||||	1	0	0	31.807890	34.647623
	אופקים	יגאל אלון			||||||	1	0	0	31.313306	34.623423
	ראשון לציון	רוטשילד 120			||||||	1	0	0	31.964862	34.791152
	ירושלים	שדרות גולדה מאיר 255			||||||	1	0	0	31.817500	35.194444
	ראשון לציון	נתן ברניצקי 31			||||||	1	0	0	31.959259	34.796703
	באר שבע	דרך אילת			||||||	1	0	0	31.225543	34.803927
	פרדס חנה כרכור	דרך הבנים 21			||||||	1	0	0	32.476564	34.977752
	תל אביב יפו	דרך שלמה 157			||||||	1	0	0	32.054132	34.779958
	צפת	ירושלים 91			||||||	1	0	0	32.966200	35.495497
	רעננה	אחוזה 109			||||||	1	0	0	32.180118	34.875540
	בני ברק	דוד בן גוריון 31			||||||	1	0	0	32.090212	34.822817
	תל אביב יפו	אהרון בקר 8			||||||	1	0	0	32.122738	34.816430
	ראשון לציון	הרצל 30			||||||	1	0	0	31.969109	34.803978
	בני ברק	זאב זבוטינסקי 7			||||||	1	0	0	32.091760	34.824855
	רמת גן	דרך אבא הלל 301			||||||	1	0	0	32.090674	34.811752
	טבריה	הגליל 2			||||||	1	0	0	32.787938	35.539362
	תל אביב-יפו	שבזי 45			||||||	1	0	0	32.062900	34.766786
	ראשון לציון	הרצל 47			||||||	1	0	0	31.968317	34.803928
	רהט	שכונה 26			||||||	1	0	0	31.387909	34.762897
	לוד	שדרות ירושלים 40			||||||	1	0	0	31.943727	34.889733
	רמלה	שדרות הרצל 23			||||||	1	0	0	31.934445	34.867770
	רמת גן	ביאליק 76			||||||	1	0	0	32.085738	34.811610
	באר שבע	קרן היסוד 9			||||||	1	0	0	31.245998	34.800149
	תל שבע	21			||||||	1	0	0	31.246710	34.868209
	עפולה	כיכר העצמאות 3			||||||	1	0	0	32.609747	35.289457
	קרית מלאכי	שדרות דוד בן גוריון 166			||||||	1	0	0	31.730759	34.736780
	פתח תקווה	נחלת צבי 32			||||||	1	0	0	32.092257	34.890472
	בת ים	בלפור 35			||||||	1	0	0	32.027917	34.745515
	ירושלים	שמאי 23			||||||	1	0	0	31.781319	35.219195
	רמת גן	הרצל 70			||||||	1	0	0	32.085860	34.815226
	רמת גן	זבוטינסקי 64			||||||	1	0	0	32.088529	34.779572
	חולון	אילת 50			||||||	1	0	0	32.015404	34.764763
	רהט	מתחם 5			||||||	1	0	0	31.377415	34.736324
	נתניה	הרצל 6			||||||	1	0	0	32.329890	34.853333
	הרצליה	הנדיב 7			||||||	1	0	0	32.167902	34.840245
	מודיעין מכבים רעות	הלוח העברי 23			||||||	1	0	0	31.917808	35.006615
	דיר חנא	דייר חנא ו'/כביש ראשי			||||||	1	0	0	32.861008	35.372803
	ירושלים	מרכז פסגת זאב			||||||	1	0	0	31.831116	35.241725
	רמלה	סעדיה גאון			||||||	1	0	0	31.922670	34.876069
	טבריה	אלחדיף 27			||||||	1	0	0	32.790938	35.539304
	עפולה	עליית הנוער 4			||||||	1	0	0	32.622228	35.330427
	בת ים	רוטשילד 39			||||||	1	0	0	32.027482	34.749467
	פתח תקווה	בן ציון גליס 18			||||||	1	0	0	32.103957	34.894842
	בית שמש	רבי יוסי בן קיסמא 21			||||||	1	0	0	31.736290	34.997105
	באר שבע	מרדכי מקלף 44			||||||	1	0	0	31.269229	34.777408
	ראש העין	דרך הציונות 18			||||||	1	0	0	32.101652	34.960521
	רמת ישי	האלון			||||||	1	0	0	32.701856	35.169093
	חיפה	הרצל 4			||||||	1	0	0	32.812736	34.995849
	קרית מוצקין	שדרות בן גוריון 84			||||||	1	0	0	32.840150	35.080976
	נהריה	שדרות הגעתון 17			||||||	1	0	0	33.006062	35.097596
	תל אביב יפו	העלייה 52			||||||	1	0	0	32.056651	34.772801
	ירושלים	בית ישראל 19			||||||	1	0	0	31.789817	35.224205
	חולון	יהושע חנקין 84			||||||	1	0	0	32.018718	34.778559
	8808000	אילת			||||||	1	0	0	29.548604	34.967033
	4675238	הרצליה			||||||	1	0	0	32.178700	34.805536
	כפר יונה	רמב"ם 4			||||||	1	0	0	32.318440	34.941605
	בית שמש	נחל דולב 19			||||||	1	0	0	31.713615	34.998322
	הרצליה	סוקולוב 23			||||||	1	0	0	32.167370	34.841035
	ראשון לציון	הגדוד העברי 56			||||||	1	0	0	31.968734	34.810332
	פתח תקווה	טרומפלדור 24			||||||	1	0	0	32.086454	34.878078
	רמת גן	דרך שיבא 2			||||||	1	0	0	32.046710	34.842852
	7836039	אשקלון			||||||	1	0	0	31.672186	34.569074
	טירה	חמזה & טארק עבד אל חי			||||||	1	0	0	32.233336	34.959354
	ראשון לציון	הרצל 78			||||||	1	0	0	31.964178	34.802792
	רמת גן	הירדן 54			||||||	1	0	0	32.064955	34.828241
	ירושלים	בית חנינא			||||||	1	0	0	31.830131	35.225205
	נתניה	שדרות בנימין 26			||||||	1	0	0	32.325017	34.856665
	אור עקיבא	הר סיני			||||||	1	0	0	32.521375	34.916433
	תל אביב יפו	המלך ג'ורג' 5			||||||	1	0	0	32.070428	34.771260
	פתח תקווה	הירקונים 35			||||||	1	0	0	32.100558	34.896926
	קרית ים	מרדכי נמיר 9			||||||	1	0	0	32.844029	35.068031
	אשדוד	משה אבן עזרא 4			||||||	1	0	0	31.800767	34.650284
	בת ים	קרן היסוד 20			||||||	1	0	0	32.004432	34.752982
	הוד השרון	אפק 4			||||||	1	0	0	32.138532	34.897960
	קרית אונו	הכלנית 13			||||||	1	0	0	32.056346	34.864185
	ירושלים	בלפור			||||||	1	0	0	31.772482	35.217041
	בת ים	דרך בן גוריון 63			||||||	1	0	0	32.023444	34.740086
	4802167	ראש העין			||||||	1	0	0	32.093202	34.946144
	נתניה	שער הגיא 10			||||||	1	0	0	32.327533	34.857251
	תל אביב יפו	פיין 8			||||||	1	0	0	32.059932	34.780148
	יבנה	שדרות דואני 46			||||||	1	0	0	31.869229	34.744245
	קרית גת	אליהו הנביא 4			||||||	1	0	0	31.611220	34.765403
	לוד	הנשיא 6			||||||	1	0	0	31.948884	34.893201
	מגדל העמק	הזית 1			||||||	1	0	0	32.676822	35.239328
	כפר סבא	טשרניחובסקי 24			||||||	1	0	0	32.177212	34.893673
	תל אביב יפו	הרוגי מלכות 7			||||||	1	0	0	32.109775	34.832623
	אשדוד	שבי ציון 6			||||||	1	0	0	31.808002	34.645814
	תל אביב יפו	לוינסקי 115			||||||	1	0	0	32.056557	34.780462
	ירושלים	יפו 47			||||||	1	0	0	31.782709	35.218555
	טירת כרמל	הרצל 30			||||||	1	0	0	32.764075	34.971719
	אור עקיבא	הרצוג 2			||||||	1	0	0	32.507715	34.920293
	תל אביב יפו	דרך הטייסים 39			||||||	1	0	0	32.056547	34.806428
	תל אביב יפו	דרך משה דיין 2			||||||	1	0	0	32.047187	34.799156
	מג'ד אל-כרום	כניסה מזרחית ת.ד 90013 מג'דל כרום			||||||	1	0	0	32.920086	35.256712
	קרית גת	שדרת פ"ז 31			||||||	1	0	0	31.607300	34.772778
	צפת	ירושלים 96			||||||	1	0	0	32.966184	35.495678
	נצרת	דרך שפרעם-נצרת			||||||	1	0	0	32.699635	35.303546
	טבריה	הגליל 40			||||||	1	0	0	32.785422	35.540590
	אשקלון	הרצל 85			||||||	1	0	0	31.669093	34.586560
	תל אביב יפו	המלך גורג 40			||||||	1	0	0	32.073122	34.774993
	ירושלים	אברהם שטרן 1			||||||	1	0	0	31.757757	35.180886
	נתניה	שדרות חיים וייצמן 9			||||||	1	0	0	32.329737	34.858614
	עראבה	ואדי אל עין			||||||	1	0	0	32.844896	35.332696
	אופקים	שדרות הרצל 18			||||||	1	0	0	31.318134	34.620199
	קרית עקרון	הרצל 31			||||||	1	0	0	31.859620	34.822910
	חיפה	החלוץ 16			||||||	1	0	0	32.812428	34.997648
	בני ברק	זאב זבוטינסקי 28			||||||	1	0	0	32.091483	34.826511
	רמלה	שדרות הרצל 68			||||||	1	0	0	31.933164	34.868177
	הוד השרון	חנקין 8			||||||	1	0	0	32.159951	34.904453
	רמלה	צה"ל 2			||||||	1	0	0	31.934254	34.858626
	3299001	חיפה			||||||	1	0	0	32.789711	35.007822
	תל אביב יפו	אלנבי 88			||||||	1	0	0	32.066929	34.771366
	תל אביב יפו	אלנבי 119			||||||	1	0	0	32.061721	34.773737
	תל אביב-יפו	אצ"ל			||||||	1	0	0	32.050674	34.791757
	יבנה	שדרות העצמאות 32			||||||	1	0	0	31.871603	34.748196
	חולון	שדרות דב הוז 44			||||||	1	0	0	32.023450	34.765174
	פתח תקווה	חיים עוזר 4			||||||	1	0	0	32.089181	34.885952
	אשדוד	הגדוד העברי 6			||||||	1	0	0	31.792348	34.639043
	תל אביב יפו	פרופסור יחזקאל קויפמן 6			||||||	1	0	0	32.064063	34.762508
	לוד	שדרות צה"ל 28			||||||	1	0	0	31.953587	34.897518
	רעננה	אחוזה 102			||||||	1	0	0	32.180320	34.876927
	גן יבנה	חשמונאים 13			||||||	1	0	0	31.783242	34.691650
	ירושלים	בר אילן 8			||||||	1	0	0	31.795430	35.218887
	נתניה	שדרות ניצה 8			||||||	1	0	0	32.336563	34.852049
	רמת גן	שדרות ירושלים 41			||||||	1	0	0	32.074737	34.823366
	ירושלים	הפסגה 8			||||||	1	0	0	31.770535	35.182077
	יבנה	הנחשול 22			||||||	1	0	0	31.863236	34.739536
	טבריה	הנשיא וייצמן 7			||||||	1	0	0	32.779869	35.514998
	קרית אתא	איינשטיין 14			||||||	1	0	0	32.813457	35.114680
	נצרת	ספאפרה			||||||	1	0	0	32.711628	35.299418
	תל אביב יפו	אלנבי 64			||||||	1	0	0	32.069066	34.770612
	תל אביב יפו	מאיר גרוסמן 25			||||||	1	0	0	32.041052	34.765721
	תל אביב יפו	זבוטינסקי 91			||||||	1	0	0	32.088014	34.783703
	בת ים	דרך בן גוריון 135			||||||	1	0	0	32.013035	34.739079
	ראשון לציון	רוטשילד 60			||||||	1	0	0	31.964009	34.799310
	קרית שמונה	טשרניחובסקי 4			||||||	1	0	0	33.210784	35.568629
	צפת	ירושלים 76			||||||	1	0	0	32.966489	35.494539
	אילת	נמל אילת			||||||	1	0	0	29.532242	34.940428
	ירושלים	יפו 19			||||||	1	0	0	31.781000	35.220887
	גדרה	שדרות מנחם בגין 36			||||||	1	0	0	31.803559	34.784266
	חיפה	כיכר מאירהוף			||||||	1	0	0	32.824562	34.982725
	גבעת שמואל	שדרות מנחם בגין 30			||||||	1	0	0	32.075658	34.854535
	רהט	רהט שכונה 4 בית 98?			||||||	1	0	0	31.392620	34.769271
	פתח תקווה	יוסף פפר 9			||||||	1	0	0	32.091436	34.895753
	יבנה	שדרות דואני 18			||||||	1	0	0	31.873516	34.738788
	אשקלון	ההסתדרות 46			||||||	1	0	0	31.654771	34.555870
	תל אביב יפו	נחלת בנימין 3			||||||	1	0	0	32.069285	34.770295
	ירושלים	המלך ג'ורג'			||||||	1	0	0	31.779357	35.215835
	ראש פינה	דוד שו"ב 59			||||||	1	0	0	32.968489	35.537715
	ראשון לציון	ז'בוטינסקי 18			||||||	1	0	0	31.963160	34.800200
	ראשון לציון	אח"י דקר 6			||||||	1	0	0	31.998548	34.734027
	גבע כרמל	דרך הערבה 56			||||||	1	0	0	32.659400	34.951988
	אשקלון	אייר 1			||||||	1	0	0	31.669744	34.579825
	תל אביב יפו	אלנבי 37			||||||	1	0	0	32.071218	34.769970
	תל אביב יפו	שדרות חב"ד 29			||||||	1	0	0	32.039697	34.753360
	באר שבע	דרך חברון 10			||||||	1	0	0	31.238413	34.795581
	נתניה	אפרים אלנקווה 4			||||||	1	0	0	32.294913	34.849286
	בני ברק	הרב יעקב לנדא 3			||||||	1	0	0	32.079984	34.833639
	ירושלים	רבן יוחנן בן זכאי 9			||||||	1	0	0	31.759154	35.212344
	בת ים	יוספטל 20			||||||	1	0	0	32.018995	34.741442
	אשקלון	צפניה 8			||||||	1	0	0	31.674552	34.569977
	מודיעין מכבים רעות	עמק האלה 80			||||||	1	0	0	31.913933	35.006327
	אור יהודה	שדרות מרדכי בן פורת 10			||||||	1	0	0	32.029699	34.847033
	קרית שמונה	כיכר צה"ל 200			||||||	1	0	0	33.207574	35.568744
	ראש העין	הרב שלום שבזי 27			||||||	1	0	0	32.096813	34.944176
	נתניה	המייסדים 3			||||||	1	0	0	32.329777	34.855295
	חיפה	חורי 22			||||||	1	0	0	32.817113	34.995178
	תל אביב יפו	דרך מנחם בגין 27			||||||	1	0	0	32.064048	34.780596
	תל אביב יפו	אצ"ל 99			||||||	1	0	0	32.047810	34.793792
	נתניה	הרצל 38			||||||	1	0	0	32.327992	34.858562
	ירושלים	עין כרם 54			||||||	1	0	0	31.766879	35.163937
	נתניה	שער הגיא 8			||||||	1	0	0	32.327650	34.857176
	רמת גן	דרך אבא הלל 30			||||||	1	0	0	32.088169	34.807370
	בת ים	יצחק שדה 21			||||||	1	0	0	32.011384	34.741419
	בת ים	דרך בן גוריון 139			||||||	1	0	0	32.012681	34.739106
	תל אביב יפו	בוגרשוב 70			||||||	1	0	0	32.075268	34.772789
	אילת	שדרות חטיבת הנגב			||||||	1	0	0	29.551297	34.945842
	טבריה	הפלמ"ח 5			||||||	1	0	0	32.790712	35.539767
	באר יעקב	קרן היסוד 6			||||||	1	0	0	31.943842	34.835622
	חולון	אילת 8			||||||	1	0	0	32.022575	34.765129
	באר שבע	החלוץ			||||||	1	0	0	31.239403	34.789669
	אילת	דרך יותם			||||||	1	0	0	29.551303	34.951676
	גן יבנה	המגינים 56			||||||	1	0	0	31.795282	34.704494
	טבריה	יוחנן בן זכאי 10			||||||	1	0	0	32.790282	35.535960
	רמלה	שדרות הרצל 45			||||||	1	0	0	31.931804	34.869454
	צפת	הגדוד השלישי 1			||||||	1	0	0	32.972444	35.506376
	חורה	אזור תעשיה חורה			||||||	1	0	0	31.293658	34.925826
	ראש העין	הרב שלום שבזי 40			||||||	1	0	0	32.094813	34.944760
	אשדוד	הבנאים 9			||||||	1	0	0	31.814880	34.658348
	רמת גן	ביאליק 73			||||||	1	0	0	32.085228	34.811419
	ראש העין	הרב שלום שבזי 173			||||||	1	0	0	32.085119	34.962651
	אשדוד	אברהם שפירא 39			||||||	1	0	0	31.789927	34.658327
	טירה	קלקיליה			||||||	1	0	0	32.223483	34.952357
	תל אביב יפו	הדר יוסף 20			||||||	1	0	0	32.109292	34.818755
	בני ברק	זאב ז'בוטינסקי 97			||||||	1	0	0	32.092924	34.837180
	אור יהודה	שדרות אליהו סעדון 122			||||||	1	0	0	32.025552	34.858591
	בת ים	יוספטל			||||||	1	0	0	32.016211	34.750267
	ירושלים	יחזקאל 14			||||||	1	0	0	31.789779	35.218915
	3010000	באקה אל-ע'רביה			||||||	1	0	0	32.426206	35.033553
	בת ים	הנביאים 53			||||||	1	0	0	32.009932	34.744470
	רחובות	הרצל 134			||||||	1	0	0	31.891076	34.812734
	ראשון לציון	החלמונית 20			||||||	1	0	0	31.972771	34.783891
	ירושלים	יפו			||||||	1	0	0	31.781926	35.219594
	ירושלים	מלחה			||||||	1	0	0	31.748677	35.185601
	אילת	שדרות התמרים 77			||||||	1	0	0	29.566132	34.950558
	חולון	סוקולוב 100			||||||	1	0	0	32.022368	34.780926
	בני ברק	ירושלים 68			||||||	1	0	0	32.082946	34.826681
	בני ברק	481 168			||||||	1	0	0	32.092478	34.838916
	רמת השרון	סוקולוב 65			||||||	1	0	0	32.145298	34.838140
	פתח תקווה	לוחמי הגטו 30			||||||	1	0	0	32.080163	34.875473
	כפר סבא	השחר 10			||||||	1	0	0	32.179793	34.909757
	אור יהודה	העצמאות 77			||||||	1	0	0	32.029892	34.866104
	נתניה	דוד פנקס 18			||||||	1	0	0	32.319733	34.874090
	עפולה	ירושלים 1			||||||	1	0	0	32.608439	35.290749
	תל אביב יפו	פלורנטין 13			||||||	1	0	0	32.056272	34.768636
	נצרת	כביש נצרת חיפה			||||||	1	0	0	32.693687	35.290131
	קרית גת	מבוא החרמון 2			||||||	1	0	0	31.615674	34.774491
	ראשון לציון	ירושלים 22			||||||	1	0	0	31.962005	34.809685
	נתניה	הרצל 5			||||||	1	0	0	32.329906	34.853596
	בני ברק	רבי עקיבא 154			||||||	1	0	0	32.085419	34.838495
	תל אביב יפו	מיצקביץ אדם' 17			||||||	1	0	0	32.044346	34.759719
	נתניה	שדרות בנימין 19			||||||	1	0	0	32.325711	34.857504
	תל אביב יפו	הירקון 112			||||||	1	0	0	32.080455	34.768524
	תל אביב יפו	הירקון 45			||||||	1	0	0	32.073139	34.765873
	רחובות	אחד העם 15			||||||	1	0	0	31.897798	34.811693
	אשדוד	תמוז 14			||||||	1	0	0	31.781454	34.638051
	אשדוד	זלמן ארן 13			||||||	1	0	0	31.801649	34.645459
	רמת גן	תובל 34			||||||	1	0	0	32.086270	34.802896
	חולון	הלוחמים 37			||||||	1	0	0	32.031009	34.770418
	תל אביב יפו	ארנון 18			||||||	1	0	0	32.084406	34.770704
	תל אביב יפו	דיזנגוף			||||||	1	0	0	32.085814	34.774667
	הרצליה	שדרות אבא אבן 1			||||||	1	0	0	32.161339	34.810842
	קרית גת	אסתר המלכה 13			||||||	1	0	0	31.636277	34.772075
	רמלה	אבא אחימאיר 17			||||||	1	0	0	31.937569	34.875334
	תל אביב-יפו	נחלת יצחק 2			||||||	1	0	0	32.075157	34.796065
	אשקלון	אלי כהן 21			||||||	1	0	0	31.668090	34.570136
	פתח תקווה	המכבים 3			||||||	1	0	0	32.094260	34.889873
	נתניה	יוסף ויתקין			||||||	1	0	0	32.319097	34.882986
	תל אביב יפו	המסגר 15			||||||	1	0	0	32.062825	34.785024
	בת ים	בלפור 107			||||||	1	0	0	32.016965	34.745301
	נוף הגליל	דרך אריאל שרון 41			||||||	1	0	0	32.692959	35.305005
	רהט	שכונה 5			||||||	1	0	0	31.396384	34.771091
	ראש העין	הרב שלום שבזי 60			||||||	1	0	0	32.093156	34.946156
	תל אביב-יפו	ראש פינה 24			||||||	1	0	0	32.058581	34.782362
	בני ברק	ירושלים 69			||||||	1	0	0	32.082616	34.825786
	נהריה	שדרות הגעתון 19			||||||	1	0	0	33.006051	35.097503
	חולון	פנחס לבון			||||||	1	0	0	32.009133	34.771765
	מגדל העמק	דרך העמק 7			||||||	1	0	0	32.676060	35.240165
	לוד	שדרות הציונות 1			||||||	1	0	0	31.945442	34.891698
	תל אביב יפו	שלבים 6			||||||	1	0	0	32.049937	34.764546
	גבעתיים	ז'בוטינסקי 153			||||||	1	0	0	32.073228	34.817393
	הרצליה	חבצלת השרון 37			||||||	1	0	0	32.178986	34.804876
	תל אביב יפו	אבן רושד 14			||||||	1	0	0	32.045548	34.750383
	ראשון לציון	הרצל 37			||||||	1	0	0	31.969574	34.804993
	אילת	המלאכה 107			||||||	1	0	0	29.563660	34.955719
	ירושלים	דרך שכם			||||||	1	0	0	31.789972	35.228951
	קרית עקרון	הרצל 34			||||||	1	0	0	31.860040	34.822959
	גבעתיים	כצנלסון 144			||||||	1	0	0	32.075551	34.816977
	באר שבע	רח העמל 5			||||||	1	0	0	31.250972	34.822610
	ירושלים	יפו 97			||||||	1	0	0	31.784058	35.215223
	רמת גן	ביאליק 76			||||||	1	0	0	32.085883	34.811406
	תל אביב יפו	יפת 190			||||||	1	0	0	32.038221	34.750282
	תל אביב יפו	מאיר יערי 19			||||||	1	0	0	32.100038	34.788014
	תל אביב	השלושה 11			||||||	1	0	0	32.062110	34.790944
	ראשון לציון	שמעון פרס 33			||||||	1	0	0	31.967772	34.763989
	נתניה	שדרות חיים וייצמן 25			||||||	1	0	0	32.331392	34.858601
	אום אל-פחם	א ד'הר			||||||	1	0	0	32.530344	35.159585
	7526641	ראשון לציון			||||||	1	0	0	31.963548	34.801436
	רמת גן	החוגה 2			||||||	1	0	0	32.046379	34.834439
	נתניה	אלון צבי 14			||||||	1	0	0	32.325909	34.859911
	לוד	שדרות שלמה המלך 27			||||||	1	0	0	31.947682	34.886438
	בת ים	דרך בן גוריון 99			||||||	1	0	0	32.016730	34.738943
	צפת	עלייה ב'			||||||	1	0	0	32.965553	35.496045
	נתניה	שדרות בנימין 12			||||||	1	0	0	32.326589	34.857471
	נתניה	שדרות בנימין 35			||||||	1	0	0	32.323515	34.856723
	רחובות	הרצל 138			||||||	1	0	0	31.891691	34.812585
	אור יהודה	המלאכה 15			||||||	1	0	0	32.022991	34.861641
	גדרה	הרצל 10			||||||	1	0	0	31.809495	34.767166
	חולון	יהושע רבינוביץ 11			||||||	1	0	0	31.999565	34.769864
	רמת גן	הרא"ה 16			||||||	1	0	0	32.083682	34.817657
	בני ברק	רבינא 3			||||||	1	0	0	32.077719	34.838789
	עפולה	מנחם אוסישקין 30			||||||	1	0	0	32.608227	35.287581
	תל אביב	הרצל 28			||||||	1	0	0	32.060311	34.770467
	71223	לוד			||||||	1	0	0	31.956276	34.897620
	ירושלים	בן הלל 13			||||||	1	0	0	31.781288	35.217663
	שוהם	דקל 30			||||||	1	0	0	32.006500	34.951178
	חיפה	שדרות ההגנה 1			||||||	1	0	0	32.828451	34.982702
	נתניה	הרצל 83			||||||	1	0	0	32.326181	34.863956
	רמת השרון	טרומפלדור 5			||||||	1	0	0	32.136277	34.844804
	נתניה	אחד העם 22			||||||	1	0	0	32.325535	34.858789
	תל אביב	הרצל 35			||||||	1	0	0	32.059773	34.770750
	חיפה	מסדה 34			||||||	1	0	0	32.809694	34.992086
	תל אביב	שונצינו 12			||||||	1	0	0	32.066679	34.787832
	ירושלים	עלי הכהן 1			||||||	1	0	0	31.793901	35.215110
	הרצליה	סוקולוב 46			||||||	1	0	0	32.167035	34.845440
	בת ים	זמנהוף 12			||||||	1	0	0	32.019858	34.749421
	תל אביב	בר כוכבא			||||||	1	0	0	32.076363	34.773403
	תל אביב-יפו	אלנבי 51			||||||	1	0	0	32.069747	34.770652
	ירושלים	יפו 234			||||||	1	0	0	31.789160	35.201226
	חיפה	החלוץ 65			||||||	1	0	0	32.808107	35.001656
	בני ברק	ד"ר נתן בירנבוים 1			||||||	1	0	0	32.073113	34.841826
	8435702	באר שבע			||||||	1	0	0	31.258558	34.796569
	נתניה	שדרות ניצה 12			||||||	1	0	0	32.338433	34.852457
	ירושלים	הרב זוננפלד 15			||||||	1	0	0	31.788926	35.222792
	אשקלון	שדרות עמק האלה 47			||||||	1	0	0	31.649857	34.568082
	תל אביב-יפו	פעמונית 20			||||||	1	0	0	32.033616	34.754486
	רמת השרון	סוקולוב 67			||||||	1	0	0	32.145491	34.838196
	7406602	נס ציונה			||||||	1	0	0	31.930046	34.798329
	ירושלים	בית הדפוס 12			||||||	1	0	0	31.786463	35.189106
	פתח תקווה	ההגנה 14			||||||	1	0	0	32.088011	34.885626
	בני ברק	הרב פוברסקי 17			||||||	1	0	0	32.084773	34.843129
	פתח תקווה	בר כוכבא 70			||||||	1	0	0	32.096883	34.886212
	קרית גת	אסתר המלכה 3			||||||	1	0	0	31.635757	34.774119
	קרית אתא	העצמאות 33			||||||	1	0	0	32.802977	35.103847
	רחובות	הרצל 120			||||||	1	0	0	31.889747	34.813238
	הרצליה	סוקולוב 29			||||||	1	0	0	32.167318	34.841733
	תל אביב-יפו	אצ"ל 4			||||||	1	0	0	32.053530	34.791046
	קצרין	גבע 49			||||||	1	0	0	32.997396	35.682708
	תל אביב-יפו	דיזנגוף 328			||||||	1	0	0	32.096126	34.776235
	רמת גן	מנדל מתתיהו 1/18			||||||	1	0	0	32.069085	34.832886
	תל אביב-יפו	לוינסקי 108			||||||	1	0	0	32.056000	34.779620
	אבן יהודה	המייסדים 41			||||||	1	0	0	32.269221	34.890679
	ראשון לציון	הרצל 91			||||||	1	0	0	31.960938	34.802991
	פתח תקווה	ההסתדרות 17			||||||	1	0	0	32.086207	34.886034
	עכו	דרך הארבעה 32			||||||	1	0	0	32.927236	35.079658
	חיפה	דרך בר יהודה 147			||||||	1	0	0	32.779822	35.039510
	בית שמש	שדרות יגאל אלון 6			||||||	1	0	0	31.755958	34.987621
	תל אביב-יפו	הברזל			||||||	1	0	0	32.107898	34.838002
	נתניה	מפי 3			||||||	1	0	0	32.275040	34.860677
	יהוד	דרך משה דיין 3			||||||	1	0	0	32.030443	34.878185
	יהוד	אשכנזי 19			||||||	1	0	0	32.029134	34.891358
	ראשון לציון	היקב 12			||||||	1	0	0	31.973831	34.779264
	חורה	5			||||||	1	0	0	31.296440	34.935135
	קריית ביאליק	קרן היסוד 37			||||||	1	0	0	32.831244	35.085503
	באר יעקב	שדרות יצחק שמיר 11			||||||	1	0	0	31.952219	34.842222
	ירושלים	חזקיהו המלך 14			||||||	1	0	0	31.762830	35.212920
	תל אביב יפו	ברודצקי 43			||||||	1	0	0	32.111868	34.797500
	נתיבות	חיל אוויר 18			||||||	1	0	0	31.425647	34.583891
	תל אביב-יפו	איתמר בן אב"י			||||||	1	0	0	32.072393	34.782791
	רהט	ישוב			||||||	1	0	0	31.394548	34.753934
	תל אביב-יפו	נווה שאנן 45			||||||	1	0	0	32.057186	34.780752
	ירושלים	שמואל הנביא			||||||	1	0	0	31.794755	35.221775
	רחובות	הר הצופים 74			||||||	1	0	0	31.896210	34.783156
	ראשון לציון	יהודה לייב פינסקר 20			||||||	1	0	0	31.966725	34.807406
	ראשון לציון	גבעתי 8			||||||	1	0	0	31.966806	34.816755
	גבעתיים	וייצמן 26			||||||	1	0	0	32.072901	34.808295
	בית שמש	רמת לח"י			||||||	1	0	0	31.749107	34.983128
	נתניה	דוד רמז 15			||||||	1	0	0	32.327255	34.853974
	8782807	נתיבות			||||||	1	0	0	31.423365	34.592141
	אפרת	רחוב רימון			||||||	1	0	0	31.649997	35.149314
	כפר סילבר	צומת			||||||	1	0	0	31.674801	34.606021
	כפר ורדים	מרכז מסחרי			||||||	1	0	0	32.996204	35.275455
	תל אביב-יפו	יהודה המכבי 81			||||||	1	0	0	32.094190	34.792842
	תל אביב-יפו	מרמורק 10			||||||	1	0	0	32.071562	34.779885
	תל אביב-יפו	שלמה אבן גבירול 71			||||||	1	0	0	32.082287	34.780151
	רמת השרון	סוקולוב 27			||||||	1	0	0	32.140881	34.836158
	חולון	אורי צבי גרינברג 27			||||||	1	0	0	31.997315	34.764811
	נהריה	שדרות הגעתון 1			||||||	1	0	0	33.005487	35.098724
	בני ברק	רחוב זאב ז'בוטינסקי 25			||||||	1	0	0	32.091842	34.828227
	אילת	שדרות ירושלים השלמה 52			||||||	1	0	0	29.564210	34.945240
	אילת	שדרות התמרים 37			||||||	1	0	0	29.559317	34.950821
	אשדוד	אברהם סופר 3			||||||	1	0	0	31.783989	34.647122
	אשדוד	ת			||||||	1	0	0	31.818588	34.662434
	אשקלון	דוד רמז 39			||||||	1	0	0	31.668695	34.584201
	באר שבע	שדרות יעלים			||||||	1	0	0	31.252166	34.778342
	באר שבע	האורגים 1			||||||	1	0	0	31.254310	34.814852
	נהריה	וולפסון 13			||||||	1	0	0	33.008185	35.097585
	באר שבע	הר בוקר 5			||||||	1	0	0	31.272437	34.810728
	באר שבע	שאול המלך 80			||||||	1	0	0	31.257646	34.767986
	באר שבע	יעקב כהן			||||||	1	0	0	31.254665	34.797289
	יד בנימין	דרך יונתן			||||||	1	0	0	31.794806	34.819464
	בת ים	אורט ישראל 25			||||||	1	0	0	32.008903	34.746541
	בת חפר	שדרות עמק חפר			||||||	1	0	0	32.333606	35.012310
	באר שבע	שדרות דויד בן גוריון			||||||	1	0	0	31.256718	34.812418
	חדרה	שדרות ברוך בוארון 1			||||||	1	0	0	32.439565	34.880017
	חיפה	סירקין 17			||||||	1	0	0	32.809981	35.000127
	כפר סבא	ויצמן 20			||||||	1	0	0	32.177561	34.898438
	גדרה	דרך הפרחים 38			||||||	1	0	0	31.809844	34.784464
	חולון	יהושע חנקין 12			||||||	1	0	0	32.026832	34.778977
	הרצליה	המנופים 9			||||||	1	0	0	32.160751	34.807777
	הרצליה	בני בנימין 23			||||||	1	0	0	32.172296	34.840821
	הוד השרון	הבנים			||||||	1	0	0	32.156274	34.884775
	חולון	שדרות קוגל 40			||||||	1	0	0	32.023377	34.774054
	חולון	קרן היסוד 1			||||||	1	0	0	32.007664	34.791783
	חיפה	שמריהו לוין 2			||||||	1	0	0	32.813642	34.998324
	אשקלון	המרכבה			||||||	1	0	0	31.665391	34.594608
	חולון	יהושע רבינוביץ			||||||	1	0	0	31.998065	34.772865
	אשדוד	זלמן ארן			||||||	1	0	0	31.801728	34.645344
	חיפה	שדרות הנשיא 124			||||||	1	0	0	32.804639	34.987367
	חיפה	חורב			||||||	1	0	0	32.782055	34.989131
	גבעתיים	כצנלסון			||||||	1	0	0	32.075745	34.810189
	ירושלים	טשרניחובסקי 35			||||||	1	0	0	31.765552	35.206133
	חיפה	ליבריה 2			||||||	1	0	0	32.768575	35.003316
	חיפה	התשבי 9			||||||	1	0	0	32.815917	34.977756
	חיפה	כיכר מאירהוף 9			||||||	1	0	0	32.825317	34.983403
	חיפה	נתיב חן 1			||||||	1	0	0	32.796186	35.010177
	חיפה	אורן 25			||||||	1	0	0	32.784830	34.996553
	חיפה	משה גוט לוין 48			||||||	1	0	0	32.784277	35.004263
	בית אל	רחוב יותם המלך			||||||	1	0	0	31.943749	35.218531
	חיפה	דרך שמחה גולן 54			||||||	1	0	0	32.789769	35.008007
	נשר	המרגנית			||||||	1	0	0	32.771972	35.031919
	חיפה	חיים הזז			||||||	1	0	0	32.767661	35.013266
	אלונים	הלד אלונים			||||||	1	0	0	32.710440	35.143833
	יבנה	הירמוך 1			||||||	1	0	0	31.887840	34.731294
	ירושלים	גנרל פייר קניג 35			||||||	1	0	0	31.753591	35.214190
	ירושלים	הדישון 21			||||||	1	0	0	31.752190	35.181270
	ירושלים	שדרות משה דיין 106			||||||	1	0	0	31.824137	35.237406
	ירושלים	קרן היסוד			||||||	1	0	0	31.773185	35.220255
	ירושלים	קלמן יעקב מן			||||||	1	0	0	31.765150	35.149631
	כפר יונה	ההדרים			||||||	1	0	0	32.314924	34.939092
	כפר סבא	רפפורט			||||||	1	0	0	32.192372	34.892200
	כפר סבא	אוסטשינסקי 15			||||||	1	0	0	32.172213	34.904317
	רחובות	אלי הורוביץ 61			||||||	1	0	0	31.901225	34.788192
	כפר סבא	ויצמן 300			||||||	1	0	0	32.172888	34.929557
	באר שבע	שדרות דויד בן גוריון 35			||||||	1	0	0	31.258568	34.811270
	חיפה	הגליל			||||||	1	0	0	32.789923	35.018430
	כרמיאל	מעלה כמון 6			||||||	1	0	0	32.926642	35.325062
	פתח תקווה	ההגנה			||||||	1	0	0	32.087942	34.885222
	כרמיאל	מורד הגיא 100			||||||	1	0	0	32.908544	35.292810
	מודיעין מכבים רעות	צאלון			||||||	1	0	0	31.907400	35.015797
	מודיעין מכבים רעות	שדרות המלאכות			||||||	1	0	0	31.889873	34.962464
	ירושלים	שד' בגין 2			||||||	1	0	0	31.770245	35.194823
	חיפה	יהודה איתין 4			||||||	1	0	0	32.815401	35.050689
	ירושלים	רח לוֹחֲמֶי הגיטאות			||||||	1	0	0	31.800369	35.241234
	נס ציונה	ת			||||||	1	0	0	31.922104	34.793591
	אריאל	רחוב ששת הימים			||||||	1	0	0	32.106193	35.189460
	נתניה	הקדר 2			||||||	1	0	0	32.323116	34.871254
	פרדס חנה כרכור	מלאכה 32			||||||	1	0	0	32.478025	34.977562
	רעננה	קלאוזנר 1			||||||	1	0	0	32.180078	34.875849
	נתניה	שדרות גיבורי ישראל 5			||||||	1	0	0	32.275886	34.860964
	בת ים	השיקמה			||||||	1	0	0	32.013703	34.744251
	נתניה	משה שפירא 28			||||||	1	0	0	32.336024	34.863530
	ירושלים	שדרות יצחק רבין 5			||||||	1	0	0	31.782997	35.201805
	ירושלים	כורש			||||||	1	0	0	31.779110	35.223628
	רחובות	המנוף 7			||||||	1	0	0	31.898562	34.798747
	הוד השרון	הבנים 17			||||||	1	0	0	32.155561	34.891038
	פתח תקווה	אלעזר פרידמן			||||||	1	0	0	32.080075	34.901987
	פתח תקווה	היבנר 29			||||||	1	0	0	32.080165	34.875350
	פתח תקווה	הסיבים 39			||||||	1	0	0	32.084006	34.856023
	יבנה	הדרור 2			||||||	1	0	0	31.870882	34.742119
	צפת	רמת רזים			||||||	1	0	0	32.964241	35.512016
	נתיבות	מלכי ישראל			||||||	1	0	0	31.420940	34.591767
	באר שבע	אהרון ציזלינג 24			||||||	1	0	0	31.257852	34.761767
	אילת	אח"י אילת 20			||||||	1	0	0	29.537483	34.930359
	ירושלים	הרב אברהם שפירא			||||||	1	0	0	31.786415	35.199478
	קרית שמונה	צומת המצודות			||||||	1	0	0	33.221897	35.575428
	פתח תקווה	רחוב זאב ז'בוטינסקי 16			||||||	1	0	0	32.090639	34.877461
	ראשון לציון	בנימין שמוטקין 30			||||||	1	0	0	31.976305	34.812404
	ראשון לציון	נווה דקלים 44			||||||	1	0	0	31.979312	34.761041
	ראשון לציון	נתן ברניצקי 13			||||||	1	0	0	31.958976	34.799443
	ראשון לציון	פנחס שלמה בן דוד 1			||||||	1	0	0	31.980072	34.811318
	חולון	בוסתנאי 14			||||||	1	0	0	32.005708	34.769441
	רחובות	לוין אפשטיין 16			||||||	1	0	0	31.896762	34.809783
	רמת גן	היצירה			||||||	1	0	0	32.086216	34.802192
	רמלה	צופית 40			||||||	1	0	0	31.932845	34.888947
	רמת גן	הירדן 90			||||||	1	0	0	32.061317	34.828136
	רמת השרון	סוקולוב 48			||||||	1	0	0	32.143635	34.837861
	ראשון לציון	יוסף ספיר 9			||||||	1	0	0	31.994399	34.751992
	רמת גן	הירדן 29			||||||	1	0	0	32.066138	34.828761
	רמת גן	הרא"ה			||||||	1	0	0	32.072737	34.824944
	רמת גן	הרא"ה 131			||||||	1	0	0	32.078395	34.825383
	רמת השרון	אוסישקין 5			||||||	1	0	0	32.138402	34.841333
	רמת השרון	מחלף גלילות			||||||	1	0	0	32.138866	34.817585
	רעננה	אחוזה 82			||||||	1	0	0	32.179824	34.879185
	רעננה	החרושת 8			||||||	1	0	0	32.193094	34.881513
	קרית אתא	מלאכה 2			||||||	1	0	0	32.817410	35.112536
	רעננה	רבקה גובר 7			||||||	1	0	0	32.194417	34.850409
	שדרות	סמטת הפלדה 8			||||||	1	0	0	31.520725	34.593932
	מודיעין מכבים רעות	עמק איילון 30			||||||	1	0	0	31.904887	35.014303
	מעלה אדומים	רחוב הדקל			||||||	1	0	0	31.764711	35.299952
	ראשון לציון	בנימין שמוטקין			||||||	1	0	0	31.978819	34.812491
	חיפה	חורב 15			||||||	1	0	0	32.784776	34.987294
	באר שבע	חיל הנדסה 1			||||||	1	0	0	31.244752	34.812566
	בני ברק	מנחם בגין			||||||	1	0	0	32.092631	34.828680
	ירושלים	שדרות שרי ישראל 15			||||||	1	0	0	31.789145	35.206145
	אשדוד	יהודה הלוי 4			||||||	1	0	0	31.796849	34.648246
	קרית אתא	דרך חיפה 30			||||||	1	0	0	32.807625	35.077171
	נתניה	שדרות בנימין 60			||||||	1	0	0	32.320046	34.855315
	אילת	דרך פעמי השלום 19			||||||	1	0	0	29.550390	34.960955
	ראש פינה	התפוח 3			||||||	1	0	0	32.969995	35.550272
	גבעת שמואל	יוני נתניהו 29-31			||||||	1	0	0	32.077197	34.854660
	חולון	יהושע חנקין 71			||||||	1	0	0	32.019752	34.778976
	אשדוד	רוגוזין 1			||||||	1	0	0	31.807989	34.645096
	מודיעין מכבים רעות	לאה אמנו 1			||||||	1	0	0	31.885201	35.005905
	ירושלים	מאה שערים			||||||	1	0	0	31.788399	35.218463
	ראשון לציון	האחים סמילצ'נסקי			||||||	1	0	0	31.960417	34.798918
	נתניה	שדרות טום לנטוס 26			||||||	1	0	0	32.306938	34.869091
	באר שבע	שדרות דויד בן גוריון 19			||||||	1	0	0	31.260355	34.809642
	אריאל	רח' הדקל			||||||	1	0	0	32.108084	35.176321
	חיפה	העלייה השנייה 43			||||||	1	0	0	32.832071	34.978248
	באר שבע	מוריה 2			||||||	1	0	0	31.247570	34.783706
	ירושלים	1			||||||	1	0	0	31.797590	35.147266
	רעננה	ז'בוטינסקי 3			||||||	1	0	0	32.179781	34.874271
	חולון	הלוחמים 62			||||||	1	0	0	32.036409	34.761532
	חריש	דרך ארץ 2			||||||	1	0	0	32.470593	35.039172
	קרית אתא	דרך חיפה 52			||||||	1	0	0	32.809294	35.075054
	כפר סבא	ויצמן 14			||||||	1	0	0	32.177642	34.897721
	חיפה	הנמל 9			||||||	1	0	0	32.817570	35.002109
	פתח תקווה	אלעזר פרידמן 9			||||||	1	0	0	32.079846	34.902483
	אשקלון	הרצל 18			||||||	1	0	0	31.663210	34.586038
	הרצליה	סוקולוב 74			||||||	1	0	0	32.167000	34.848430
	הוד השרון	הרקון 2			||||||	1	0	0	32.133377	34.901520
	עפולה	קהילת ציון 5			||||||	1	0	0	32.607251	35.292390
	רחובות	מנוחה ונחלה 18			||||||	1	0	0	31.894198	34.817816
	פתח תקווה	העצמאות 87			||||||	1	0	0	32.073239	34.863535
	הרצליה	יהודה הנשיא			||||||	1	0	0	32.154790	34.848376
	ירכא	גאיה סנטר			||||||	1	0	0	32.953697	35.181160
	חורה	125			||||||	1	0	0	31.303142	34.940545
	תל אביב-יפו	מנשה בן ישראל 23			||||||	1	0	0	32.054865	34.777687
	1035301	חצור הגלילית			||||||	1	0	0	32.981007	35.556007
	רמת השרון	אוסישקין 20			||||||	1	0	0	32.138995	34.842081
	לוד	הרצוג 7			||||||	1	0	0	31.954905	34.897792
	אשדוד	דב גור 23			||||||	1	0	0	31.792486	34.654341
	רמת גן	דרך נגבה 25			||||||	1	0	0	32.070547	34.824966
	באר שבע	יהודה הלוי 32			||||||	1	0	0	31.262920	34.789619
	טבריה	האבות 56			||||||	1	0	0	32.779865	35.510718
	6035002	אור יהודה			||||||	1	0	0	32.025757	34.860607
	רהט	מתחם 2			||||||	1	0	0	31.381818	34.768936
	תל אביב-יפו	דרך מנחם בגין 16			||||||	1	0	0	32.060446	34.775913
	אשקלון	יהודה הלוי 36			||||||	1	0	0	31.657720	34.562770
	רמת גן	כיכר הרב פרדס 1			||||||	1	0	0	32.049387	34.815470
	תל אביב-יפו	הגדוד העברי 38			||||||	1	0	0	32.059092	34.777671
	ירושלים	בית צפפא			||||||	1	0	0	31.746074	35.200501
	ראשון לציון	דוד סחרוב 3			||||||	1	0	0	31.992595	34.768272
	ירושלים	ואדי אל ג'וז			||||||	1	0	0	31.791354	35.236384
	רהט	8			||||||	1	0	0	31.389682	34.760232
	חורה	5			||||||	1	0	0	31.294789	34.926812
	תל שבע	85			||||||	1	0	0	31.257138	34.863904
	תל אביב-יפו	שערי ניקנור 25			||||||	1	0	0	32.048990	34.749918
	2822632	קרית אתא			||||||	1	0	0	32.806216	35.075632
	רמת גן	2			||||||	1	0	0	32.088040	34.803128
	קרית טבעון	מרווה 1			||||||	1	0	0	32.730725	35.144686
	רהט	13			||||||	1	0	0	31.394848	34.770475
	תל אביב-יפו	פינס 34			||||||	1	0	0	32.061500	34.767054
	באר שבע	רמב"ם 30			||||||	1	0	0	31.244278	34.789300
	טייבה	שדרות הזיתים			||||||	1	0	0	32.283503	34.995805
	תל אביב יפו	פנקס 33			||||||	1	0	0	32.091125	34.787839
	נתניה	הרב גד מכלוף 17			||||||	1	0	0	32.312322	34.886531
	באר שבע	יוחנן הורקנוס 43			||||||	1	0	0	31.266551	34.795535
	רחובות	בנימין 1			||||||	1	0	0	31.894494	34.811899
	ירושלים	אגריפס 145			||||||	1	0	0	31.785065	35.210018
	נס ציונה	ששת הימים 4			||||||	1	0	0	31.936108	34.796317
	ירושלים	דרך יריחו 62			||||||	1	0	0	31.773432	35.240849
	ירושלים	הרב זוננפלד 3			||||||	1	0	0	31.787527	35.223261
	נתניה	סמילנסקי 7			||||||	1	0	0	32.327601	34.855627
	תל אביב-יפו	אבא אחימאיר 27			||||||	1	0	0	32.125090	34.803679
	תל אביב-יפו	דרך קיבוץ גלויות 97			||||||	1	0	0	32.048660	34.776194
	אילת	שדרות התמרים 12			||||||	1	0	0	29.549801	34.953925
	תל אביב-יפו	דיזנגוף 344			||||||	1	0	0	32.097183	34.775937
	תל אביב-יפו	בן יהודה 63			||||||	1	0	0	32.079731	34.769465
	תל אביב-יפו	צה"ל 71			||||||	1	0	0	32.121703	34.834784
	תל אביב-יפו	יהודה מרגוזה 36			||||||	1	0	0	32.051146	34.753589
	אשדוד	דוד המלך 18			||||||	1	0	0	31.776017	34.641784
	חולון	הסתת			||||||	1	0	0	32.013072	34.800588
	חיפה	דרך בר יהודה 111			||||||	1	0	0	32.786466	35.030370
	באר שבע	דרך השלום 52			||||||	1	0	0	31.251279	34.808177
	בית שמש	שדרות יגאל אלון 14			||||||	1	0	0	31.755071	34.991416
	בת ים	בלפור 144			||||||	1	0	0	32.012274	34.741874
	רמלה	שדרות הרצל 91			||||||	1	0	0	31.926267	34.877073
	ירושלים	מרכז פסגת זאב			||||||	1	0	0	31.831111	35.241774
	ירושלים	כנפי נשרים 7			||||||	1	0	0	31.787307	35.187678
	קרית מלאכי	שדרות רש"י 7			||||||	1	0	0	31.729359	34.748666
	פתח תקווה	ברון הירש 9			||||||	1	0	0	32.089826	34.882408
	פתח תקווה	רוטשילד 178			||||||	1	0	0	32.076695	34.885301
	בני ברק	רבי עקיבא			||||||	1	0	0	32.086013	34.831885
	ראשון לציון	שדרות יוסף לישנסקי 8			||||||	1	0	0	31.989406	34.765432
	חיפה	צה"ל 10			||||||	1	0	0	32.824183	34.982216
	חולון	האורגים 6			||||||	1	0	0	32.011129	34.799071
	בנימינה גבעת עדה	דרך המסילה 83			||||||	1	0	0	32.513935	34.950412
	טירת כרמל	הרצל 29			||||||	1	0	0	32.762744	34.972301
	חדרה	הלל יפה 21			||||||	1	0	0	32.436714	34.916850
	בת ים	ירושלים 26			||||||	1	0	0	32.025450	34.745534
	עכו	אברהם בן שושן 30			||||||	1	0	0	32.926254	35.092512
	עכו	עכו עופרה חזה			||||||	1	0	0	32.937870	35.082213
	בת ים	בלפור			||||||	1	0	0	32.022306	34.745405
	בת ים	הרב ניסנבאום 5			||||||	1	0	0	32.006134	34.748759
	ירושלים	בר אילן 14			||||||	1	0	0	31.795090	35.218298
	בני ברק	רבי עקיבא 18			||||||	1	0	0	32.089870	34.825831
	באר שבע	העצמאות 25			||||||	1	0	0	31.238905	34.791491
	בני ברק	רבי עקיבא 79			||||||	1	0	0	32.086264	34.831153
	חורה	9			||||||	1	0	0	31.302178	34.942051
	טבריה	הנשיא וייצמן 46			||||||	1	0	0	32.780092	35.513327
	פתח תקווה	ברון הירש 32			||||||	1	0	0	32.089534	34.884488
	תל אביב-יפו	הירקון 88			||||||	1	0	0	32.077762	34.767560
	ירושלים	אגריפס 40			||||||	1	0	0	31.783744	35.214355
	ראשון לציון	רוטשילד 45			||||||	1	0	0	31.963511	34.801470
	פתח תקווה	חובבי ציון 15			||||||	1	0	0	32.088136	34.882863
	אור יהודה	משה אביב 3			||||||	1	0	0	32.021287	34.860863
	באר שבע	כיכר אליעזר קפלן 13			||||||	1	0	0	31.249415	34.791914
	6713231	תל אביב-יפו			||||||	1	0	0	32.067823	34.783479
	תל אביב-יפו	רחוב רבינדרנת טאגור 38			||||||	1	0	0	32.117222	34.797466
	פתח תקווה	ההסתדרות 15			||||||	1	0	0	32.086167	34.885312
	דימונה	שדרות הנשיא 12			||||||	1	0	0	31.063022	35.031518
	ירושלים	המוסכים 12			||||||	1	0	0	31.751214	35.212156
	תל אביב-יפו	שינקין 11			||||||	1	0	0	32.069723	34.771654
	מבשרת ציון	שדרות החשון 8			||||||	1	0	0	31.808375	35.157098
	אור עקיבא	שדרות הנשיא וייצמן			||||||	1	0	0	32.502545	34.919671
	תל אביב-יפו	הארבעה 2			||||||	1	0	0	32.070287	34.782855
	תל אביב-יפו	פלורנטין 24			||||||	1	0	0	32.056173	34.769069
	חיפה	יהודה הלוי 1			||||||	1	0	0	32.807916	35.005664
	טבריה	יהודה הלוי 1			||||||	1	0	0	32.790464	35.533805
	תל אביב-יפו	גולומב 43			||||||	1	0	0	32.053293	34.782473
	כפר סבא	יבנה 17			||||||	1	0	0	32.180942	34.915781
	תל אביב-יפו	הרצל 38			||||||	1	0	0	32.059761	34.770549
	62525	באר שבע			||||||	1	0	0	31.231003	34.767090
	8471424	באר שבע			||||||	1	0	0	31.282595	34.799537
	4535938	הוד השרון			||||||	1	0	0	32.143892	34.890046
	9195022	ירושלים			||||||	1	0	0	31.782856	35.201669
	9426505	ירושלים			||||||	1	0	0	31.775728	35.217989
	9103102	ירושלים			||||||	1	0	0	31.773199	35.185261
	תנובות	אלומים 9			||||||	1	0	0	32.310940	34.964218
	צור יצחק	נחל איילון 20			||||||	1	0	0	32.240035	35.000136
	גני תקווה	הרמה 23			||||||	1	0	0	32.059622	34.869663
	תל מונד	הדקל 81			||||||	1	0	0	32.256743	34.920423
	אלפי מנשה	סביון 4			||||||	1	0	0	32.176515	35.017905
	כפר ויתקין	125			||||||	1	0	0	32.387266	34.881159
	תל אביב-יפו	בן יהודה 22			||||||	1	0	0	32.075243	34.768194
	קריית ביאליק	דרך עכו 192			||||||	1	0	0	32.843950	35.089805
	תל אביב-יפו	בן יהודה 75			||||||	1	0	0	32.081185	34.770347
	תל אביב-יפו	החשמונאים 84			||||||	1	0	0	32.069462	34.782469
	תל אביב-יפו	אהרון בקר 8			||||||	1	0	0	32.122754	34.816394
	יוקנעם עילית	התמר 2			||||||	1	0	0	32.659583	35.105129
	תל אביב-יפו	אליהו ברלין 13			||||||	1	0	0	32.124637	34.792443
	אור יהודה	העצמאות 35			||||||	1	0	0	32.027993	34.862067
	נתניה	הרב ריינס 39			||||||	1	0	0	32.336171	34.865397
	תל אביב-יפו	דרך חיים ברלב 126			||||||	1	0	0	32.045955	34.802773
	רמת גן	תל חי 27			||||||	1	0	0	32.066908	34.827683
	8420870	באר שבע			||||||	1	0	0	31.240128	34.790196
	1420005	טבריה			||||||	1	0	0	32.787694	35.538085
	תל אביב-יפו	אלנבי 20			||||||	1	0	0	32.073065	34.766940
	גבעתיים	רחוב ז'בוטינסקי 36			||||||	1	0	0	32.073096	34.812304
	יבנה	שדרות דואני 20			||||||	1	0	0	31.873091	34.739923
	יהוד	דרך משה דיין 3			||||||	1	0	0	32.030179	34.878065
	פתח תקווה	חובבי ציון 35			||||||	1	0	0	32.088941	34.884483
	קריית ביאליק	שדרות ירושלים 15			||||||	1	0	0	32.823828	35.081445
	תל אביב-יפו	דב הוז 69			||||||	1	0	0	32.078897	34.771825
	תל אביב-יפו	העבודה 14			||||||	1	0	0	32.070479	34.773336
	תל אביב-יפו	התקומה 48			||||||	1	0	0	32.051231	34.759478
	תל אביב-יפו	סוקולוב 7			||||||	1	0	0	32.139109	34.835591
	גבעת שמואל	דוד בן גוריון 20			||||||	1	0	0	32.077571	34.847073
	נצרת	בילאל			||||||	1	0	0	32.718002	35.299412
	5838209	חולון			||||||	1	0	0	32.017039	34.774881
	6473502	תל אביב-יפו			||||||	1	0	0	32.073806	34.781976
	2450534	עכו			||||||	1	0	0	32.928955	35.076708
	נתניה	שוהם 2			||||||	1	0	0	32.328028	34.859302
	ירושלים	התחנה המרכזית של ירושלים			||||||	1	0	0	31.788873	35.203149
	נתיבות	שדרות ירושלים 169			||||||	1	0	0	31.417460	34.584821
	כרמיאל	מעלה כמון 5			||||||	1	0	0	32.927988	35.326143
	חריש	דרך ארץ 49			||||||	1	0	0	32.461810	35.045961
	נשר	דרך בר יהודה 147			||||||	1	0	0	32.778251	35.038969
	רעננה	אחוזה 114			||||||	1	0	0	32.180606	34.875387
	חולון	הבנאי 6			||||||	1	0	0	32.016313	34.805291
	כפר סבא	ויצמן 10			||||||	1	0	0	32.177850	34.896331
	הרצליה	העצמאות 77			||||||	1	0	0	32.164973	34.847629
	אשדוד	שדרות מנחם בגין 1			||||||	1	0	0	31.790746	34.639487
	אשקלון	דוד רמז 18			||||||	1	0	0	31.665561	34.584525
	טירת כרמל	הרצל			||||||	1	0	0	32.767146	34.968723
	אילת	שדרות התמרים 477			||||||	1	0	0	29.561277	34.950897
	מודיעין מכבים רעות	שדרות המלאכות 121			||||||	1	0	0	31.888881	34.962205
	אור עקיבא	שדרות הנשיא וייצמן 204			||||||	1	0	0	32.508507	34.920026
	בנימינה גבעת עדה	בנימינה			||||||	1	0	0	32.519219	34.948608
	הרצליה	שדרות בן גוריון 22			||||||	1	0	0	32.163014	34.842023
	קרית מלאכי	שדרות דוד בן גוריון			||||||	1	0	0	31.730202	34.746996
	נתיבות	יוסף הכהן 12			||||||	1	0	0	31.420518	34.599803
	נתיבות	מבנה 203			||||||	1	0	0	31.418082	34.602752
	שוהם	שקד 13			||||||	1	0	0	32.005272	34.956726
	אילת	שדרות התמרים 1			||||||	1	0	0	29.554414	34.953247
	פתח תקווה	העצמאות 18			||||||	1	0	0	32.074737	34.880552
	Jerusalem	קניון			||||||	1	0	0	31.824280	35.237117
	רחובות	חיים ויצמן			||||||	1	0	0	31.899667	34.813453
	טבריה	הנשיא וייצמן 12			||||||	1	0	0	32.780046	35.515006
	גני תקווה	הרי יהודה 56			||||||	1	0	0	32.061116	34.869392
	שלומי	אנפה 7			||||||	1	0	0	33.079375	35.150711
	גבעתיים	וייצמן			||||||	1	0	0	32.071636	34.808600
	אור עקיבא	האצ"ל 43			||||||	1	0	0	32.503371	34.923612
	חיפה	הרצל 25			||||||	1	0	0	32.811399	34.997931
	פתח תקווה	חובבי ציון 39			||||||	1	0	0	32.089255	34.885079
	נצרת	תופיק זיאד 53			||||||	1	0	0	32.696152	35.301179
	ירושלים	דרך אגודת ספורט בית"ר 1			||||||	1	0	0	31.751516	35.187245
	רעננה	אחוזה 137			||||||	1	0	0	32.180801	34.872587
	רמלה	שדרות דוד רזיאל 1			||||||	1	0	0	31.925688	34.863969
	הוד השרון	דרך רמתיים 98			||||||	1	0	0	32.154310	34.894241
	תל אביב-יפו	הירקון 106			||||||	1	0	0	32.079636	34.768235
	חיפה	זלמן ארן 77			||||||	1	0	0	32.835744	35.062069
	קרית ים	לח"י 2			||||||	1	0	0	32.853786	35.071003
	גבעתיים	שמעון בן צבי			||||||	1	0	0	32.067398	34.812546
	רמלה	שדרות הרצל 92			||||||	1	0	0	31.927154	34.873006
	כפר סבא	ויצמן			||||||	1	0	0	32.174456	34.911783
	ירושלים	פינס 7			||||||	1	0	0	31.785657	35.214984
	רמלה	דני מס 16			||||||	1	0	0	31.928090	34.865851
	נתניה	שדרות בן צבי 112			||||||	1	0	0	32.291647	34.852845
	יבנה	הנחשול 22			||||||	1	0	0	31.863036	34.739464
	קריית ביאליק	דרך עכו 192			||||||	1	0	0	32.845344	35.091931
	אור עקיבא	שדרות דוד המלך 516			||||||	1	0	0	32.500087	34.920731
	נתניה	הנוטע 2			||||||	1	0	0	32.327720	34.856810
	58000	אזור			||||||	1	0	0	32.029539	34.798848
	אזור	יצחק שדה 16			||||||	1	0	0	32.022883	34.811253
	רמת גן	דוד בן גוריון 24			||||||	1	0	0	32.093436	34.821986
	נווה דניאל	עמק ברכה			||||||	1	0	0	31.677146	35.144954
	אשקלון	ברנע			||||||	1	0	0	31.688549	34.572634
	באר שבע	קק"ל 38			||||||	1	0	0	31.238124	34.791794
	ירושלים	שדרות הרצל 103			||||||	1	0	0	31.780800	35.188730
	ירושלים	יפו 44			||||||	1	0	0	31.782196	35.219557
	רעננה	בר גיורא			||||||	1	0	0	32.177985	34.883672
	ראשון לציון	ניר דוד 8			||||||	1	0	0	31.961921	34.779044
	רמת גן	ביאליק 1			||||||	1	0	0	32.078763	34.814856
	באר שבע	דרך השלום 56			||||||	1	0	0	31.252572	34.809355
	רהט	149			||||||	1	0	0	31.401530	34.758025
	אשקלון	הגבורה 3			||||||	1	0	0	31.665405	34.563352
	יבנה	הנשיאים 2			||||||	1	0	0	31.872312	34.749354
	פתח תקווה	בר כוכבא 30			||||||	1	0	0	32.092321	34.885716
	באר שבע	דרך מצדה 64			||||||	1	0	0	31.259014	34.789517
	אשדוד	שדרות מנחם בגין			||||||	1	0	0	31.785510	34.648417
	אילת	תרשיש 1			||||||	1	0	0	29.551836	34.956716
	שלומי	יפה נוף 17			||||||	1	0	0	33.070232	35.148507
	ראשון לציון	שדרות יוסף לישנסקי 6			||||||	1	0	0	31.988638	34.765105
	ירושלים	הקרן הקימת לישראל 13			||||||	1	0	0	31.776851	35.214965
	בת ים	בלפור 69			||||||	1	0	0	32.023456	34.745570
	אשדוד	העצמאות 85			||||||	1	0	0	31.787959	34.644290
	תל אביב-יפו	שמחה הולצברג 7			||||||	1	0	0	32.032300	34.744899
	ראשון לציון	התזמורת 54			||||||	1	0	0	31.963960	34.771699
	נתניה	צבי שכטרמן 28			||||||	1	0	0	32.319530	34.881900
	לוד	שדרות שלמה המלך 46			||||||	1	0	0	31.942897	34.882353
	2822632	קרית אתא			||||||	1	0	0	32.806217	35.075678
	4250422	נתניה			||||||	1	0	0	32.280899	34.859611
	4246104	נתניה			||||||	1	0	0	32.325483	34.860822
	6334217	תל אביב-יפו			||||||	1	0	0	32.076701	34.769720
	אום אל-פחם	עין ג'ראר			||||||	1	0	0	32.510051	35.142063
	תל אביב-יפו	בוגרשוב 18			||||||	1	0	0	32.077044	34.769181
	רמת גן	דוד בן גוריון 32			||||||	1	0	0	32.092148	34.822285
	אשדוד	שדרות הרב לוין 35			||||||	1	0	0	31.791778	34.659823
	הרצליה	קדושי השואה 67			||||||	1	0	0	32.170372	34.802315
	נתניה	הרצל 7			||||||	1	0	0	32.329787	34.854068
	בת ים	דקר 1			||||||	1	0	0	32.018914	34.742923
	נהריה	לוחמי הגטאות 12			||||||	1	0	0	33.004642	35.097868
	חדרה	שכטמן 10			||||||	1	0	0	32.441724	34.895061
	כרמיאל	4			||||||	1	0	0	32.909547	35.293073
	נתניה	הרצל 17			||||||	1	0	0	32.329284	34.855660
	אליפלט	1			||||||	1	0	0	32.948544	35.545009
	יבנה	רחוב הרצל 19			||||||	1	0	0	31.858909	34.721820
	אשקלון	התחייה 9			||||||	1	0	0	31.659443	34.589068
	שערי תקווה	יהלום 25			||||||	1	0	0	32.123212	35.026559
	גבעתיים	כצנלסון 114			||||||	1	0	0	32.077042	34.814728
	ראשון לציון	לח"י 2			||||||	1	0	0	31.985546	34.766757
	נתניה	גבע 7			||||||	1	0	0	32.324986	34.858187
	תל אביב-יפו	אצ"ל 89			||||||	1	0	0	32.048208	34.793365
	בני ברק	אהרונוביץ			||||||	1	0	0	32.092303	34.839092
	חולון	העלייה השנייה 32			||||||	1	0	0	32.011553	34.769839
	ערערה בנגב	68			||||||	1	0	0	31.162143	35.010078
	רמת גן	ארלוזורוב 56			||||||	1	0	0	32.081691	34.809221
	הוד השרון	דרך מגדיאל 45			||||||	1	0	0	32.158460	34.900433
	צפת	חיים וייצמן 8			||||||	1	0	0	32.957424	35.496151
	ראשון לציון	מורשת ישראל 15			||||||	1	0	0	31.975656	34.774254
	תל אביב-יפו	דרך בן צבי			||||||	1	0	0	32.044301	34.769058
	אשדוד	גשר עד הלום			||||||	1	0	0	31.782065	34.669401
	תל אביב-יפו	דיזנגוף 50			||||||	1	0	0	32.075121	34.774934
	פרדס חנה כרכור	הגאון 54			||||||	1	0	0	32.473003	34.956425
	קרני שומרון	שדרות רחבעם			||||||	1	0	0	32.175422	35.094407
	הרצליה	צמרות 2			||||||	1	0	0	32.151627	34.843502
	נתניה	יוסף ספיר 9			||||||	1	0	0	32.328409	34.860504
	רהט	רחוב רהט 72			||||||	1	0	0	31.391581	34.745784
	בני ברק	רבי עקיבא 2			||||||	1	0	0	32.090995	34.825013
	אשקלון	שפירא 17			||||||	1	0	0	31.657657	34.553877
	קצרין1290017 1290017	מרכז מסחרי איתן קצרין			||||||	1	0	0	32.990998	35.689865
	בני ברק	חזון אי"ש 23			||||||	1	0	0	32.082826	34.835643
	באר שבע	103			||||||	1	0	0	31.270257	34.760709
	ירושלים	התנופה 12			||||||	1	0	0	31.750970	35.214821
	גדרה	אירוס 1			||||||	1	0	0	31.810450	34.784834
	נתניה	קהילת צפת 1			||||||	1	0	0	32.305165	34.845582
	הרצליה	גלגלי הפלדה 6			||||||	1	0	0	32.163124	34.808599
	רמת גן	ביאליק 69			||||||	1	0	0	32.085087	34.811744
	פתח תקווה	הרכש 3			||||||	1	0	0	32.094025	34.861881
	באר שבע	שמעון בר גיורא 29			||||||	1	0	0	31.261034	34.792568
	רהט	85			||||||	1	0	0	31.391615	34.762276
	אלפי מנשה	רחוב כינרת 4			||||||	1	0	0	32.165600	35.018852
	חולון	יהושע רבינוביץ 58			||||||	1	0	0	31.996759	34.773475
	נתניה	יהושע שטמפפר 2			||||||	1	0	0	32.329146	34.855269
	5321608	גבעתיים			||||||	1	0	0	32.075515	34.805728
	בני ברק	ז'בוטינסקי/ אבו חצירא			||||||	1	0	0	32.092113	34.832382
	רמת גן	רחוב זאב ז'בוטינסקי 64			||||||	1	0	0	32.087255	34.812540
	באר שבע	סוקולוב 24			||||||	1	0	0	31.246530	34.789668
	עזריאל	הכרם			||||||	1	0	0	32.260412	34.969286
	רהט	44			||||||	1	0	0	31.400171	34.746464
	ירושלים	אגריפס 135			||||||	1	0	0	31.784861	35.210450
	ראשון לציון	המאה ועשרים 4			||||||	1	0	0	31.979664	34.747590
	באר שבע	מבצע יואב 45			||||||	1	0	0	31.261909	34.779598
	32990	קרית מוצקין			||||||	1	0	0	32.831842	35.073624
	אשקלון	גיורא יוספטל 15			||||||	1	0	0	31.652407	34.560519
	ירושלים	אגריפס 6			||||||	1	0	0	31.783050	35.216790
	חולון	ההסתדרות 125			||||||	1	0	0	32.016493	34.782897
	יהוד מונוסון	אלטלף 4			||||||	1	0	0	32.026244	34.901001
	באר שבע	מבצע נחשון 4			||||||	1	0	0	31.259080	34.781664
	9422901	ירושלים			||||||	1	0	0	31.783035	35.217800
	ירושלים	בן יהודה 4			||||||	1	0	0	31.781737	35.218585
	7403121	נס ציונה			||||||	1	0	0	31.923007	34.801985
	קרית גת	משעול דקר 5			||||||	1	0	0	31.607194	34.752426
	רמלה	מנחם דניאל 5			||||||	1	0	0	31.923432	34.874559
	כפר סבא	לוי אשכול 35			||||||	1	0	0	32.183291	34.938668
	פתח תקווה	חפץ חיים 2			||||||	1	0	0	32.085874	34.886267
	פתח תקווה	רחוב זאב ז'בוטינסקי 72			||||||	1	0	0	32.093022	34.865521
	רעננה	אחוזה 108			||||||	1	0	0	32.180506	34.875794
	אשדוד	הבטיחות 10			||||||	1	0	0	31.833134	34.679607
	טבריה	שקד 801			||||||	1	0	0	32.786927	35.520963
	נתניה	דרך רזיאל 5			||||||	1	0	0	32.327897	34.861495
	3062001	אור עקיבא			||||||	1	0	0	32.501976	34.927017
	קרית אתא	זבולון 36			||||||	1	0	0	32.804761	35.099643
	גבעת שמואל	הזיתים 63			||||||	1	0	0	32.078990	34.852006
	בת ים	ליבורנו 28			||||||	1	0	0	32.013545	34.760619
	אשדוד	שבט ראובן			||||||	1	0	0	31.778699	34.635692
	Rishon LeZion	Sderot Nim 2			||||||	1	0	0	31.949020	34.804545
	תל שבע	108			||||||	1	0	0	31.242050	34.865930
	באר שבע	מרדכי מקלף			||||||	1	0	0	31.268147	34.781707
	ראש פינה	מעלה גיא אוני 1			||||||	1	0	0	32.968593	35.548424
	תל אביב-יפו	יפת 90			||||||	1	0	0	32.045774	34.752416
	7522313	ראשון לציון			||||||	1	0	0	31.964337	34.795910
	ירושלים	גנרל פייר קניג 26			||||||	1	0	0	31.753573	35.213472
	חצור הגלילית	יצחק שמיר 5			||||||	1	0	0	32.976988	35.543885
	תל אביב-יפו	עציון גבר 1			||||||	1	0	0	32.054536	34.761716
	ראשון לציון	גבעתי 1			||||||	1	0	0	31.967681	34.817047
	5838209	חולון			||||||	1	0	0	32.017042	34.774878
	בני ברק	רחוב זאב ז'בוטינסקי 136			||||||	1	0	0	32.092491	34.835737
	כפר יונה	שדרות מנחם בגין 34			||||||	1	0	0	32.312614	34.936954
	בת ים	שדרות העצמאות 63			||||||	1	0	0	32.026776	34.748020
	נתניה	בארי 68			||||||	1	0	0	32.340012	34.861461
	תל אביב-יפו	מסילת ישרים 21			||||||	1	0	0	32.050030	34.776272
	נתיבות	יוסף סמלו 12			||||||	1	0	0	31.420304	34.599970
	תל אביב-יפו	דוד רזיאל 22			||||||	1	0	0	32.055402	34.756047
	חולון	מנחם בגין 4			||||||	1	0	0	32.004579	34.768638
	רמת גן	רש"י 24			||||||	1	0	0	32.091753	34.818342
	עתלית	דרך הים 3			||||||	1	0	0	32.696625	34.946046
	רחובות	דרך ירושלים 2			||||||	1	0	0	31.887455	34.820200
	בת ים	רוטשילד 34			||||||	1	0	0	32.026963	34.747655
	בת ים	בלפור 86			||||||	1	0	0	32.018869	34.745373
	ראשון לציון	התזמורת 29			||||||	1	0	0	31.965604	34.775112
	רחובות	ביל"ו 2			||||||	1	0	0	31.893560	34.807537
	ירושלים	האומן 17			||||||	1	0	0	31.750442	35.209055
	קרית אונו	מרזוק ועזר 1			||||||	1	0	0	32.063760	34.857618
	תל אביב-יפו	סנפיר 10			||||||	1	0	0	32.053227	34.809948
	כפר סבא	ויצמן 60			||||||	1	0	0	32.176356	34.903033
	ירושלים	יד חרוצים 18			||||||	1	0	0	31.751051	35.215372
	רמת השרון	סוקולוב 81			||||||	1	0	0	32.147299	34.839028
	תל אביב יפו	יגאל אלון 1			||||||	1	0	0	32.054096	34.791414
	בת ים	יוספטל 92			||||||	1	0	0	32.015193	34.755915
	רמת גן	הרצל 75			||||||	1	0	0	32.087058	34.814808
	גבעתיים	ז'בוטינסקי 126			||||||	1	0	0	32.073007	34.817162
	ראשון לציון	דוד סחרוב 21			||||||	1	0	0	31.990513	34.774252
	ראשון לציון	רוטשילד 74			||||||	1	0	0	31.964240	34.796882
	חולון	סוקולוב 20			||||||	1	0	0	32.022911	34.772067
	חולון	סוקולוב 51			||||||	1	0	0	32.022878	34.776175
	שדרות	בן יהודה 6			||||||	1	0	0	31.522824	34.596378
	רמת גן	הרצל 71			||||||	1	0	0	32.086295	34.814950
	בית שמש	מרים הנביאה 16			||||||	1	0	0	31.701324	34.992923
	ראשון לציון	שדרות יעקב 2			||||||	1	0	0	31.960326	34.823802
	רמת גן	הרצל 48			||||||	1	0	0	32.083940	34.815650
	ראשון לציון	טרכטנברג 18			||||||	1	0	0	31.971718	34.802025
	גבעתיים	דרך יצחק רבין 53			||||||	1	0	0	32.066595	34.810150
	בת ים	בלפור 70			||||||	1	0	0	32.021176	34.745315
	תל אביב-יפו	לוינסקי 107			||||||	1	0	0	32.056750	34.780099
	מעלה אדומים	דרך קדם 5			||||||	1	0	0	31.773963	35.302658
	הרצליה	סוקולוב 81			||||||	1	0	0	32.167375	34.847793
	תל אביב יפו	לוינסקי 118			||||||	1	0	0	32.056159	34.780790
	בת ים	יוספטל 97			||||||	1	0	0	32.015563	34.754358
	גבעתיים	כצנלסון 19			||||||	1	0	0	32.075460	34.803787
	רמת גן	הרצל 12			||||||	1	0	0	32.081223	34.818491
	כרמיאל	ההגנה 23			||||||	1	0	0	32.904415	35.282055
	ערערה בנגב	4			||||||	1	0	0	31.160571	35.010900
	חולון	סוקולוב 32			||||||	1	0	0	32.022774	34.772847
	חולון	סוקולוב 81			||||||	1	0	0	32.022659	34.779745
	חולון	המרגנית 2			||||||	1	0	0	32.009598	34.778864
	רמת השרון	סוקולוב 78			||||||	1	0	0	32.146888	34.839217
	ירושלים	גנרל פייר קניג 26			||||||	1	0	0	31.753857	35.213796
	עפולה	הנרייטה סולד 24			||||||	1	0	0	32.623544	35.331472
	חולון	אילת 36			||||||	1	0	0	32.017924	34.764619
	ראשון לציון	התזמורת 29			||||||	1	0	0	31.965520	34.775039
	קרית אתא	העצמאות 55			||||||	1	0	0	32.805644	35.103875
	חולון	סוקולוב 128			||||||	1	0	0	32.022172	34.784247
	בת ים	בלפור 65			||||||	1	0	0	32.024018	34.745484
	תל אביב יפו	שלבים 10			||||||	1	0	0	32.050338	34.764779
	תל אביב יפו	לוינסקי 116			||||||	1	0	0	32.056344	34.780274
	פתח תקווה	רפאל איתן 3			||||||	1	0	0	32.103332	34.882197
	ראשון לציון	דוד סחרוב 21			||||||	1	0	0	31.990107	34.774427
	מודיעין עילית	שדרות יחזקאל 2			||||||	1	0	0	31.937023	35.038943
	אשדוד	הגדוד העברי 5			||||||	1	0	0	31.790882	34.638102
	בת ים	בלפור 127			||||||	1	0	0	32.015029	34.743492
	בת ים	בלפור 48			||||||	1	0	0	32.025129	34.745024
	בת ים	בלפור 73			||||||	1	0	0	32.023126	34.745478
	נתניה	הנביאים 3			||||||	1	0	0	32.297342	34.854184
	ירושלים	מאיר גרשון 38			||||||	1	0	0	31.819635	35.249007
	חולון	התנאים 5			||||||	1	0	0	32.005413	34.764081
	בת ים	בלפור 38			||||||	1	0	0	32.026369	34.744982
	בת ים	רוטשילד 27			||||||	1	0	0	32.027057	34.746349
	בת ים	יצחק שדה 29			||||||	1	0	0	32.010889	34.743079
	תל אביב יפו	בן יהודה 81			||||||	1	0	0	32.081596	34.770569
	ירושלים	יונה 3			||||||	1	0	0	31.789211	35.216747
	תל אביב יפו	סנפיר 10			||||||	1	0	0	32.053277	34.809999
	חולון	מקווה ישראל 32			||||||	1	0	0	32.027611	34.780685
	חיפה	הרצל 63			||||||	1	0	0	32.807888	35.000961
	גני תקווה	הכרמל 20			||||||	1	0	0	32.058948	34.880156
	ראשון לציון	הכרמל 20			||||||	1	0	0	31.962065	34.804803
	בת ים	שדרות העצמאות 67			||||||	1	0	0	32.028242	34.748081
	אשקלון	בנימין 29			||||||	1	0	0	31.651745	34.585726
	רעננה	אחוזה 127			||||||	1	0	0	32.180522	34.873569
	8767201	נתיבות			||||||	1	0	0	31.419092	34.565314
	באר שבע	סיני 3/30			||||||	1	0	0	31.247153	34.782855
	אריאל	הבנאי 6			||||||	1	0	0	32.100717	35.170192
	אום אל-פחם	עין ח'אלד			||||||	1	0	0	32.516330	35.140454
	4956039	פתח תקווה			||||||	1	0	0	32.091241	34.883980
	2629402	חיפה			||||||	1	0	0	32.811070	35.069711
	באר שבע	יצחק בן צבי 2			||||||	1	0	0	31.244246	34.795158
	תל אביב-יפו	הרצל 10			||||||	1	0	0	32.062529	34.769963
	כפר סבא	לוי אשכול 47			||||||	1	0	0	32.182093	34.940503
	ירושלים	יצחק ברויאר 13			||||||	1	0	0	31.766745	35.183201
	5842402	חולון			||||||	1	0	0	32.023561	34.797682
	נתניה	אלון צבי 7			||||||	1	0	0	32.326499	34.858905
	פתח תקווה	תוצרת הארץ 3			||||||	1	0	0	32.090982	34.860300
	באר שבע	אבוחצירה 3			||||||	1	0	0	31.269119	34.779069
	אילת	שדרות התמרים 42			||||||	1	0	0	29.559169	34.951102
	אילת	שדרות התמרים 19			||||||	1	0	0	29.555887	34.951854
	7745905	אשדוד			||||||	1	0	0	31.787178	34.646223
	שגב שלום שוקייב א סאלם	286			||||||	1	0	0	31.187825	34.836394
	8703066	שדרות			||||||	1	0	0	31.525153	34.593634
	ראשון לציון	שדרות יוסף לישנסקי 20			||||||	1	0	0	31.993541	34.767786
	עפולה	ירושלים 35			||||||	1	0	0	32.604923	35.290301
	בת ים	ישראל בן ציון 8			||||||	1	0	0	32.015962	34.746157
	8499100	לקיה			||||||	1	0	0	31.321765	34.860140
	5228207	רמת גן			||||||	1	0	0	32.070447	34.826206
	ראש העין	ג'ון קנדי 36			||||||	1	0	0	32.095216	34.952580
	ראשון לציון	רוטשילד 8			||||||	1	0	0	31.964489	34.805962
	תל אביב-יפו	רחוב יהודה מרגוזה 36			||||||	1	0	0	32.051136	34.753536
	6433238	תל אביב-יפו			||||||	1	0	0	32.076249	34.774868
	לוד	י"א חללי מינכן 10			||||||	1	0	0	31.946762	34.894717
	נתניה	נחמה וינר 9			||||||	1	0	0	32.294461	34.853596
	סביון	עגורים 26			||||||	1	0	0	32.043149	34.890248
	אשדוד	הקליטה 1			||||||	1	0	0	31.788221	34.643734
	נהורה	התאנה 540			||||||	1	0	0	31.624240	34.705413
	אשדוד	הרב שאולי 5			||||||	1	0	0	31.798384	34.643107
	אשקלון	אפרים 17			||||||	1	0	0	31.655430	34.586347
	פרדס חנה כרכור	תחייה 7			||||||	1	0	0	32.467531	34.952515
	תל אביב-יפו	דרך שלמה 157			||||||	1	0	0	32.054172	34.779941
	ירושלים	בר אילן 1			||||||	1	0	0	31.795516	35.219834
	4728014	רמת השרון			||||||	1	0	0	32.129427	34.853978
	פתח תקווה	קלישר?‎ 28			||||||	1	0	0	32.081464	34.892576
	אשדוד	רמב"ם 2			||||||	1	0	0	31.804969	34.652388
	קרית אונו	שלמה המלך 6			||||||	1	0	0	32.053810	34.858784
	תל אביב-יפו	בית אל 12			||||||	1	0	0	32.118322	34.839472
	בת ים	בלפור 54			||||||	1	0	0	32.024335	34.744977
	בני ברק	רבי עקיבא 19			||||||	1	0	0	32.089577	34.826307
	צפת	ירושלים 70			||||||	1	0	0	32.967270	35.494248
	חולון	גולדה מאיר 7			||||||	1	0	0	32.012288	34.779430
	נתניה	שדרות ירושלים			||||||	1	0	0	32.324614	34.853397
	נתניה	החלוצים 7			||||||	1	0	0	32.299603	34.908550
	ראשון לציון	ברל כצנלסון 3			||||||	1	0	0	31.967002	34.799045
	עפולה	כיכר העצמאות 6			||||||	1	0	0	32.609031	35.289285
	חצור הגלילית	ההסתדרות 2			||||||	1	0	0	32.981266	35.543150
	חורה	146			||||||	1	0	0	31.304115	34.943259
	קרית מלאכי	זבוטינסקי 3			||||||	1	0	0	31.725225	34.743260
	בית שמש	שדרות האמוראים 76			||||||	1	0	0	31.701384	34.970881
	גני תקווה	דרך הים 14			||||||	1	0	0	32.064588	34.875004
	בני ברק	הרב אברהם יצחק הכהן קוק 10			||||||	1	0	0	32.087274	34.826824
	ראשון לציון	התזמורת 60			||||||	1	0	0	31.964893	34.772100
	חולון	שדרות דב הוז 69			||||||	1	0	0	32.023218	34.762814
	נס ציונה	וייצמן 12			||||||	1	0	0	31.926947	34.798223
	דימונה	שדרות יגאל אלון			||||||	1	0	0	31.063440	35.036094
	כפר סבא	ויצמן 108			||||||	1	0	0	32.175045	34.908684
	ירושלים	אגריפס 71			||||||	1	0	0	31.783748	35.213463
	נהריה	הרצל 62			||||||	1	0	0	33.007417	35.096261
	ראשון לציון	זבוטינסקי 16			||||||	1	0	0	31.961507	34.800662
	פתח תקווה	בנימין מינץ 2			||||||	1	0	0	32.077594	34.889072
	נתניה	נחמה וינר 9			||||||	1	0	0	32.294567	34.853647
	ירושלים	אורוגואי 3			||||||	1	0	0	31.760286	35.176498
	רחובות	דרך ששת הימים 110			||||||	1	0	0	31.890790	34.790801
	בת ים	בלפור 98			||||||	1	0	0	32.016693	34.744607
	ירושלים	דוד המלך 8			||||||	1	0	0	31.777128	35.222379
	חצור הגלילית	בן גוריון 17			||||||	1	0	0	32.981564	35.544721
	נתניה	הרצל 14			||||||	1	0	0	32.329296	34.854691
	טבריה	שדרות ספיר			||||||	1	0	0	32.785127	35.519751
	בני ברק	רש"י 6			||||||	1	0	0	32.085243	34.835232
	מגדל העמק	העצמאות 50			||||||	1	0	0	32.680935	35.235675
	בת ים	החרושת 3			||||||	1	0	0	32.014873	34.748915
	לוד	הרצל 21			||||||	1	0	0	31.951731	34.894765
	פתח תקווה	חיים עוזר 12			||||||	1	0	0	32.088448	34.886609
	באר שבע	דרך השלום 3			||||||	1	0	0	31.251866	34.801673
	חולון	סוקולוב 31			||||||	1	0	0	32.022990	34.772982
	בת ים	הרב עוזיאל 25			||||||	1	0	0	32.022231	34.749619
	באר שבע	דרך מצדה 187			||||||	1	0	0	31.258563	34.775834
	בת ים	הרצל 55			||||||	1	0	0	32.022065	34.743399
	ירושלים	תפארת ישראל 8			||||||	1	0	0	31.775933	35.231363
	8446335	באר שבע			||||||	1	0	0	31.257365	34.767848
	גדרה	הרצל 8			||||||	1	0	0	31.808048	34.766741
	תל אביב יפו	אלנבי 10			||||||	1	0	0	32.073285	34.765902
	קרית אתא	העצמאות 8			||||||	1	0	0	32.798912	35.102871
	בית שמש	נחל ניצנים 8			||||||	1	0	0	31.713122	34.988219
	תל אביב-יפו	הארבעה 10			||||||	1	0	0	32.070327	34.783774
	בת ים	אהוד קינמון 16			||||||	1	0	0	32.010231	34.749486
	לוד	הרצל 21			||||||	1	0	0	31.951496	34.894617
	נתניה	שדרות גיבורי ישראל 15			||||||	1	0	0	32.281138	34.861912
	קרית מוצקין	שדרות משה גושן 85			||||||	1	0	0	32.832139	35.073457
	בת ים	רוטשילד 42			||||||	1	0	0	32.027127	34.749465
	תל אביב-יפו	ביל"ו 2			||||||	1	0	0	32.068035	34.779557
	אבו דיס				||||||	1	0	0	31.763582	35.257722
	עראבה				||||||	1	0	0	32.853705	35.337167
	באר שבע				||||||	1	0	0	31.252102	34.786769
	בית גן				||||||	1	0	0	32.965655	35.381268
	רמאללה				||||||	1	0	0	31.903764	35.203418
	עתיל				||||||	1	0	0	32.370069	35.072538
	גבעתיים	כצנלסון 67			||||||	1	0	0	32.075461	34.808796
	גבעתיים	כצנלסון 109			||||||	1	0	0	32.077022	34.813559
	רמת גן	הרצל 12			||||||	1	0	0	32.081542	34.818632
	ירושלים	יד חרוצים 18			||||||	1	0	0	31.750922	35.215385
	עין מאהל	עין מאהל כביש ראשי- מול המועצה האזורית			||||||	1	0	0	32.722011	35.350747
	באר יעקב	שא נס 17			||||||	1	0	0	31.941776	34.833700
	בת ים	יוספטל 92			||||||	1	0	0	32.015183	34.756167
	לח"י				||||||	1	0	0	32.103165	34.837015
	רהט	134			||||||	1	0	0	31.386642	34.770112
	ראשון לציון	יהודה הלוי 6			||||||	1	0	0	31.966724	34.807421
	נתניה	הרצל 12			||||||	1	0	0	32.329404	34.854322
	בת ים	בלפור 85			||||||	1	0	0	32.020914	34.745679
	חולון	משה שרת 19			||||||	1	0	0	32.008480	34.792570
	יבנה	הדוגית 16			||||||	1	0	0	31.866917	34.735896
	אשדוד	הנביאים 3			||||||	1	0	0	31.782228	34.648642
	רמת גן	תובל 36			||||||	1	0	0	32.086114	34.802737
	ירושלים	עמק רפאים 24			||||||	1	0	0	31.764567	35.220505
	באר יעקב	קרן היסוד 2			||||||	1	0	0	31.942434	34.834911
	שלומי	דוד בן גוריון 236			||||||	1	0	0	33.068572	35.141613
	באר שבע	מבצע יואב 40			||||||	1	0	0	31.260186	34.779818
	בת ים	אנילביץ' 4			||||||	1	0	0	32.021847	34.750942
	רמלה	שדרות הרצל 27			||||||	1	0	0	31.933978	34.868075
	רהט				||||||	1	0	0	31.395138	34.753359
	דימונה	הפועלים 5			||||||	1	0	0	31.062960	35.019050
	חוגלה				||||||	1	0	0	32.389070	34.924252
	דיר חנא				||||||	1	0	0	32.862282	35.366227
	ריחן				||||||	1	0	0	32.468752	35.135271
	גורן				||||||	1	0	0	33.055566	35.233619
	באקה אל-ע'רביה				||||||	1	0	0	32.422891	35.035764
	חברון				||||||	1	0	0	31.532569	35.099826
	יטא				||||||	1	0	0	31.444150	35.090105
	דימונה				||||||	1	0	0	31.066701	35.034233
	סח'נין				||||||	1	0	0	32.864167	35.294547
	אבו סנאן				||||||	1	0	0	32.958030	35.171969
	יפיע				||||||	1	0	0	32.695002	35.282010
	נחף				||||||	1	0	0	32.934675	35.316520
	ואדי פוכין				||||||	1	0	0	31.707272	35.104193
	ירושלים				||||||	1	0	0	31.768319	35.213710
	באר שבע				||||||	1	0	0	31.252973	34.791462
	כפר כנא				||||||	1	0	0	32.748198	35.343840
	כפר ברא				||||||	1	0	0	32.130911	34.970108
	ג'נין				||||||	1	0	0	32.464635	35.293859
	משמר הנגב				||||||	1	0	0	31.364796	34.717968
	מעלות תרשיחא				||||||	1	0	0	33.015026	35.276017
	הגדה המערבית				||||||	1	0	0	31.946570	35.302723
	בית חרות				||||||	1	0	0	32.383325	34.867587
	חורפיש				||||||	1	0	0	33.016688	35.347106
	קפין				||||||	1	0	0	32.433378	35.084300
	לקיה				||||||	1	0	0	31.324884	34.866219
	עין יהב				||||||	1	0	0	30.657494	35.236790
	שלומי				||||||	1	0	0	33.072609	35.145945
	ערערה				||||||	1	0	0	32.496323	35.097292
	זרזיר				||||||	1	0	0	32.723291	35.220436
	מע'אר				||||||	1	0	0	32.890704	35.404610
	כפר כנא				||||||	1	0	0	32.750474	35.340040
	פסוטה				||||||	1	0	0	33.047820	35.308827
	שפרעם				||||||	1	0	0	32.805765	35.169971
	תרקומיא				||||||	1	0	0	31.577330	35.014174
	431				||||||	1	0	0	31.915865	34.865590
	חורה				||||||	1	0	0	31.300399	34.935688
	ברקן				||||||	1	0	0	32.109487	35.106008
	קדרון				||||||	1	0	0	31.814142	34.795548
					||||||	1	0	0	31.865575	35.261645
	עוזייר				||||||	1	0	0	32.790614	35.326882
					||||||	1	0	0	31.934364	34.858624
	אשדוד				||||||	1	0	0	31.804381	34.655314
	להבים				||||||	1	0	0	31.373835	34.816952
	כפר קאסם				||||||	1	0	0	32.117392	34.968918
	קלקיליה				||||||	1	0	0	32.196015	34.981513
	פוריידיס				||||||	1	0	0	32.597351	34.951899
	ערד				||||||	1	0	0	31.261447	35.214862
	תל שבע				||||||	1	0	0	31.247569	34.861193
	טירה				||||||	1	0	0	32.235226	34.951808
	זמר				||||||	1	0	0	32.367516	35.032996
	כינרת				||||||	1	0	0	32.723787	35.565242
	מחולה				||||||	1	0	0	32.365285	35.516020
	דאלית אל-כרמל				||||||	1	0	0	32.693796	35.055447
	אום אל-פחם				||||||	1	0	0	32.517127	35.148529
	נוגה				||||||	1	0	0	31.625691	34.695280
	חורה				||||||	1	0	0	31.299726	34.935863
	קרית עקרון				||||||	1	0	0	31.864892	34.816623
	קרית גת				||||||	1	0	0	31.611148	34.768459
	צומת אלונים				||||||	1	0	0	32.709023	35.142814
	קרית עקרון				||||||	1	0	0	31.862547	34.821958
	באר שבע				||||||	1	0	0	31.277800	34.800435
	ביתר עילית				||||||	1	0	0	31.701002	35.111925
	שגב שלום שוקייב א סאלם				||||||	1	0	0	31.198361	34.839665
	אשקלון				||||||	1	0	0	31.668789	34.574252
	דיר אל-אסד				||||||	1	0	0	32.934450	35.268394
	חורה				||||||	1	0	0	32.404882	34.896721
	דיר חנא				||||||	1	0	0	32.862316	35.365253
	טייבה				||||||	1	0	0	32.266892	35.009675
	טולכרם				||||||	1	0	0	32.319405	35.023986
	אילת				||||||	1	0	0	29.557669	34.951925
	שבלי - אום אל-גנם				||||||	1	0	0	32.684167	35.396944
	אבו קורינאת				||||||	1	0	0	31.103115	34.952003
	פרדס חנה כרכור				||||||	1	0	0	32.472803	34.974200
	שדה משה				||||||	1	0	0	31.610982	34.800427
	כפר מנדא				||||||	1	0	0	32.812360	35.258613
	אעבלין				||||||	1	0	0	32.821799	35.190120
	קלנסווה				||||||	1	0	0	32.285791	34.981487
	ביר אל-מכסור				||||||	1	0	0	32.777291	35.220571
	שדה עוזיהו				||||||	1	0	0	31.758437	34.678194
	בית שמש				||||||	1	0	0	31.747041	34.988099
	בית לחם הגלילית				||||||	1	0	0	32.734558	35.191271
	חולון				||||||	1	0	0	32.015833	34.787384
	כפר יאסיף				||||||	1	0	0	32.952032	35.159996
	קרית טבעון				||||||	1	0	0	32.716221	35.127483
	טייבה				||||||	1	0	0	32.266841	35.009655
	תל שבע				||||||	1	0	0	31.245073	34.860382
	בית לחם				||||||	1	0	0	31.705382	35.202442
	כסיפה				||||||	1	0	0	31.249246	35.083681
	טירת כרמל				||||||	1	0	0	32.762127	34.972980
	גן השומרון				||||||	1	0	0	32.465007	34.999047
	דאלית אל-כרמל				||||||	1	0	0	32.692276	35.048286
	טירה				||||||	1	0	0	32.235466	34.950506
	עין קיניא				||||||	1	0	0	33.236680	35.731306
	אילת				||||||	1	0	0	29.559795	34.945467
	דימונה				||||||	1	0	0	31.069419	35.033363
	ניר בנים				||||||	1	0	0	31.671177	34.755012
	קלנסווה				||||||	1	0	0	32.285458	34.981094
	באר שבע				||||||	1	0	0	31.219306	34.803144
	בוקעאתא				||||||	1	0	0	33.202657	35.776772
	ראשון לציון				||||||	1	0	0	31.959081	34.802089
	דאלית אל-כרמל				||||||	1	0	0	32.693481	35.047018
	אופקים				||||||	1	0	0	31.306754	34.619800
	גבעתי				||||||	1	0	0	31.733138	34.679478
	ג'סר א זרקא				||||||	1	0	0	32.536262	34.911569
	מודיעין מכבים רעות				||||||	1	0	0	31.890267	35.010397
	ערערה בנגב				||||||	1	0	0	31.165494	35.033371
	גן יבנה				||||||	1	0	0	31.783603	34.703177
	מעלות תרשיחא				||||||	1	0	0	33.019167	35.283056
	חדרה				||||||	1	0	0	32.434017	34.914763
	אור יהודה				||||||	1	0	0	32.029748	34.856173
	עין מאהל				||||||	1	0	0	32.724295	35.353369
	בת חפר				||||||	1	0	0	32.333714	35.013729
	מייסר				||||||	1	0	0	32.445246	35.042131
	פרדסיה				||||||	1	0	0	32.305011	34.911731
	ג'דיידה מכר				||||||	1	0	0	32.928656	35.150573
	ערערה בנגב				||||||	1	0	0	31.160927	35.019757
	עיילבון				||||||	1	0	0	32.837949	35.399996
	קסר א סיר/הואשלה				||||||	1	0	0	31.083328	34.989456
	א-שייח דנון				||||||	1	0	0	32.993829	35.148568
	עכו				||||||	1	0	0	32.933052	35.082678
	עין בוקק				||||||	1	0	0	31.198429	35.363724
	כאבול				||||||	1	0	0	32.869974	35.205438
	באר טוביה				||||||	1	0	0	31.766563	34.665920
	טייבה				||||||	1	0	0	32.604701	35.444573
	ראש פינה				||||||	1	0	0	32.969019	35.542859
	מעגלים				||||||	1	0	0	31.398859	34.598239
	שדרות				||||||	1	0	0	31.522694	34.595581
	כפר מנדא				||||||	1	0	0	32.811110	35.261854
	פקיעין				||||||	1	0	0	32.978735	35.333363
	ירושלים				||||||	1	0	0	31.841112	35.241095
	ראשון לציון				||||||	1	0	0	31.973001	34.792501
	כפר קאסם				||||||	1	0	0	32.114093	34.972767
	ג'לג'וליה				||||||	1	0	0	32.152457	34.953975
	מודיעין מכבים רעות				||||||	1	0	0	31.896174	35.011386
	אבן יהודה				||||||	1	0	0	32.270043	34.880963
	באקה אל-ע'רביה				||||||	1	0	0	32.419305	35.035289
	ריינה				||||||	1	0	0	32.719924	35.317654
	דגניה א'				||||||	1	0	0	32.706938	35.575062
	באר שבע				||||||	1	0	0	31.240548	34.796447
	נהריה				||||||	1	0	0	33.008536	35.098051
	באר שבע				||||||	1	0	0	31.263368	34.779118
	רמת ישי				||||||	1	0	0	32.706954	35.174617
	גילת				||||||	1	0	0	31.326321	34.648934
	ראמה				||||||	1	0	0	32.937112	35.366984
	קרית ים				||||||	1	0	0	32.851004	35.070244
	ירכא				||||||	1	0	0	32.953492	35.211990
	נוף הגליל				||||||	1	0	0	32.711539	35.324812
	בענה				||||||	1	0	0	32.929538	35.271917
	ירוחם				||||||	1	0	0	30.987804	34.929741
	טמרה				||||||	1	0	0	32.852247	35.201315
	שגב שלום שוקייב א סאלם				||||||	1	0	0	31.197117	34.838384
	ירושלים				||||||	1	0	0	31.776883	35.222435
	תימורים				||||||	1	0	0	31.716336	34.761356
	חיפה				||||||	1	0	0	32.806360	34.987578
	עילוט				||||||	1	0	0	32.717249	35.261482
	כיסרא סומיע				||||||	1	0	0	32.972320	35.298528
	אופקים				||||||	1	0	0	31.311337	34.622824
	ירושלים				||||||	1	0	0	31.784938	35.215142
	קדש ברנע				||||||	1	0	0	30.903428	34.396679
	נתיבות				||||||	1	0	0	31.423132	34.594647
	עמיעוז				||||||	1	0	0	31.248463	34.413404
	שפיים				||||||	1	0	0	32.216586	34.822409
	חלחול				||||||	1	0	0	31.579890	35.099904
	יבנה				||||||	1	0	0	31.877936	34.736217
	חריש				||||||	1	0	0	32.461877	35.045583
	טמרה				||||||	1	0	0	32.855251	35.185914
	סח'נין				||||||	1	0	0	32.860872	35.310150
	אעבלין				||||||	1	0	0	32.821342	35.195795
	בן זכאי				||||||	1	0	0	31.857223	34.727432
					||||||	1	0	0	31.766586	35.148354
	ריינה				||||||	1	0	0	32.722061	35.315545
	פורת				||||||	1	0	0	32.277081	34.948816
	קרית אונו				||||||	1	0	0	32.054863	34.858858
	רנן				||||||	1	0	0	31.338710	34.600358
	קרית שמונה				||||||	1	0	0	33.211444	35.569257
	תלמים				||||||	1	0	0	31.563416	34.671998
	מזרעה				||||||	1	0	0	32.983652	35.098934
	חיפה				||||||	1	0	0	32.794046	34.989571
	משהד				||||||	1	0	0	32.738912	35.322494
	עילאר				||||||	1	0	0	32.370703	35.108646
	יתד				||||||	1	0	0	31.207042	34.326126
	בית עווא				||||||	1	0	0	31.506718	34.950161
	שקף				||||||	1	0	0	31.514890	34.937318
	עידן				||||||	1	0	0	30.806291	35.299946
	יאנוח ג'ת				||||||	1	0	0	32.981568	35.241169
	בסמ"ה				||||||	1	0	0	32.529401	35.103199
	כאבול				||||||	1	0	0	32.870011	35.207130
	נחל קדרון 18				||||||	1	0	0	31.230413	34.821992
	טובא זנגריה				||||||	1	0	0	32.966210	35.592018
	ראמה				||||||	1	0	0	32.937439	35.366515
	מעיליא				||||||	1	0	0	33.025216	35.253531
	אבו תלול				||||||	1	0	0	31.142612	34.913514
	עמק חפר				||||||	1	0	0	32.349387	34.972710
	רמלה				||||||	1	0	0	31.931566	34.872938
	מבשרת ציון				||||||	1	0	0	31.804052	35.157891
	קדימה צורן	האופה 1			||||||	1	0	0	32.276251	34.919294
	פקיעין				||||||	1	0	0	32.976209	35.335794
	6				||||||	1	0	0	32.037269	34.951302
	בני ברק				||||||	1	0	0	32.084932	34.835226
	דורא				||||||	1	0	0	31.505093	35.027527
	תקוע				||||||	1	0	0	31.652785	35.227517
	ג'וליס				||||||	1	0	0	32.944980	35.184243
	צומת גוש עציון				||||||	1	0	0	31.646241	35.132098
	נאעורה				||||||	1	0	0	32.614680	35.391133
	ראפאת				||||||	1	0	0	32.078686	35.045287
	חצבה				||||||	1	0	0	30.767942	35.278498
	ירושלים				||||||	1	0	0	31.776719	35.234508
	כפר עקב				||||||	1	0	0	31.871956	35.226935
	העמקים				||||||	1	0	0	32.816892	35.078719
	אילות				||||||	1	0	0	29.580548	34.963023
	ג'יש				||||||	1	0	0	33.021266	35.447949
	שילה				||||||	1	0	0	32.047621	35.301342
	נתיבות				||||||	1	0	0	31.411631	34.584182
	דבוריה				||||||	1	0	0	32.694120	35.368513
	עומר				||||||	1	0	0	31.264305	34.849864
	אורנית				||||||	1	0	0	32.131924	34.990810
					||||||	1	0	0	32.029850	34.887045
	ישע				||||||	1	0	0	31.247595	34.403091
	בועיינה-נוגידאת				||||||	1	0	0	32.807711	35.365270
	קרית גת				||||||	1	0	0	31.610472	34.772295
	נתיבות				||||||	1	0	0	31.423196	34.595254
	אומן				||||||	1	0	0	32.564279	35.241941
	זמר				||||||	1	0	0	32.365684	35.034651
	סוריף				||||||	1	0	0	31.649552	35.064712
					||||||	1	0	0	32.699390	35.311284
	סאג'ור				||||||	1	0	0	32.942860	35.341725
	סנדלה				||||||	1	0	0	32.522449	35.324420
					||||||	1	0	0	32.609195	35.292213
	רמלה				||||||	1	0	0	31.926796	34.877466
	סאגור				||||||	1	0	0	32.943109	35.343616
					||||||	1	0	0	32.025764	34.901337
	מוקיבלה				||||||	1	0	0	32.514142	35.294806
	מבועים				||||||	1	0	0	31.449450	34.654994
	נתניה				||||||	1	0	0	32.321458	34.853196
	כפר מנדא				||||||	1	0	0	32.809649	35.262405
	אבו גוש				||||||	1	0	0	31.806293	35.109193
	חורה				||||||	1	0	0	31.295504	34.925095
	רמת צבי				||||||	1	0	0	32.591962	35.414497
	9908106	בית שמש			||||||	1	0	0	31.730045	34.994318
	תל אביב	יצחק שדה 8			||||||	1	0	0	32.065255	34.785972
	מודיעין מכבים רעות	צאלון 21			||||||	1	0	0	31.905935	35.017087
	זכרון יעקב	הדגן 2			||||||	1	0	0	32.568439	34.954749
	תל אביב-יפו	התחייה 7			||||||	1	0	0	32.050806	34.761738
	ישראל				||||||	1	0	0	31.046051	34.851612
	נובא				||||||	1	0	0	31.607383	35.039130
	תל אביב-יפו	שדרות ירושלים 107			||||||	1	0	0	32.045963	34.758654
	תל אביב-יפו	אבא אחימאיר 21			||||||	1	0	0	32.125222	34.802225
	תל אביב-יפו	עזה 8			||||||	1	0	0	32.049047	34.759503
	נתניה	קראוזה 4			||||||	1	0	0	32.328106	34.854659
	טבריה	טולידאנו 51			||||||	1	0	0	32.782433	35.539136
	רחובות	הרצל 82			||||||	1	0	0	31.885595	34.814939
	ראשון לציון	נתן ברניצקי 1			||||||	1	0	0	31.958780	34.801113
	בת ים	הרב ניסנבאום 33			||||||	1	0	0	32.012392	34.752046
	בת ים	רוטשילד 24			||||||	1	0	0	32.026707	34.746045
	אשדוד	נחל לכיש 21			||||||	1	0	0	31.787696	34.632961
	חדרה	הרברט סמואל 52			||||||	1	0	0	32.436829	34.917643
	בת ים	דרך בן גוריון 79			||||||	1	0	0	32.019870	34.739259
	ירכא	שכונה עליונה			||||||	1	0	0	32.963326	35.215530
	אשקלון	הנביאים 49			||||||	1	0	0	31.657589	34.580755
	ראש העין	זהרה אלפסיה 3			||||||	1	0	0	32.086180	34.978177
	ראשון לציון	רבי עקיבא 62			||||||	1	0	0	31.946250	34.829305
	גבעת שמואל	הארזים 1			||||||	1	0	0	32.068043	34.845850
	אשקלון	העבודה 17			||||||	1	0	0	31.666231	34.589042
	תל אביב-יפו	שבטי ישראל 34			||||||	1	0	0	32.047814	34.756003
	קרית אתא	שדרות המגינים 6			||||||	1	0	0	32.809334	35.104837
	קרית אתא	העצמאות 14			||||||	1	0	0	32.800364	35.103342
	תל אביב-יפו	חנוך 66			||||||	1	0	0	32.051487	34.791498
	תל אביב-יפו	הירקון 99			||||||	1	0	0	32.079676	34.767722
	פרדס חנה כרכור	גלעד 1			||||||	1	0	0	32.472371	34.974102
	קריית ביאליק	קרן היסוד 74			||||||	1	0	0	32.835842	35.088898
	נצרת	שכונת אלכרום/אלבתריס			||||||	1	0	0	32.703575	35.291065
	תל אביב-יפו	נחלת בנימין 65			||||||	1	0	0	32.063285	34.771679
	תל אביב יפו	יונה הנביא 2			||||||	1	0	0	32.072948	34.764939
	תל אביב-יפו	רחוב זאב ז'בוטינסקי 111			||||||	1	0	0	32.087550	34.786448
	ראשון לציון	ילדי טהרן 3			||||||	1	0	0	31.984104	34.770799
	תל אביב-יפו	דרך חיים ברלב 98			||||||	1	0	0	32.046810	34.799187
	אשקלון	ברל כצנלסון 3			||||||	1	0	0	31.662083	34.586500
	קרית מוצקין	שדרות משה גושן 10			||||||	1	0	0	32.824779	35.077410
	רמת גן	שוהם 3			||||||	1	0	0	32.084744	34.800505
	אשקלון	שדרות דוד בן גוריון 2			||||||	1	0	0	31.660794	34.588005
	אשדוד	תש"ח 5/26			||||||	1	0	0	31.787619	34.645418
	חולון	חיים לנדאו 16			||||||	1	0	0	31.998933	34.765497
	8485599	באר שבע			||||||	1	0	0	31.227939	34.821763
	באקה אל-ע'רביה	we סנטר			||||||	1	0	0	32.423067	35.034112
	עכו	העפרוני 34			||||||	1	0	0	32.943648	35.080978
	רהט	אלסלאם 33			||||||	1	0	0	31.395591	34.769709
	כפר סבא	ויצמן 43			||||||	1	0	0	32.177213	34.900684
	קרית ים	שדרות ירושלים 13			||||||	1	0	0	32.836803	35.065778
	אור עקיבא	בלפור 5			||||||	1	0	0	32.508357	34.918540
	עכו	הרצל 18			||||||	1	0	0	32.929180	35.076558
	אשדוד	תש"ח 11			||||||	1	0	0	31.787129	34.646284
	אשדוד	גיא אוני 4			||||||	1	0	0	31.785202	34.659746
	ג'דיידה מכר	ג'ודידה			||||||	1	0	0	32.928136	35.156194
	בת ים	בלפור 40			||||||	1	0	0	32.026222	34.744977
	קרית גת	הנביאים			||||||	1	0	0	31.614031	34.766748
	קרית אונו	וינגייט 2			||||||	1	0	0	32.064911	34.852975
	הוד השרון	דרך רמתיים 92			||||||	1	0	0	32.155087	34.894316
	רעננה	מוצקין 36			||||||	1	0	0	32.186325	34.869575
	אשדוד	שדרות מונטיפיורי			||||||	1	0	0	31.772382	34.624946
	1526000	שדה אילן			||||||	1	0	0	32.752932	35.411496
	אום אל-פחם	אלמלסא			||||||	1	0	0	32.516014	35.144618
	3502205	חיפה			||||||	1	0	0	32.822862	34.991816
	רהט	99			||||||	1	0	0	31.399275	34.765139
	ירושלים	דרך בית חנינא 8			||||||	1	0	0	31.827476	35.227461
	8601764	דימונה			||||||	1	0	0	31.074223	35.032313
	חולון	שדרות קוגל 10			||||||	1	0	0	32.027650	34.772753
	רמלה	וילנה 10			||||||	1	0	0	31.931797	34.860601
	תל אביב יפו	מעפילי אגוז 59			||||||	1	0	0	32.053348	34.810039
	פוריידיס	פוריידיס 14			||||||	1	0	0	32.603527	34.953876
	תל אביב-יפו	בן יהודה 98			||||||	1	0	0	32.082354	34.771325
	לוד	הרצוג 1			||||||	1	0	0	31.954071	34.897751
	ראשון לציון	העצמאות 21			||||||	1	0	0	31.977430	34.799538
	אור יהודה	העצמאות 72			||||||	1	0	0	32.030888	34.866512
	רמלה	צה"ל			||||||	1	0	0	31.932211	34.857604
	רהט	אלרודה			||||||	1	0	0	31.387699	34.736610
	קרית מלאכי	שז"ר 13			||||||	1	0	0	31.734746	34.739229
	נתניה	דוד רמז 29			||||||	1	0	0	32.325936	34.856850
	גבעתיים	כצנלסון 138			||||||	1	0	0	32.075868	34.816426
	כרמיאל	ההגנה 39			||||||	1	0	0	32.903333	35.280844
	יבנה	רחוב דליה רביקוביץ 2			||||||	1	0	0	31.860332	34.722482
	אילת	שדרות התמרים 133			||||||	1	0	0	29.567018	34.950146
	עפולה	יהושע חנקין 53			||||||	1	0	0	32.607018	35.286452
	נתניה	שדרות בן צבי			||||||	1	0	0	32.300299	34.853915
	חורה	28			||||||	1	0	0	31.295557	34.924720
	אשקלון	הרצל 44			||||||	1	0	0	31.665247	34.586626
	קריית ביאליק	שדרות ח"ן 19			||||||	1	0	0	32.861109	35.099562
	תל אביב-יפו	יפת 110			||||||	1	0	0	32.044089	34.751781
	ירושלים	רחוב שבתאי הנגבי			||||||	1	0	0	31.738493	35.197503
	אשדוד	העצמאות 93			||||||	1	0	0	31.789085	34.642114
	חיפה	הגנים 70			||||||	1	0	0	32.819028	34.988389
	4239011	נתניה			||||||	1	0	0	32.327979	34.859453
	אשקלון	העבודה 13			||||||	1	0	0	31.665812	34.593260
	חולון	יעקב פיכמן 22			||||||	1	0	0	32.014422	34.774909
	עכו	אברהם בן שושן			||||||	1	0	0	32.927186	35.092318
	תל אביב-יפו	אמיר גלבוע 12			||||||	1	0	0	32.116494	34.787562
	רחובות	הרצל 159			||||||	1	0	0	31.896203	34.810799
	נס ציונה	וייצמן 21			||||||	1	0	0	31.926844	34.797840
	ראשון לציון	רוטשילד 111			||||||	1	0	0	31.964387	34.793515
	אור יהודה	יחזקאל קזז 18			||||||	1	0	0	32.033008	34.846959
	עפולה	הרב נחום לוין			||||||	1	0	0	32.609842	35.287476
	אשדוד	מבוא הנרקיס 2			||||||	1	0	0	31.786806	34.649098
	חיפה	נורדאו 10			||||||	1	0	0	32.809377	34.998319
	חולון	אלחריזי 26			||||||	1	0	0	32.028587	34.767291
	חיפה	שדרות המגינים 29			||||||	1	0	0	32.817982	34.998416
	נשר	דרך השלום 28			||||||	1	0	0	32.769784	35.047657
	אזור	יצחק שדה 10			||||||	1	0	0	32.024105	34.810154
	רחובות	אחד העם 5			||||||	1	0	0	31.896871	34.811951
	8303602	קרית מלאכי			||||||	1	0	0	31.727535	34.748657
	באר שבע	חביבה רייק 41			||||||	1	0	0	31.258401	34.808267
	נתיבות	הרב אבו חצירא 7			||||||	1	0	0	31.427074	34.594620
	באר שבע	החשמונאים 15			||||||	1	0	0	31.265691	34.763290
	רמת השרון	יצחק אלחנן 5			||||||	1	0	0	32.148609	34.830627
	3842241	חדרה			||||||	1	0	0	32.439456	34.919605
	יבנה	שדרות דואני 50			||||||	1	0	0	31.868859	34.744576
					||||||	1	0	0	31.834796	35.223423
					||||||	1	0	0	32.675930	35.240160
	נחף				||||||	1	0	0	32.935093	35.315660
	רווחה				||||||	1	0	0	31.648695	34.733681
	דבוריה				||||||	1	0	0	32.690913	35.371153
	רומאנה				||||||	1	0	0	32.788118	35.311211
	25				||||||	1	0	0	31.213226	34.890954
	קרני שומרון				||||||	1	0	0	32.171553	35.097462
	כפר קרע				||||||	1	0	0	32.505518	35.054251
	עפולה				||||||	1	0	0	32.610493	35.287922
	מג'ד אל-כרום				||||||	1	0	0	32.920132	35.256650
	שבט אלסייד				||||||	1	0	0	31.281719	34.916298
	חדרה				||||||	1	0	0	32.434046	34.919652
	ראשון לציון	שדרות יוסף לישנסקי 9			||||||	1	0	0	31.989992	34.764671
	אריאל	רחוב העצמאות			||||||	1	0	0	32.104153	35.176833
	דימונה	25			||||||	1	0	0	31.053276	35.031196
	תל אביב-יפו	דרך קיבוץ גלויות 97			||||||	1	0	0	32.048680	34.776113
	חולון	שדרות דב הוז 67			||||||	1	0	0	32.023087	34.763069
	ירושלים	דרך יריחו			||||||	1	0	0	31.779120	35.239295
	בת ים	מסריק 23			||||||	1	0	0	32.020818	34.741071
	רהט	עומר אל מוכתאר			||||||	1	0	0	31.385527	34.779514
	חולון	אורי צבי גרינברג 5			||||||	1	0	0	31.996896	34.766262
	גבעתיים	הרב הרצוג 25			||||||	1	0	0	32.061509	34.816791
	רמת גן	קריניצי 2			||||||	1	0	0	32.079110	34.815030
	אשדוד	יהודה המכבי 6			||||||	1	0	0	31.796597	34.656705
	4428164	כפר סבא			||||||	1	0	0	32.181495	34.896566
	רהט	אלחזאן 82			||||||	1	0	0	31.380481	34.762665
	אשדוד	הבנאים 3			||||||	1	0	0	31.813364	34.658593
	באר שבע	ויתקון			||||||	1	0	0	31.270717	34.777756
	7046318	גדרה			||||||	1	0	0	31.818149	34.775546
	נשר	דרך בר יהודה 65			||||||	1	0	0	32.775355	35.042839
	נוף הגליל	גלבוע 1			||||||	1	0	0	32.704227	35.318027
	רמת ישי				||||||	1	0	0	32.704029	35.166003
	בת ים	קרן היסוד 20			||||||	1	0	0	32.004218	34.753021
	באר שבע	נחום שריג 12			||||||	1	0	0	31.280926	34.805393
	כרמיה	האשכול 1			||||||	1	0	0	31.606810	34.542843
	7744004	אשדוד			||||||	1	0	0	31.801004	34.640752
	חולון	סוקולוב 60			||||||	1	0	0	32.022655	34.775633
	בני ברק	רבי עקיבא 142			||||||	1	0	0	32.085483	34.837204
	באר יעקב	הרב עוזיאל 34			||||||	1	0	0	31.942371	34.837853
	מבשרת ציון	השלום 21			||||||	1	0	0	31.803303	35.162699
	קריית ביאליק	דרך עכו 192			||||||	1	0	0	32.843515	35.090770
	קדימה-צורן	הרצל 13			||||||	1	0	0	32.281683	34.910124
	12068	חיפה			||||||	1	0	0	32.807148	35.054490
	תל אביב-יפו	הירקון 323			||||||	1	0	0	32.096911	34.774609
	נתניה	רפאל איתן 1			||||||	1	0	0	32.308991	34.856913
	תל אביב-יפו	לוינסקי 31			||||||	1	0	0	32.059754	34.770735
	ערד	יהודה 49			||||||	1	0	0	31.256309	35.211351
	פרדס חנה כרכור	דרך הבנים 4			||||||	1	0	0	32.474386	34.971927
	אשדוד	דרך מנחם בגין 7			||||||	1	0	0	31.788617	34.641601
	ירושלים	ההסתדרות			||||||	1	0	0	31.781125	35.217089
	קרית מלאכי	בן גוריון			||||||	1	0	0	31.730459	34.742865
	ראשון לציון	גבעתי 1			||||||	1	0	0	31.967688	34.817017
	תל אביב-יפו	הרצל 37			||||||	1	0	0	32.059586	34.770751
	7550903	ראשון לציון			||||||	1	0	0	31.953874	34.820783
שקד שירותי חשמל בעמ	תל אביב	בן יהודה 78			||||||	1	1	0	32.080523	34.770476
בית חסד יחיאל	ירושלים	בנימין מינץ 6 , רמות			||||||	1	1	0	31.821374	35.193250
	קצרין	מועצה אזורית גולן			||||||	1	1	0	32.987039	35.707051
	קצרין	מועצה איזורית גולן			||||||	1	1	0	32.990783	35.689352
מיה רום השקעות בעמ	הרצליה	סוקולוב 32			||||||	1	1	0	32.167251	34.843727
מיה רום השקעות בעמ	הרצליה	סוקולוב 10			||||||	1	1	0	32.167017	34.839926
איילת ומרחביה בע"מ	ירושלים	האודם 580			||||||	1	1	0	31.737992	35.181690
מיני 06	מעלה אדומים	צמח השדה 2			||||||	1	1	0	31.768498	35.296529
היפר מור	פתח תקווה	מנחם בגין 21			||||||	1	1	0	32.077750	34.906218
פרמה שיא בית מרקחת	כפר סבא	בקעת בית נטופה 25			||||||	1	1	0	32.182424	34.929079
המכשיר	רמת גן	זבוטינסקי 3			||||||	1	1	0	32.083500	34.801334
מגה בעיר	חולון	אילת 36			||||||	1	1	0	32.017828	34.764719
מגה בעיר	בת ים	שד' העצמאות 65			||||||	1	1	0	32.027040	34.748162
יינות ביתן	חולון	המרגנית 2			||||||	1	1	0	32.009606	34.778866
מגה בעיר	רמת גן	עוזיאל 113			||||||	1	1	0	32.068433	34.821992
מגה בעיר	הרצליה	בן גוריון 82			||||||	1	1	0	32.153828	34.842047
מגה בעיר	הרצליה	שער הים 10			||||||	1	1	0	32.188015	34.812850
מגה בעיר	גבעתיים	רח' ויצמן 71			||||||	1	1	0	32.066893	34.808645
מגה בעיר	תל אביב	מעפילי אגוז כפר שלם			||||||	1	1	0	32.053028	34.809771
מגה בעיר	הרצליה	כצנלסון 19			||||||	1	1	0	32.168802	34.856531
מגה בעיר	ראשון לציון	זבו'טינסקי 65			||||||	1	1	0	31.966759	34.799250
שוק מהדרין	הרצליה	בן גוריון 2			||||||	1	1	0	32.166995	34.842440
מגה בעיר	רמת גן	הרצל 75			||||||	1	1	0	32.087189	34.814754
שוק מהדרין	פתח תקווה	מנחם בגין 96			||||||	1	1	0	32.069275	34.914271
מגה בעיר	רמת השרון	סוקולוב 33			||||||	1	1	0	32.141854	34.836603
מגה בעיר	תל אביב	אופנהיימר 13			||||||	1	1	0	32.120470	34.800318
מגה בעיר	בת ים	רח' עוזיאל 5			||||||	1	1	0	32.022955	34.747819
מגה בעיר	תל אביב	ניסים אלוני 10			||||||	1	1	0	32.088777	34.797239
מגה בעיר	בת ים	מבצע סיני 20			||||||	1	1	0	32.020035	34.757879
מגה בעיר	תל אביב	עודד 4			||||||	1	1	0	32.057629	34.811323
מגה בעיר	הרצליה	הדר 2			||||||	1	1	0	32.167485	34.848809
מגה בעיר	רמת גן	האורנים 16 רמת אפעל			||||||	1	1	0	32.046155	34.835519
מגה בעיר	גבעתיים	דרך בן גוריון 162			||||||	1	1	0	32.077541	34.818880
יינות ביתן	ראשון לציון	חלמונית 29			||||||	1	1	0	31.969673	34.783230
יינות ביתן	פתח תקווה	חיה פינשטיין 11			||||||	1	1	0	32.101639	34.883893
מגה בעיר	תל אביב	פנקס 48			||||||	1	1	0	32.090804	34.788965
מגה בעיר	תל אביב	אורי 12			||||||	1	1	0	32.081692	34.785445
יינות ביתן	אור יהודה	המפעל 13			||||||	1	1	0	32.034639	34.849989
מגה בעיר	תל אביב	שלום אש 7			||||||	1	1	0	32.106870	34.821649
מגה בעיר	תל אביב	אהרון בקר 8			||||||	1	1	0	32.122882	34.816512
יינות ביתן	ראשון לציון	השירה העיברית 10			||||||	1	1	0	31.977834	34.769814
שוק מהדרין	תל אביב	גרינבאום 45			||||||	1	1	0	32.040316	34.765547
שוק מהדרין	אלעד	יוחנן בן זכאי 32			||||||	1	1	0	32.048231	34.955151
מגה בעיר	תל אביב	מבוא גרופית 2			||||||	1	1	0	32.120386	34.828230
יינות ביתן	הרצליה	רבי עקיבא 50			||||||	1	1	0	32.153501	34.849644
מגה בעיר	ראשון לציון	מורשת ישראל 15			||||||	1	1	0	31.975187	34.774486
מגה בעיר	תל אביב	אבא אחימאיר 35			||||||	1	1	0	32.124610	34.804627
מגה בעיר	חולון	סוקולוב 48			||||||	1	1	0	32.022281	34.774639
מגה בעיר	תל אביב	אבן גבירול 30			||||||	1	1	0	32.075042	34.781959
מגה בעיר	תל אביב	ויצמן 20			||||||	1	1	0	32.083094	34.789245
יינות ביתן	רחובות	דרך ירושלים, 15			||||||	1	1	0	31.890455	34.830303
מגה בעיר	פתח תקווה	שטמפפר 73			||||||	1	1	0	32.093843	34.890225
יינות ביתן	הרצליה	החושלים 3			||||||	1	1	0	32.158457	34.806920
מגה בעיר	תל אביב	בני אפרים 209			||||||	1	1	0	32.111232	34.816100
מגה בעיר	תל אביב	כיכר דיזינגוף 7			||||||	1	1	0	32.073677	34.781030
יינות ביתן	פתח תקווה	בר כוכבא 63			||||||	1	1	0	32.096693	34.885648
מגה בעיר	פתח תקווה	הרצל 28			||||||	1	1	0	32.085155	34.886444
מגה בעיר	חולון	ההסתדרות 104			||||||	1	1	0	32.016829	34.781279
מגה בעיר	תל אביב	לאה 15			||||||	1	1	0	32.120013	34.820388
מגה בעיר	רמת גן	הרוא"ה 2			||||||	1	1	0	32.083775	34.815945
מגה בעיר	תל אביב	ד.מ. מרכוס 13			||||||	1	1	0	32.113822	34.835749
מגה בעיר	תל אביב	דיזינגוף 65			||||||	1	1	0	32.075810	34.774309
מגה בעיר	גבעתיים	כורזין 1			||||||	1	1	0	32.059114	34.816007
שוק מהדרין	תל אביב	עמק ברכה 25			||||||	1	1	0	32.076308	34.798959
מגה בעיר	תל אביב	יהודה מכבי 46			||||||	1	1	0	32.093831	34.791861
ארז סלע	ירושלים	עמק רפאים 31			||||||	1	1	0	31.764064	35.220294
	כפר חב"ד	הבעל שם טוב 2			||||||	1	1	0	31.992524	34.849409
מירה פארם בע''מ	חולון	דב הוז 49			||||||	1	1	0	32.023153	34.764904
	רמלה	שדרות הרצל 102			||||||	1	1	0	31.926740	34.874337
בית מרקחת שלאין	תל אביב	אלנבי 138			||||||	1	1	0	32.061099	34.773642
רז אלקטרוניקה בע״מ	חיפה	הנביאים 19			||||||	1	1	0	32.812782	34.995436
ג.ה.ק. תקשורת	ירושלים	נחום 7			||||||	1	1	0	31.789645	35.216135
	הרצליה	סוקולוב, 25			||||||	0	1	0	32.167381	34.841311
סופר פארם	אור יהודה	המפעל 11			||||||	1	1	0	32.034324	34.849716
סופר פארם	יבנה	הדוגית 16			||||||	1	1	0	31.866917	34.735896
סופר פארם	ראש העין	משה דיין 2			||||||	1	1	0	32.092775	34.966217
סופר פארם	גבעת סביון	הגליל 78			||||||	1	1	0	32.056756	34.868877
סופר פארם	נהריה	ויצמן 62			||||||	1	1	0	33.007256	35.092662
סופר פארם	אשדוד	דרך אריאל שרון 1			||||||	1	1	0	31.776828	34.664243
סופר פארם	תל אביב	אבן גבירול 124			||||||	1	1	0	32.086956	34.782392
סופר פארם	חיפה	בר יהודה 111 נשר			||||||	1	1	0	32.786431	35.030355
סופר פארם	תל אביב	נחלת יצחק 20			||||||	1	1	0	32.073982	34.798114
סופר פארם	כפר סבא	וייצמן 207 מתחם G			||||||	1	1	0	32.171970	34.928772
סופר פארם	נתיבות	ירושלים פינת טדי קולק			||||||	1	1	0	31.418226	34.585465
סופר פארם	ירושלים	עמק רפאים 24			||||||	1	1	0	31.764567	35.220505
סופר פארם	אשקלון	א.ת. צומת כפר סילבר			||||||	1	1	0	31.674875	34.606771
סופר פארם	חדרה	פרופסור שכטמן 10, חדרה			||||||	1	1	0	32.440824	34.894351
סופר פארם	תל אביב	אבן גבירול 153			||||||	1	1	0	32.091045	34.782536
סופר פארם	אור עקיבא	קניון אורות			||||||	1	1	0	32.502163	34.927045
סופר פארם	נס ציונה	אירוסים 53			||||||	1	1	0	31.930168	34.798363
סופר פארם	בת ים	שדרות העצמאות 67			||||||	1	1	0	32.028111	34.748518
סופר פארם	רמת גן	לנדאו 7			||||||	1	1	0	32.071530	34.828277
סופר פארם	חולון	פנחס איילון 13 פינת המרגנית 2			||||||	1	1	0	32.009759	34.778068
סופר פארם	חולון	גולדה מאיר 7			||||||	1	1	0	32.012288	34.779430
סופר פארם	קרית מוצקין	שדרות ירושלים 1			||||||	1	1	0	32.835483	35.065218
סופר פארם	אילת	ששת הימים 290-294			||||||	1	1	0	29.546519	34.933711
סופר פארם	אשקלון	הנחל 1			||||||	1	1	0	31.661210	34.589789
סופר פארם	הרצליה	סוקולוב 25			||||||	1	1	0	32.167381	34.841311
סופר פארם	תל אביב	הברזל 23			||||||	1	1	0	32.109179	34.839774
סופר פארם	תל אביב	שדרות ירושלים 49			||||||	1	1	0	32.050337	34.759202
סופר פארם	בני ברק	ז'בוטינסקי 7			||||||	1	1	0	32.091760	34.824855
סופר פארם	נתניה	טום לנטוס 60			||||||	1	1	0	32.295858	34.868747
סופר פארם	רמת גן	אבא הלל 165			||||||	1	1	0	32.093730	34.817290
סופר פארם	תל אביב	משה דיין 2			||||||	1	1	0	32.047210	34.799157
סופר פארם	אילת	הסתת 14 מרכז ביג א.ת.			||||||	1	1	0	29.566359	34.959706
סופר פארם	ראשון לציון	המכבים 16			||||||	1	1	0	31.975751	34.808099
סופר פארם	שפרעם	ג`ונבלט שכונת אל עיין			||||||	1	1	0	32.811132	35.165058
סופר פארם	ראשון לציון	הרצל 52			||||||	1	1	0	31.966277	34.802572
סופר פארם	בית שאן	ירושלים הבירה פינת השחם			||||||	1	1	0	32.495165	35.497098
סופר פארם	פתח תקווה	רוטשילד 72			||||||	1	1	0	32.087699	34.881152
סופר פארם	באר שבע	ברוך קטינקא 2			||||||	1	1	0	31.223706	34.801583
סופר פארם	תל אביב	דיזינגוף 50			||||||	1	1	0	32.075346	34.775395
סופר פארם	קרית גת	כיכר פז 3			||||||	1	1	0	31.606940	34.773231
סופר פארם	רמת גן	עמק האלה מרכז גימיון בי"ח תל השומר			||||||	1	1	0	32.045644	34.841008
סופר פארם	בת ים	יוספטל 92			||||||	1	1	0	32.015183	34.756167
סופר פארם	ראשון לציון	לישנסקי 9			||||||	1	1	0	31.989478	34.765077
סופר פארם	נתניה	הרצל 58 קניון השרון			||||||	1	1	0	32.326068	34.861591
סופר פארם	ירושלים	הדסה עין כרם קניון ישפרו סנטר			||||||	1	1	0	31.766586	35.148354
סופר פארם	רגבה	חוצות רגבה מרכז ביג			||||||	1	1	0	32.974552	35.094860
סופר פארם	נתניה	גיבורי ישראל 5			||||||	1	1	0	32.275469	34.860003
סופר פארם	ירושלים	אביזוהר 7			||||||	1	1	0	31.775356	35.187689
סופר פארם	רמת גן	כיכר רמב"ם 3			||||||	1	1	0	32.083998	34.814538
סופר פארם	מעלה אדומים	דרך קדם 5			||||||	1	1	0	31.771681	35.298455
סופר פארם	אילת	שדרות התמרים 9			||||||	1	1	0	29.555080	34.953111
סופר פארם	חיפה	אח"י אילת 34			||||||	1	1	0	32.820187	35.072447
סופר פארם	כפר סבא	ויצמן 78			||||||	1	1	0	32.175799	34.905549
סופר פארם	חיפה	רחוב שונית 12			||||||	1	1	0	32.812591	34.960985
סופר פארם	רמלה	הרצל 91			||||||	1	1	0	31.926351	34.876961
סופר פארם	טבעון	מרווה 1			||||||	1	1	0	32.730977	35.144419
סופר פארם	חיפה	איינשטיין 139			||||||	1	1	0	32.777757	34.999867
סופר פארם	עפולה	שד' רבין 18			||||||	1	1	0	32.619061	35.312541
סופר פארם	עפולה	השוק 13			||||||	1	1	0	32.606097	35.292951
סופר פארם	חולון	אריה שנקר 49			||||||	1	1	0	32.022694	34.777589
סופר פארם	נס ציונה	הפטיש 6 מתחם ישפרו			||||||	1	1	0	31.921288	34.791214
סופר פארם	חולון	וייצמן 43			||||||	1	1	0	32.018701	34.770841
סופר פארם	רעננה	אחוזה 83			||||||	1	1	0	32.179421	34.878796
סופר פארם	רמלה	צופית 40			||||||	1	1	0	31.932863	34.888754
סופר פארם	חולון	קרן היסוד 1			||||||	1	1	0	32.008438	34.791806
סופר פארם	חיפה	נביאים 18			||||||	1	1	0	32.813522	34.995706
סופר פארם	גדרה	בן גוריון 105			||||||	1	1	0	31.804230	34.783844
סופר פארם	תל אביב	דיזינגוף 208			||||||	1	1	0	32.087010	34.775125
סופר פארם	רחובות	בילו 2			||||||	1	1	0	31.893767	34.807116
סופר פארם	תל אביב	דיזנגוף 129			||||||	1	1	0	32.081729	34.773659
סופר פארם	חיפה	חורב 15			||||||	1	1	0	32.784338	34.987013
סופר פארם	חיפה	שדרות הנשיא 134			||||||	1	1	0	32.803359	34.985676
סופר פארם	תל אביב	החשמונאים 94			||||||	1	1	0	32.069291	34.785468
סופר פארם	חיפה	שדרות בן גוריון 6			||||||	1	1	0	32.823088	34.991987
סופר פארם	תל אביב	שד' שאול המלך 4			||||||	1	1	0	32.075355	34.782528
סופר פארם	אילת	קניון מול הים			||||||	1	1	0	29.549788	34.953916
סופר פארם	חיפה	טרומפלדור 54			||||||	1	1	0	32.783520	35.014658
סופר פארם	כפר יאסיף	כפר יאסיף 15			||||||	1	1	0	32.955319	35.160596
סופר פארם	נתניה	אגם כינרת 6			||||||	1	1	0	32.290414	34.851344
סופר פארם	הוד השרון	בית הבד 2			||||||	1	1	0	32.160509	34.894405
סופר פארם	ראש העין	שבזי 10			||||||	1	1	0	32.098579	34.941915
סופר פארם	רמת גן	ביאליק 10			||||||	1	1	0	32.079625	34.814997
סופר פארם	אשדוד	זבוטינסקי 41			||||||	1	1	0	31.809607	34.655662
סופר פארם	קרית אתא	דרך חיפה 30			||||||	1	1	0	32.805592	35.074545
סופר פארם	טבריה	יהודה הלוי 1			||||||	1	1	0	32.790464	35.533805
סופר פארם	הרצליה	צמרות 2			||||||	1	1	0	32.151267	34.843871
סופר פארם	חדרה	צה"ל 35 מרכז MIXX			||||||	1	1	0	32.440531	34.930271
סופר פארם	רמת גן	ביאליק 76			||||||	1	1	0	32.085690	34.810915
סופר פארם	ירושלים	גולדה מאיר 255			||||||	1	1	0	31.817808	35.194674
סופר פארם	רחובות	הרצל 182			||||||	1	1	0	31.896880	34.811028
סופר פארם	כפר סבא	רח' רפפורט 19			||||||	1	1	0	32.192455	34.891293
סופר פארם	אום אל פחם	שכונת עין איברהים 18			||||||	1	1	0	32.517127	35.148529
סופר פארם	ירושלים	הסתדרות 3			||||||	1	1	0	31.781729	35.217012
סופר פארם	ראשון לציון	שדרות נים 2			||||||	1	1	0	31.949542	34.804381
סופר פארם	גבעתיים	בורוכוב 45			||||||	1	1	0	32.079146	34.809725
סופר פארם	קרית שמונה	הנשיא 4 צומת גיבור			||||||	1	1	0	33.221407	35.575535
סופר פארם	תל אביב	התערוכה 3			||||||	1	1	0	32.097335	34.775927
סופר פארם	נתניה	שד' וייצמן 22			||||||	1	1	0	32.331008	34.859334
סופר פארם	ראשון לציון	סחרוב 21			||||||	1	1	0	31.989917	34.774349
סופר פארם	ירושלים	צביה ויצחק 5			||||||	1	1	0	31.730962	35.188262
סופר פארם	אבן יהודה	המייסדים 62			||||||	1	1	0	32.269742	34.888606
סופר פארם	אשקלון	בן גוריון 21			||||||	1	1	0	31.663622	34.564472
סופר פארם	באר שבע	חיל ההנדסה 2			||||||	1	1	0	31.243331	34.812547
סופר פארם	תל אביב	אינשטיין 40			||||||	1	1	0	32.112256	34.795913
סופר פארם	ראשון לציון	מורשת ישראל 15			||||||	1	1	0	31.975187	34.774486
סופר פארם	באר שבע	שאול המלך 70			||||||	1	1	0	31.263386	34.778737
סופר פארם	רחובות	שד' פנחס בן דוד קפרא 1			||||||	1	1	0	31.879992	34.812665
סופר פארם	פתח תקווה	רוטשילד 182			||||||	1	1	0	32.075758	34.885471
סופר פארם	כפר כנא	על הכביש הראשי 754 , שכונת פוק א			||||||	1	1	0	32.748198	35.343840
סופר פארם	ירושלים	שלמה המלך 9			||||||	1	1	0	31.777721	35.223804
סופר פארם	רמלה	דוד רזיאל 1			||||||	1	1	0	31.925619	34.864140
סופר פארם	ירושלים	יפו 234 תחנה מרכזית			||||||	1	1	0	31.789160	35.201226
סופר פארם	באר טוביה	א.ת באר טוביה מתחם ביג קסטינה			||||||	1	1	0	31.728258	34.754410
סופר פארם	חיפה	דרך שמחה גולן 54			||||||	1	1	0	32.789769	35.008007
סופר פארם	תל אביב	יגאל אלון 51			||||||	1	1	0	32.061379	34.790980
סופר פארם	ערערה בנגב	מתחם יעד			||||||	1	1	0	31.149654	34.984734
סופר פארם	יפיע	אל-ערבי כביש חיפה נצרת			||||||	1	1	0	32.688701	35.281676
סופר פארם	קרית ביאליק	פלמ"ח 44			||||||	1	1	0	32.841576	35.089476
סופר פארם	ירושלים	אסתר רזיאל 6			||||||	1	1	0	31.724771	35.227390
סופר פארם	נתיבות	בעלי מלאכה 5			||||||	1	1	0	31.417345	34.594293
סופר פארם	ירושלים	קניון עטרות			||||||	1	1	0	31.850238	35.225730
סופר פארם	קרית אתא	ההסתדרות 248			||||||	1	1	0	32.809902	35.072969
סופר פארם	קרית אתא	דרך העצמאות 61			||||||	1	1	0	32.806621	35.103864
סופר פארם	גן שמואל	מרכז מסחרי			||||||	1	1	0	32.452236	34.950649
סופר פארם	נצרת	בילאל, 45			||||||	1	1	0	32.717911	35.299324
סופר פארם	ירושלים	פייר קניג 26 תלפיות			||||||	1	1	0	31.753241	35.213778
סופר פארם	אשדוד	הבנים 1			||||||	1	1	0	31.795102	34.639654
סופר פארם	תל אביב	ניסים אלוני 10			||||||	1	1	0	32.088786	34.797149
סופר פארם	ראשון לציון	ילדי טהרן 5			||||||	1	1	0	31.984846	34.769418
סופר פארם	נהריה	שדרות בן צבי 1			||||||	1	1	0	33.005251	35.099912
סופר פארם	שוהם	עמק איילון 30 מרכז מסחרי שוהם			||||||	1	1	0	31.999028	34.946850
סופר פארם	הרצליה	שד' אבא אבן 8			||||||	1	1	0	32.161447	34.809025
סופר פארם	ראשון לציון	ירושלים 31			||||||	1	1	0	31.962492	34.812279
סופר פארם	חיפה	החרושת צומת וולקן			||||||	1	1	0	32.806295	35.057060
סופר פארם	הרצליה	יורדי הים 1			||||||	1	1	0	32.163640	34.796874
סופר פארם	ירושלים	דרך חברון 101			||||||	1	1	0	31.755761	35.222331
סופר פארם	ראשון לציון	גולדה מאיר 1			||||||	1	1	0	31.967543	34.785265
סופר פארם	פתח תקווה	ההסתדרות 26			||||||	1	1	0	32.086050	34.886730
סופר פארם	באר יעקב	שא-נס 17			||||||	1	1	0	31.941721	34.833728
סופר פארם	באר שבע	אוסקר שינדלר 21			||||||	1	1	0	31.283034	34.799865
סופר פארם	ירושלים	שדרות משה דיין 106 קניון הפסגה			||||||	1	1	0	31.824276	35.237147
סופר פארם	קרית מוצקין	גושן 20			||||||	1	1	0	32.825616	35.076442
סופר פארם	ירושלים	הרברט סמואל 1			||||||	1	1	0	31.781000	35.220887
סופר פארם	נצרת	פאולוס השישי בנין קולנוע דיאנה			||||||	1	1	0	32.697548	35.292754
סופר פארם	ראשון לציון	יצחק רבין 7			||||||	1	1	0	31.970346	34.772446
סופר פארם	נתניה	בני ברמן 2			||||||	1	1	0	32.278801	34.847142
סופר פארם	חדרה	רוטשילד 40			||||||	1	1	0	32.437652	34.922155
סופר פארם	ירושלים	יד חרוצים 18			||||||	1	1	0	31.751138	35.215365
סופר פארם	ראשון לציון	רוטשילד 45			||||||	1	1	0	31.963548	34.801436
סופר פארם	חיפה	העליה השניה 2			||||||	1	1	0	32.832017	34.985430
סופר פארם	טבריה	המברג 1			||||||	1	1	0	32.785392	35.498474
סופר פארם	רמלה	שושנה דמארי 20			||||||	1	1	0	31.916113	34.873412
סופר פארם	אור יהודה	סעדון אליהו 120			||||||	1	1	0	32.025367	34.858014
סופר פארם	חדרה	גמלא 3			||||||	1	1	0	32.459742	35.042096
סופר פארם	תל אביב	דרך מנחם בגין 132 קניון עזריאלי			||||||	1	1	0	32.074612	34.792094
סופר פארם	דימונה	אזור תעשיה 395			||||||	1	1	0	31.059673	35.020770
סופר פארם	גבעתיים	דרך יצחק רבין 53			||||||	1	1	0	32.066595	34.810150
סופר פארם	ערד	רח' הקנאים 27 קניון ערד			||||||	1	1	0	31.260335	35.208637
סופר פארם	קרית שמונה	מרכז קניות ביג אזוה"ת הדרומי			||||||	1	1	0	33.192428	35.571252
סופר פארם	ירושלים	אגודת ספורט ביתר 5 קניון מלחה			||||||	1	1	0	31.751601	35.187316
סופר פארם	רמת ישי	האקליפטוס 3			||||||	1	1	0	32.707439	35.173800
סופר פארם	ירושלים	המלך ג'ורג', 27			||||||	1	1	0	31.780410	35.215969
סופר פארם	תל אביב	אבן גבירול 62			||||||	1	1	0	32.079287	34.781603
סופר פארם	פתח תקווה	יעל רום 8			||||||	1	1	0	32.098193	34.880718
סופר פארם	אשקלון	א.ת. דרומי אשקלון			||||||	1	1	0	31.675348	34.606847
סופר פארם	רעננה	המלאכה 2			||||||	1	1	0	32.198060	34.880456
סופר פארם	אשקלון	הנשיא 3			||||||	1	1	0	31.673245	34.568007
סופר פארם	תל אביב	אלנבי 115			||||||	1	1	0	32.062481	34.773641
סופר פארם	לוד	קרית-שדה תעופה			||||||	1	1	0	31.986555	34.910785
סופר פארם	ירושלים	בורלא 5			||||||	1	1	0	31.767132	35.201992
סופר פארם	תל מונד	הדקל 47			||||||	1	1	0	32.252795	34.918122
סופר פארם	באר שבע	החשמונאים 15			||||||	1	1	0	31.265654	34.763419
סופר פארם	עפולה	יהושע חנקין 14			||||||	1	1	0	32.604214	35.294075
סופר פארם	כוכב יאיר	א.ת צומת כוכב יאיר מתחם פז			||||||	1	1	0	32.220340	34.982550
סופר פארם	גבעת שמואל	מנחם בגין 23			||||||	1	1	0	32.077336	34.854327
סופר פארם	עפולה	שדרות יצחק רבין 20			||||||	1	1	0	32.614684	35.299856
סופר פארם	יבנה	שד' ירושלים פינת הקישון 9			||||||	1	1	0	31.886072	34.733804
סופר פארם	באר יעקב	אסף סנטר			||||||	1	1	0	31.968363	34.842645
סופר פארם	באר שבע	קניון הנגב			||||||	1	1	0	31.243783	34.795775
סופר פארם	תל אביב	הרצל 96			||||||	1	1	0	32.056389	34.770755
סופר פארם	רחובות	קרית עקרון מתחם בילו סנטר			||||||	1	1	0	31.864478	34.816387
סופר פארם	תל אביב	שינקין 62			||||||	1	1	0	32.068355	34.776945
סופר פארם	ירושלים	כנפי נשרים 22			||||||	1	1	0	31.787960	35.188376
סופר פארם	רמת השרון	אוסישקין 62			||||||	1	1	0	32.143226	34.843893
סופר פארם	קרית גת	הדרום 3 מרכז ביג			||||||	1	1	0	31.603197	34.770552
סופר פארם	כפר סבא	וייצמן 63 פינת כצנלסון קניון ערים			||||||	1	1	0	32.176751	34.903064
סופר פארם	רחובות	הלל וחנן אופנהיימר 2 פארק ת.מ.ר			||||||	1	1	0	31.909451	34.805432
סופר פארם	ירכא	ביג ירכא			||||||	1	1	0	32.956069	35.183254
סופר פארם	תל אביב	יגאל אלון 94			||||||	1	1	0	32.068486	34.794145
סופר פארם	צפת	הגדוד השלישי 3			||||||	1	1	0	32.972656	35.506460
סופר פארם	תל אביב	איינשטיין 7			||||||	1	1	0	32.112436	34.787133
סופר פארם	מזכרת בתיה	מנחם בגין 2			||||||	1	1	0	31.850139	34.840254
סופר פארם	אילת	טיילת מלכת שבא דרך פעמי השלום פינת אנטיב			||||||	1	1	0	29.550351	34.960928
סופר פארם	תל אביב	דרך פנחס רוזן 72			||||||	1	1	0	32.114692	34.826066
סופר פארם	חולון	הכישור 1 חולון			||||||	1	1	0	32.007558	34.806630
סופר פארם	באר שבע	המשחררים 70			||||||	1	1	0	31.251556	34.785990
סופר פארם	רמת גן	בן גוריון 183			||||||	1	1	0	32.074507	34.818689
סופר פארם	באר שבע	ז'בוטינסקי 28 נווה זאב			||||||	1	1	0	31.239219	34.773899
סופר פארם	עכו	בן עמי 67 פינת דוד רמז			||||||	1	1	0	32.924700	35.081922
סופר פארם	שדרות	סמטת הפלדה 1			||||||	1	1	0	31.521254	34.595143
סופר פארם	הרצליה	שדרות שבעת הכוכבים 8			||||||	1	1	0	32.165062	34.823953
סופר פארם	רעננה	אחוזה 267			||||||	1	1	0	32.184167	34.853180
סופר פארם	לוד	שד' דוד המלך 2			||||||	1	1	0	31.947144	34.891828
סופר פארם	טמרה	מרכז מסחרי			||||||	1	1	0	32.852247	35.201315
סופר פארם	שפיים	קיבוץ שפיים			||||||	1	1	0	32.216586	34.822409
סופר פארם	נצרת	תופיק זיאד 53			||||||	1	1	0	32.696152	35.301179
סופר פארם	הוד השרון	זבוטינסקי 3			||||||	1	1	0	32.143430	34.891641
סופר פארם	תל אביב	לוינסקי 108			||||||	1	1	0	32.056077	34.779530
סופר פארם	טבריה	ירדן פינת השילוח 1			||||||	1	1	0	32.787694	35.538085
סופר פארם	באר שבע	שדרות דוד טוביהו 125			||||||	1	1	0	31.250978	34.771138
סופר פארם	אור יהודה	יצחק רבין 5, אור יהודה			||||||	1	1	0	32.023720	34.872546
סופר פארם	נתניה	רמז 16			||||||	1	1	0	32.327125	34.853643
סופר פארם	אופקים	יהדות דרום אפריקה 14			||||||	1	1	0	31.315591	34.624146
סופר פארם	תל אביב	ויצמן 14			||||||	1	1	0	32.081592	34.789140
סופר פארם	מבשרת ציון	שד' הראל 1			||||||	1	1	0	31.799800	35.149008
סופר פארם	חריש	דרך ארץ 2			||||||	1	1	0	32.463159	35.043187
סופר פארם	נתניה	האר"י פינת לנטוס			||||||	1	1	0	32.312052	34.870965
סופר פארם	תל אביב	פינסקר 69			||||||	1	1	0	32.077579	34.773586
סופר פארם	קרית ים	שדרות ירושלים 51			||||||	1	1	0	32.843083	35.069336
סופר פארם	תל אביב	אחד העם 9			||||||	1	1	0	32.063722	34.769620
סופר פארם	גן יבנה	המגינים 56			||||||	1	1	0	31.795282	34.704494
סופר פארם	פתח תקווה	דרך יצחק רבין 17			||||||	1	1	0	32.080130	34.860600
סופר פארם	מגדל העמק	שדרות שאול עמור 77 כיכר העיר			||||||	1	1	0	32.678266	35.243565
סופר פארם	נס ציונה	אבנר בן נר 1			||||||	1	1	0	31.922369	34.810385
סופר פארם	אשקלון	שדרות ירושלים 117			||||||	1	1	0	31.663403	34.566725
סופר פארם	פתח תקווה	העצמאות 65			||||||	1	1	0	32.074762	34.869427
סופר פארם	יוקנעם	שד' רבין 9 מתחם ביג			||||||	1	1	0	32.642756	35.092637
סופר פארם	דלית אל כרמל	רחובות 1			||||||	1	1	0	32.696546	35.052249
סופר פארם	מודיעין עילית	עמק בית-שאן 29			||||||	1	1	0	31.911560	35.001490
סופר פארם	מודיעין-מכבים-רעות	אזור המלאכה ישפרו סנטר			||||||	1	1	0	31.889016	34.963806
סופר פארם	גבעתיים	דרך השלום 53			||||||	1	1	0	32.067347	34.803174
סופר פארם	טירת כרמל	מלחמת ששת הימים 1			||||||	1	1	0	32.759628	34.972958
סופר פארם	אור עקיבא	שד' הנשיא ויצמן 157			||||||	1	1	0	32.510098	34.919650
סופר פארם	נצרת	דרך אריאל שרון 41, נוף הגליל			||||||	1	1	0	32.692950	35.305000
סופר פארם	מעלות תרשיחא	שלמה שרירא 3 אזוה"ת מעלות			||||||	1	1	0	33.021684	35.280283
סופר פארם	קדימה-צורן	האופה 1			||||||	1	1	0	32.276462	34.919585
סופר פארם	פרדס חנה כרכור	הדקלים 81			||||||	1	1	0	32.471618	34.975006
סופר פארם	בית שמש	שדרות יצחק רבין 2			||||||	1	1	0	31.747797	34.994463
סופר פארם	סחנין	קניון סח'נין מול			||||||	1	1	0	32.860872	35.310150
סופר פארם	מודיעין עילית	לב העיר 2 קניון מודיעין			||||||	1	1	0	31.899860	35.008266
סופר פארם	זיכרון יעקב	א.ת מערבי כביש 4			||||||	1	1	0	32.569263	34.933391
סופר פארם	בית שמש	יגאל אלון 3 מתחם ביג			||||||	1	1	0	31.756502	34.989617
סופר פארם	תל אביב-יפו	אבא אחימאיר, 1			||||||	1	1	0	32.125116	34.798317
סופר פארם	נצרת	נוף הגליל פריון 2			||||||	1	1	0	32.693981	35.305054
סופר פארם	ירושלים	צ'ילה, 8			||||||	1	1	0	31.760524	35.170466
סופר פארם	קריית ביאליק	יגאל בשן 2			||||||	1	1	0	32.840604	35.091610
סופר פארם	קרית ים	גולדה מאיר, 2			||||||	1	1	0	32.856340	35.077751
סופר פארם	חיפה	דרך יפו, 42			||||||	1	1	0	32.819660	34.997288
סופר פארם	רהט	עומר אלמוכתאר			||||||	1	1	0	31.392783	34.764863
סופר פארם	בת ים	הקוממיות, 14			||||||	1	1	0	32.006369	34.741646
סופר פארם	קריית מוצקין	שושנה דמרי, 2			||||||	1	1	0	32.849324	35.106277
סופר פארם	חורה	אלסאלם 1			||||||	1	1	0	31.292369	34.924687
סופר פארם	טירה	דרך יפו			||||||	1	1	0	32.229889	34.944199
סופר פארם	רמת גן	תובל, 40			||||||	1	1	0	32.085041	34.802231
סופר פארם	רמלה	משה לוי, 17			||||||	1	1	0	31.930789	34.850127
סופר פארם	אשדוד	מנגו, 4			||||||	1	1	0	31.771055	34.638869
סופר פארם	קרית אתא	דוכיפת, 3			||||||	1	1	0	32.815425	35.135742
סופר פארם	עראבה	רחוב ראשי 805			||||||	1	1	0	32.853705	35.337167
סופר פארם	כפר קרע	חטין			||||||	1	1	0	32.502211	35.060771
סופר פארם	גדרה	אברהם דורון 1			||||||	1	1	0	31.812313	34.777526
סופר פארם	פתח תקווה	זאב ז'בוטינסקי 72			||||||	1	1	0	32.092487	34.846686
סופר פארם	תל אביב-יפו	אלנבי, 1			||||||	1	1	0	32.073768	34.765544
סופר פארם	דימונה	שדרות גולדה מאיר, 20			||||||	1	1	0	31.073962	35.031201
סופר פארם	רמלה	דני מס, 16			||||||	1	1	0	31.928003	34.866985
סופר פארם	נתיבות	אליהו אילוז 2			||||||	1	1	0	31.423143	34.595191
סופר פארם	רחובות	כרמל, 80			||||||	1	1	0	31.906099	34.820966
סופר פארם	חריש	דרך ארץ, 35			||||||	1	1	0	32.462894	35.043826
סופר פארם	פתח תקווה	ז'בוטינסקי, 61			||||||	1	1	0	32.068140	34.849899
סופר פארם	כרמיאל	מעלה כמון 2			||||||	1	1	0	32.923533	35.326198
סופר פארם	באקה אל-גרביה	אל קודס פינת ביר באקה			||||||	1	1	0	32.415635	35.045812
	עין המפרץ	עין המפרץ סנטר			||||||	1	1	0	32.900316	35.100916
סופר פארם	מודיעין מכבים רעות	חיים וייצמן, 24			||||||	1	1	0	31.904352	34.986929
סופר פארם	הרצליה	יוסי שריד, 6			||||||	1	1	0	32.162262	34.824547
סופר פארם	אשקלון	שדרות עמק האלה, 49			||||||	1	1	0	31.649344	34.568271
סופר פארם	קרית גת	שדרות לכיש, 153			||||||	1	1	0	31.629263	34.772638
סופר פארם	בית חנינא	ג'סר אל נוצף			||||||	1	1	0	31.829369	35.224276
סופר פארם	פרדס חנה כרכור	תדהר 1			||||||	1	1	0	32.488849	34.970557
סופר פארם	קריית אונו	שלמה המלך 37			||||||	1	1	0	32.055579	34.863372
סופר פארם	ראש העין	יגאל אלון, 22			||||||	1	1	0	32.086121	34.979786
סופר פארם	עפולה	חטיבה תשע, 2			||||||	1	1	0	32.615837	35.288441
סופר פארם	אעבלין	קניון חיידר כביש ראשי			||||||	1	1	0	32.821342	35.195795
סופר פארם	רמת השרון	ביג פאשן גלילות צומת הרב מכר 1 גלילות- רמת השרון			||||||	1	1	0	32.148962	34.805190
סופר פארם	גני תקווה	ההדרים, 7			||||||	1	1	0	32.065192	34.876098
סופר פארם	מגדל העמק	ביג מגדל העמק			||||||	1	1	0	32.690772	35.227332
סופר פארם	ראשון לציון	ירושלים, 116			||||||	1	1	0	31.959510	34.828344
סופר פארם	הוד השרון	הנשיאים, 1			||||||	1	1	0	32.162931	34.909380
סופר פארם	כרמיאל	מורד הגאי 100			||||||	1	1	0	32.914789	35.287184
סופר פארם	טמרה	א-סרווה (seven טמרה)			||||||	1	1	0	32.855251	35.185914
סופר פארם	רעננה	סשה ארגוב, 23			||||||	1	1	0	32.193267	34.865714
סופר פארם	יהוד-מונוסון	אלטלף, 4			||||||	1	1	0	32.026033	34.900968
סופר פארם	עמק חפר	האקליפטוס, 1			||||||	1	1	0	32.384368	34.871172
סופר פארם	פתח תקווה	ישעיהו משורר 11			||||||	1	1	0	32.079268	34.899870
סופר פארם	קלנסווה	קלנסווה			||||||	1	1	0	32.292653	34.982602
סופר פארם	רמת גן	רחוב זאב ז'בוטינסקי, 105			||||||	1	1	0	32.089233	34.815652
סופר פארם	כפר יונה	בן גוריון 1			||||||	1	1	0	32.317606	34.933850
סופר פארם	טבריה	מתחם מול כנרת - צמח			||||||	1	1	0	32.702815	35.586377
סופר פארם	רחובות	מוטי קינד, 10			||||||	1	1	0	31.894273	34.790133
סופר פארם	קדימה צורן	שדרות יצחק רבין, 38			||||||	1	1	0	32.296959	34.936805
סופר פארם	באר שבע	נחל פרת, 21			||||||	1	1	0	31.230799	34.822597
סופר פארם	קרני שומרון	שדרות רחבעם, 1			||||||	1	1	0	32.174959	35.091044
סופרפארם	באר שבע	ראובן רובין, 1			||||||	1	1	0	31.258979	34.797236
סופר פארם	זיכרון יעקב	הדגן 2			||||||	1	1	0	32.568439	34.954749
סופר פארם	ג'דיידה מכר	1001			||||||	1	1	0	32.928332	35.150046
סופר פארם	טייבה	מתחם SEVEN			||||||	1	1	0	32.266892	35.009675
קרביץ	עכו	החרושת 2			||||||	1	1	0	32.922988	35.081307
קרביץ	חיפה	פלימן 4			||||||	1	1	0	32.789894	34.965659
קרביץ	תל אביב	קרליבך 6			||||||	1	1	0	32.067992	34.783434
קרביץ	רמת גן	לנדאו 7			||||||	1	1	0	32.071530	34.828277
קרביץ	חולון	גולדה מאיר 7			||||||	1	1	0	32.012288	34.779430
קרביץ	תל אביב	דיזינגוף 50			||||||	1	1	0	32.075346	34.775395
קרביץ	מעלה אדומים	דרך קדם 5			||||||	1	1	0	31.771681	35.298455
קרביץ	תל אביב	דרך מנחם בגין 32			||||||	1	1	0	32.061761	34.777942
קרביץ	בית שמש	יגאל אלון 1			||||||	1	1	0	31.756412	34.989353
קרביץ	אשדוד	דרך אריאל שרון 1			||||||	1	1	0	31.776298	34.664327
קרביץ	ראשון לציון	רח' סחרוב 21 קניון הזהב			||||||	1	1	0	31.991475	34.774239
קרביץ	רגבה	מושב רגבה,כניסה דרומית ביג רגבה			||||||	1	1	0	32.973968	35.095649
קרביץ	ראשון לציון	ההסתדרות 6			||||||	1	1	0	31.967268	34.785490
קרביץ	ירושלים	יד חרוצים 18			||||||	1	1	0	31.751054	35.216001
קרביץ	נתניה	בני ברמן 2			||||||	1	1	0	32.279356	34.847084
קרביץ	חיפה	ההסתדרות 248			||||||	1	1	0	32.810092	35.072995
קרביץ	רעננה	המלאכה 2			||||||	1	1	0	32.197650	34.878316
קרביץ	אשדוד	ז'בוטנסקי 45			||||||	1	1	0	31.810282	34.656634
קרביץ	רמת גן	אבא הילל 301			||||||	1	1	0	32.090674	34.811752
קרביץ	ירושלים	אגודת בית"ר 1 מלחה			||||||	1	1	0	31.751601	35.187316
קרביץ	הרצליה	שדרות שבעת הכוכבים 8			||||||	1	1	0	32.165325	34.823958
קרביץ	יהוד-מונוסון	רח' משה דיין 3 קניון סביונים			||||||	1	1	0	32.030443	34.878185
קרביץ	תל אביב	איינשטיין 40			||||||	1	1	0	32.112256	34.795913
קרביץ	באר שבע	שדרות דוד טוביהו 125			||||||	1	1	0	31.250952	34.771121
קרביץ	מבשרת ציון	החוצבים 10			||||||	1	1	0	31.796651	35.146480
קרביץ	קרית ביאליק	דרך עכו 192			||||||	1	1	0	32.843714	35.090722
קרביץ	הוד השרון	ז'בוטינסקי 3			||||||	1	1	0	32.143630	34.891646
קרביץ	קרית אתא	מקור ברוך 6			||||||	1	1	0	32.803857	35.102964
קרביץ	באר שבע	נפחא 25			||||||	1	1	0	31.246136	34.812054
קרביץ	פתח תקווה	העצמאות 65 קניון גנים			||||||	1	1	0	32.074233	34.869625
קרביץ	שוהם	שד' עמק איילון מרכז מסחרי			||||||	1	1	0	31.999185	34.946893
קרביץ	כפר סבא	וייצמן 207			||||||	1	1	0	32.172085	34.928435
קרביץ	תל אביב	רח' ויצמן 14			||||||	1	1	0	32.081592	34.789140
קרביץ	רחובות	בילו 2 קניון רחובות			||||||	1	1	0	31.893767	34.807116
קרביץ	ראשון לציון	שד' נים 2			||||||	1	1	0	31.949417	34.804092
קרביץ	כפר סבא	כצנלסון 14			||||||	1	1	0	32.178382	34.904573
קרביץ	נס ציונה	האירוסים 53			||||||	1	1	0	31.930168	34.798363
קרביץ	באר שבע	שד' רגר 19			||||||	1	1	0	31.245361	34.795949
קרביץ	נתניה	הרצל 60			||||||	1	1	0	32.326601	34.861883
קרביץ	חיפה	דרך שמחת גולן 54			||||||	1	1	0	32.789891	35.007715
קרביץ	אשקלון	שד' בן גוריון 21			||||||	1	1	0	31.663884	34.564506
קרביץ	ירושלים	בן יהודה 16			||||||	1	1	0	31.781439	35.217250
קרביץ	פתח תקווה	רח' ז'בוטינסקי 75			||||||	1	1	0	32.092631	34.856785
קרביץ	בת ים	רח' יוספטל 92 קניון בת ים			||||||	1	1	0	32.015183	34.756167
קרביץ	נהריה	שד' בן צבי 1			||||||	1	1	0	33.005251	35.099912
קרביץ	גבעתיים	דרך רבין 53			||||||	1	1	0	32.066595	34.810150
קרביץ	פתח תקווה	פרידמן אלעזר 9			||||||	1	1	0	32.079405	34.902596
קרביץ	רמלה	דוד רזיאל 1			||||||	1	1	0	31.925948	34.863309
קרביץ	קריית אונו	רח' שלמה המלך 37			||||||	1	1	0	32.055579	34.863372
קרביץ	עקרון	בילו סנטר			||||||	1	1	0	31.864478	34.816387
קרביץ	מודיעין-מכבים-רעות	לב העיר 2			||||||	1	1	0	31.899698	35.007658
	נתניה	דברי חיים 4			||||||	1	1	0	32.342959	34.856678
דיאנה (חולון)	חולון	דב הוז 78			||||||	1	1	0	32.023542	34.762556
יום מבורך	תל אביב	צוקרמן 8			||||||	0	1	0	32.046403	34.807304
שוק שפירא	תל אביב	מסילת ישרים 70			||||||	1	1	0	32.052227	34.777160
סופר זול גבי	חולון	סוקולוב 41			||||||	1	1	0	32.022951	34.773918
קיוסק 24	תל אביב	יפת 246			||||||	1	1	0	32.034064	34.745966
מינימרקט נינה	תל אביב	אצל 43			||||||	1	1	0	32.051675	34.791675
פיצוחי הישיבה	ירושלים	הישיבה 2			||||||	1	1	0	31.789110	35.218591
	ירושלים	עבודת ישראל 12			||||||	1	1	0	31.787727	35.219777
מזנון 77	תל אביב	אבן גבירול 77			||||||	1	1	0	32.083671	34.781272
אול אין וואן ויטה	ראשון לציון	רוטשילד 53			||||||	1	1	0	31.963744	34.800548
קולטורה	בת ים	בלפור 76			||||||	1	1	0	32.020527	34.745408
ולדמר	ראשון לציון	זלמן שניאור 16			||||||	1	1	0	31.984896	34.787279
כל בו מרקט	תל אביב	סלמה 75			||||||	1	1	0	32.054914	34.769710
מינמרקט אלי	פתח תקווה	וייסבורג 3			||||||	1	1	0	32.093564	34.904559
נדרים		יצחק שמיר 21 נתיבות			||||||	0	1	0	31.433415	34.577793
נדרים		מסילת יוסף 44			||||||	0	1	0	31.928099	35.043039
נדרים		ז'בוטינסקי 67 בני ברק			||||||	0	1	0	32.092505	34.834386
נדרים		נתיבות המשפט 90 מודיעין עילית			||||||	0	1	0	31.927340	35.040181
נדרים		רמת שלמה ירושלים טולדנו 20			||||||	0	1	0	31.807351	35.218581
נדרים		חזון איש 1 מודיעין עילית			||||||	0	1	0	31.923063	35.048881
נדרים		קהילות יעקב 72 בני ברק			||||||	0	1	0	32.070789	34.838803
נדרים		שירת הים 5 ירושלים			||||||	0	1	0	31.818421	35.199696
נדרים		רבי מאיר 7 אלעד			||||||	0	1	0	32.049102	34.956471
נדרים		חזון איש 8 בני ברק			||||||	0	1	0	32.084739	34.836221
נדרים		ארלוזורוב 3 פתח תקווה			||||||	0	1	0	32.085020	34.877982
נדרים		הרב גרוסמן 18 בית שמש			||||||	0	1	0	31.718713	34.986083
נדרים		הגליל 49 חיפה			||||||	0	1	0	32.792778	35.015583
נדרים		ירושלים			||||||	0	1	0	31.596415	35.229436
נדרים		בדיקה			||||||	0	1	0	31.789442	34.659225
נדרים		חיפה			||||||	0	1	0	32.804090	35.000202
נדרים		הלוחמים 18 בני ברק			||||||	0	1	0	32.095160	34.831210
נדרים		רחוב רבן גמליאל 5 אלעד			||||||	0	1	0	32.055360	34.958185
נדרים		אבוחצירא 9 בני ברק			||||||	0	1	0	32.095277	34.829183
נדרים		מפרץ שלמה 100 חולון			||||||	0	1	0	32.005265	34.785955
נדרים		הרב ניסבוים יצחק 37 בת ים			||||||	0	1	0	32.969935	35.503729
נדרים		רבנו גרשום 32 ירושלים			||||||	0	1	0	31.804033	35.237853
נדרים		הרב שך 76 ביתר עילית			||||||	0	1	0	31.698856	35.098051
נדרים		לוחמי הגטאות 54 צפת			||||||	0	1	0	32.955782	35.495739
נדרים		החינוך העברי 6 נתניה			||||||	0	1	0	32.307849	34.878276
נדרים		המלאכה 17 נוף הגליל			||||||	0	1	0	32.700004	35.315060
נדרים		מימון 5 נתניה			||||||	0	1	0	32.346506	34.857698
נדרים		בית וגן 72 ירושלים			||||||	0	1	0	31.765728	35.185562
נדרים		הדגן 1 קריית יערים			||||||	0	1	0	31.802496	35.092038
נדרים		אבי עזרי 22 מודיעין עילית			||||||	0	1	0	31.922791	35.052881
נדרים		רבי שמעון בר יוחאי 49 מודיעין עילית			||||||	0	1	0	31.938158	35.036044
נדרים		חי טייב 4 בני ברק			||||||	0	1	0	32.096390	34.834286
נדרים		ירושלים			||||||	0	1	0	31.790577	35.208910
נדרים		פנחס בן יאיר 4 אלעד			||||||	0	1	0	32.051027	34.957729
נדרים		שבט זבולון 6			||||||	0	1	0	31.938191	34.900597
נדרים		מלאכי 23 ירושלים			||||||	0	1	0	31.788941	35.216438
נדרים		עובדיה הנביא 4 בית שמש			||||||	0	1	0	31.702477	34.991671
נדרים		האר"י 1 אופקים			||||||	0	1	0	31.307325	34.620786
נדרים		בלבן 3			||||||	0	1	0	31.843440	35.242167
נדרים		המור 3 ירושלים			||||||	0	1	0	31.734055	35.199828
נדרים		דרך מרן 27 טבריה			||||||	0	1	0	32.782057	35.505844
נדרים		ארצי			||||||	0	1	0	31.544163	35.123000
נדרים		רוזנבלט 14 ירושלים			||||||	0	1	0	31.816992	35.192977
נדרים		רבינו אשר 7 בני ברק			||||||	0	1	0	32.089485	34.827842
נדרים		יעקובזון 3 רחובות			||||||	0	1	0	31.893216	34.816030
נדרים		רחוב רבינו בחיי 423 מעלה עמוס 9096600			||||||	0	1	0	31.596930	35.229110
נדרים		קדושת לוי 50 ביתר עילית			||||||	0	1	0	31.703955	35.112321
נדרים		בן ציון 16 ירושלים			||||||	0	1	0	31.789190	35.194989
נדרים		רבי יהודה הנשיא 21 מודיעין עילית			||||||	0	1	0	31.940110	35.042444
נדרים		שערי תשובה 4 מודיעין עילית			||||||	0	1	0	31.927539	35.038093
נדרים		נצר חזני 30 נתיבות			||||||	0	1	0	31.418160	34.571012
נדרים		רשב"א 12 מודיעין עילית			||||||	0	1	0	31.933490	35.051211
נדרים		סורוצקין 9 רמת אהרן בני ברק			||||||	0	1	0	32.085474	34.842083
נדרים		רבי אלעזר 37 בית שמש			||||||	0	1	0	31.727650	34.995135
נדרים		רבי יוסי בן קיסמא 8 בית שמש			||||||	0	1	0	31.735979	34.998792
נדרים		עמק יזרעאל 33 קרית הרצוג בני ברק			||||||	0	1	0	32.098959	34.837131
נדרים		בן זאב 1 ירושלים			||||||	0	1	0	31.816856	35.192503
נדרים		קושניר 5 בני ברק			||||||	0	1	0	32.074338	34.841558
נדרים		חגי הנביא 3 בית שמש			||||||	0	1	0	31.702857	34.982113
נדרים		עטרת שלמה - מודיעין עילית			||||||	0	1	0	31.936128	35.042396
נדרים		מעוז 1 רמות א' ירושלים			||||||	0	1	0	31.817552	35.201895
נדרים		הרי"ף 5 אלעד			||||||	0	1	0	32.054290	34.963185
נדרים		טולדנו 20 ירושלים			||||||	0	1	0	31.807464	35.218147
נדרים		רחבת שאול המלך דימונה			||||||	0	1	0	31.070790	35.033937
נדרים		אגודת תלמידי ישיבת חברון (ע"ר)			||||||	0	1	0	32.088774	34.839857
נדרים		בן איש חי 45 בית שמש			||||||	0	1	0	31.747509	35.001168
נדרים		ארץ חפץ 112 ירושלים			||||||	0	1	0	31.794109	35.223642
נדרים		קצות החושן 6 מודיעין עילית			||||||	0	1	0	31.928438	35.042248
נדרים		בן זכאי 32 בני ברק			||||||	0	1	0	32.085381	34.825851
נדרים		תלמוד בבלי 1 בית שמש			||||||	0	1	0	31.698333	34.975102
נדרים		רשב"י 20 בית שמש			||||||	0	1	0	31.726687	34.992089
נדרים		הרב ברים 3 ירושלים			||||||	0	1	0	31.702256	34.995007
נדרים		יאנוש קורצ'אק 33 עפולה			||||||	0	1	0	32.623387	35.332184
נדרים		נתיבות המשפט 63 מודיעין עילית			||||||	0	1	0	31.935886	35.040764
נדרים		בר גיורא 17 ירושלים			||||||	0	1	0	31.789382	35.209745
נדרים		אש קודש 6 ביתר עילית			||||||	0	1	0	31.692458	35.115021
נדרים		הדקל 33 רכסים			||||||	0	1	0	32.754909	35.104840
נדרים		באר שבע 1 ירושלים			||||||	0	1	0	31.782117	35.211562
נדרים		צה"ל 4/61 מאור חיים צפת			||||||	0	1	0	32.964779	35.489554
נדרים		דברי חיים 4 ירושלים			||||||	0	1	0	31.796751	35.210184
נדרים		שולזינגר 3 פתח תקוה			||||||	0	1	0	32.077375	34.876694
נדרים		יחיא קאפח 6 ירושלים			||||||	0	1	0	31.788498	35.221175
נדרים		יחיא קאפח 6 ירושלים			||||||	0	1	0	32.803486	35.002668
נדרים		יחיא קאפח 6 ירושלים			||||||	0	1	0	31.787244	35.220948
נדרים		אהלי יוסף 14 ירושלים			||||||	0	1	0	31.796151	35.217366
נדרים		דרך התפוצות 80 רמת גן			||||||	0	1	0	32.068577	34.838877
נדרים		הסוללים 6 נתיבות			||||||	0	1	0	31.437524	34.577283
נדרים		נחל קדרון 2 בית שמש			||||||	0	1	0	31.716570	35.000259
נדרים		הרב רפאל טולידנו 20 ירושלים			||||||	0	1	0	31.807169	35.219900
נדרים		טולדנו 20 רמת שלמה ירושלים			||||||	0	1	0	31.807179	35.219332
נדרים		הארי טרומן 43 ירושלים			||||||	0	1	0	31.814473	35.208492
נדרים		מבוא הדמומית 4 אשדוד			||||||	0	1	0	31.785924	34.652521
נדרים		האדמו"ר מליובאוויטש 50, רמת שלמה, ירושלים			||||||	0	1	0	31.797132	35.180099
נדרים		רשב"י 18 אלעד			||||||	0	1	0	32.051836	34.961474
נדרים		יחזקאל קוטשר 19 ירושלים			||||||	0	1	0	31.822671	35.186041
נדרים		מר עוקבא 14 בית שמש			||||||	0	1	0	31.707943	34.965271
נדרים		הרב ז'ולטי 23 רמת שלמה ירושלים			||||||	0	1	0	31.809784	35.217646
נדרים		המגינים 12 קרית אתא			||||||	0	1	0	32.808944	35.106252
נדרים		המגיד ממעזריטש 57 ביתר עילית			||||||	0	1	0	31.700470	35.111796
נדרים		הנרי מורגנטאו 22 רמות א' ירושלים			||||||	0	1	0	31.813442	35.202359
נדרים		הנביא עובדיה 16 רמת בית שמש ג' 2 בית שמש			||||||	0	1	0	31.701717	34.993076
נדרים		הרב לנדא 9 ב"ב - כתובת זמנית רח' מהרש"ל 20 ב"ב			||||||	0	1	0	32.092427	34.845827
נדרים		חב"ד 7 ביתר עילית			||||||	0	1	0	31.699950	35.112028
נדרים		ארלוזורוב 11 חיפה			||||||	0	1	0	32.806313	35.000768
נדרים		הרב פרנק 4 ירושלים			||||||	0	1	0	31.765337	35.183598
נדרים		ריש לקיש 7 בית שמש			||||||	0	1	0	31.713593	34.966482
נדרים		שלמה המלך 5 בני ברק			||||||	0	1	0	32.079766	34.837425
נדרים		קדושת לוי 101 ביתר עילית			||||||	0	1	0	31.699836	35.104779
נדרים		רמב"ם 44 תפרח			||||||	0	1	0	31.323582	34.675168
נדרים		צאלון 24 אור יהודה			||||||	0	1	0	32.028656	34.857253
נדרים		חרצית 1 רכסים			||||||	0	1	0	32.754807	35.099055
נדרים		הריטב"א 11 מודיעין עילית			||||||	0	1	0	31.928894	35.049532
נדרים		שדרות האמוראים 48 בית שמש			||||||	0	1	0	31.700781	34.970161
נדרים		מודיעין עילית			||||||	0	1	0	31.937655	35.038972
נדרים		שבט אשר 1 לוד			||||||	0	1	0	31.934733	34.898997
נדרים		אברבנאל 105 בני ברק			||||||	0	1	0	32.099604	34.838570
נדרים		חידושי הרי"ם 16 בני ברק			||||||	0	1	0	32.076574	34.835449
נדרים		פורצי הדרך 19 אשדוד			||||||	0	1	0	31.780773	34.648498
נדרים		אם הבנים 1 ביתר עילית			||||||	0	1	0	31.694319	35.111916
נדרים		הרב אלישיב 5 נוף כנרת פוריה טבריה			||||||	0	1	0	32.784173	35.502133
נדרים		חזון איש 23 רכסים			||||||	0	1	0	32.751099	35.103339
נדרים		יהודה נחשוני 1 בני ברק			||||||	0	1	0	32.072828	34.841947
נדרים		אהבת ישראל 19 תל ציון			||||||	0	1	0	31.878433	35.236186
נדרים		ר' לויטס 2 בית שמש			||||||	0	1	0	31.728040	34.993998
נדרים		הצדיק משטפנשט 19 קריית גת			||||||	0	1	0	31.612866	34.754879
נדרים		עמנואל			||||||	0	1	0	32.161929	35.134191
נדרים		יהודה הנשיא 12 אשדוד			||||||	0	1	0	31.790956	34.665921
נדרים		יוסף חיים 27 ירושלים			||||||	0	1	0	31.781924	35.213517
נדרים		אמרי מרדכי אספר מיצד			||||||	0	1	0	31.586397	35.188296
נדרים		רבי יהודה הנשיא 35 מודיעין עילית			||||||	0	1	0	31.938378	35.044410
נדרים		אבינועם ילין 11 ירושלים			||||||	0	1	0	31.789265	35.220741
נדרים		אהבת ישראל 64 תל ציון			||||||	0	1	0	31.878296	35.238129
נדרים		בן עזאי 9 בית שמש			||||||	0	1	0	31.737443	34.999963
נדרים		מפעל הש"ס 32 גבעה A ביתר עילית			||||||	0	1	0	31.695501	35.111130
נדרים		הרב פרדס 33 ירושלים			||||||	0	1	0	31.840724	35.246263
נדרים		שד' רוטשילד ירושלים			||||||	0	1	0	31.780423	35.205331
נדרים		כוללים בפריסה ארצית			||||||	0	1	0	31.786108	35.215797
נדרים		כוללים בפריסה ארצית			||||||	0	1	0	31.935600	35.042793
נדרים		דרכי איש 21 ביתר עילית			||||||	0	1	0	31.697810	35.102250
נדרים		וילקומירר 10 בני ברק			||||||	0	1	0	32.082430	34.833568
נדרים		נוף הגליל			||||||	0	1	0	32.729363	35.341725
נדרים		יונה בן אמיתי 4 בית שמש			||||||	0	1	0	31.704248	34.985948
נדרים		הרב פנחס מילר 4 נוף הגליל			||||||	0	1	0	32.728782	35.342727
נדרים		חזון איש 39 רכסים			||||||	0	1	0	32.749544	35.105348
נדרים		הרבי מליובאויטש 2 באר שבע			||||||	0	1	0	31.249124	34.794298
נדרים		הרב מזוועהיל 9 ביתר עילית			||||||	0	1	0	31.694500	35.113201
נדרים		חזון איש 18 מודיעין עילית			||||||	0	1	0	31.922369	35.050413
נדרים		סנהדריה המורחבת 140 ירושלים			||||||	0	1	0	31.803449	35.218171
נדרים		מישאל מזרחי 1 פסגת זאב ירושלים			||||||	0	1	0	31.833083	35.248103
נדרים		הרב גרוסמן 5 בית שמש			||||||	0	1	0	31.718824	34.986343
נדרים		כצנלסון 53 הרצליה			||||||	0	1	0	32.165585	34.859122
נדרים		נחל עין גדי 47 בית שמש			||||||	0	1	0	31.714312	34.986092
נדרים		עין גנים 26 גני תקווה			||||||	0	1	0	32.060067	34.867702
נדרים		דובר שלום 11 בית שמש			||||||	0	1	0	31.736595	34.990118
נדרים		הרב אלישיב לוד			||||||	0	1	0	31.934319	34.896966
נדרים		גרוסמן 7 בית שמש			||||||	0	1	0	31.719696	34.984507
נדרים		הרב זווין 10 ירושלים			||||||	0	1	0	31.758639	35.189687
נדרים		מול רח יפתח הגלעדי 63			||||||	0	1	0	31.689419	34.572634
נדרים		בן פתחיה 4 בני ברק			||||||	0	1	0	32.088227	34.827680
נדרים		מר עוקבא 6 בית שמש			||||||	0	1	0	31.708845	34.968163
נדרים		מעלות דפנה 128 ירושלים			||||||	0	1	0	31.797390	35.224881
נדרים		פרת 18 קרית גת			||||||	0	1	0	31.613595	34.752711
נדרים		חוני המעגל 6 חצור הגלילית			||||||	0	1	0	32.982972	35.534690
נדרים		קהילות יעקב 8 לב הרמה נהר הירדן 2 בית שמש			||||||	0	1	0	31.738015	34.996386
נדרים		ביתר עילית			||||||	0	1	0	31.697064	35.102550
נדרים		רבי יהודה הנשיא 53 פתח תקווה			||||||	0	1	0	32.070690	34.908185
נדרים		ריטב"א 20 מודיעין עילית			||||||	0	1	0	31.929061	35.045522
נדרים		אבן גבירול 49 ראש העין			||||||	0	1	0	32.104052	34.942891
נדרים		רחוב יצחק שמיר עפולה עילית			||||||	0	1	0	32.639223	35.318142
נדרים		המור 8 גילה ירושלים			||||||	0	1	0	31.733289	35.199823
נדרים		הרב קוק 29 רכסים			||||||	0	1	0	32.746325	35.099929
נדרים		מפעל הש"ס 4/4 ביתר עילית 9052904			||||||	0	1	0	31.695590	35.115158
נדרים		תפרח			||||||	0	1	0	31.325108	34.674778
נדרים		המביט 4 ירושלים			||||||	0	1	0	31.788510	35.216132
נדרים		הרב גרוסמן 2 בית שמש			||||||	0	1	0	31.718360	34.986794
נדרים		רבי יהודה הנשיא 19 מודיעין עילית			||||||	0	1	0	31.939421	35.042243
נדרים		נחלת אשר 1 נהריה			||||||	0	1	0	33.007491	35.101175
נדרים		הרב אלישיב 6 לוד			||||||	0	1	0	31.934158	34.898580
נדרים		ראשית חכמה מודיעין עילית			||||||	0	1	0	31.926162	35.038910
נדרים		עלי הכהן 36 ירושלים			||||||	0	1	0	31.798102	35.215526
נדרים		נחל רמות 5/5 בית שמש			||||||	0	1	0	31.709865	34.993984
נדרים		רבי עקיבא 43 מודיעין עילית			||||||	0	1	0	31.941843	35.046033
נדרים		קהתי 9 גבעת שאול ירושלים			||||||	0	1	0	31.793260	35.190984
נדרים		רבן יוחנן בן זכאי 24 בית שמש			||||||	0	1	0	31.723671	34.989511
נדרים		נחל שורק 25 בית שמש			||||||	0	1	0	31.714619	34.990023
נדרים		רבנו גרשום 19 ירושלים			||||||	0	1	0	31.792847	35.219540
נדרים		צירלסון 29 א' בני ברק			||||||	0	1	0	32.091788	34.843821
נדרים		אלקבץ 48 גבעת שאול ירושלים			||||||	0	1	0	31.789102	35.190470
נדרים		נתיבות המשפט 111 ב' מודיעין עילית			||||||	0	1	0	31.928293	35.038687
נדרים		מנחת שלמה, מודיעין עילית			||||||	0	1	0	31.925716	35.044230
נדרים		בן איש חי פינת דברות משה גני מודיעין			||||||	0	1	0	31.930499	35.014449
נדרים		משך חכמה 92 מודיעין עילית			||||||	0	1	0	31.934205	35.039288
נדרים		יונה בן אמיתי 26 בית שמש			||||||	0	1	0	31.704188	34.988100
נדרים		דברי חיים 16 נתניה			||||||	0	1	0	32.345474	34.856076
נדרים		יואל 16 בני ברק			||||||	0	1	0	32.090204	34.836565
נדרים		אשל אברהם 13 בני ברק			||||||	0	1	0	32.082617	34.842369
נדרים		אדמור מגור 16 בני ברק			||||||	0	1	0	32.083147	34.837872
נדרים		מגן האלף 3 ירושלים			||||||	0	1	0	31.794851	35.222955
נדרים		מסילת יוסף 13 מודיעין עילית			||||||	0	1	0	31.929331	35.043327
נדרים		וינגייט 124 הרצליה			||||||	0	1	0	32.178983	34.803398
נדרים		רוזובסקי 9 פתח תקווה			||||||	0	1	0	32.068978	34.915668
נדרים		הרברט סמואל 33 חדרה			||||||	0	1	0	32.437989	34.914733
נדרים		קובלסקי 20 בני ברק			||||||	0	1	0	32.098229	34.840447
נדרים		נחל לכיש 23 רמת בית שמש א'			||||||	0	1	0	31.713066	34.992659
נדרים		רחוב החוזה מלובלין מול 43 ביתר עילית			||||||	0	1	0	31.695971	35.102706
נדרים		בעל הסולם 1 רמת אברהם בית שמש			||||||	0	1	0	31.719125	34.979753
נדרים		אבי עזרי 24 מודיעין עילית			||||||	0	1	0	31.922720	35.052617
נדרים		יהודה הנשיא 57 פתח תקווה			||||||	0	1	0	32.069885	34.905435
נדרים		הבעל שם טוב 62 עמנואל			||||||	0	1	0	32.161048	35.138950
נדרים		אוהב ישראל 13 ביתר עילית			||||||	0	1	0	31.698116	35.098364
נדרים		רשב"י 41 מודיעין עילית			||||||	0	1	0	31.937389	35.045093
נדרים		שד' מלכי ישראל 145 קרית גת			||||||	0	1	0	31.610428	34.756721
נדרים		מנחת חינוך 3 מודיעין עילית			||||||	0	1	0	31.931187	35.043105
נדרים		שירת הים 5 רמות א ירושלים			||||||	0	1	0	31.817887	35.199655
נדרים		ר' אלעזר המודעי 23			||||||	0	1	0	31.697630	35.120219
נדרים		בן זכאי 17 ביתר עילית			||||||	0	1	0	31.693279	35.114829
נדרים		משעול הסביונים 37 כרמיאל			||||||	0	1	0	32.918155	35.303942
נדרים		אביי 8 רמה ד' בית שמש			||||||	0	1	0	31.705991	34.974447
נדרים		נתיבות המשפט 73 מודיעין עילית			||||||	0	1	0	31.925959	35.044399
נדרים		משה דיין 84 פסגת זאב ירושלים			||||||	0	1	0	31.828053	35.240041
נדרים		העופר 2 גבעת זאב			||||||	0	1	0	31.865116	35.148888
נדרים		טבור הארץ 4 טבריה			||||||	0	1	0	32.796553	35.535085
נדרים		פנים מאירות 9 ירושלים			||||||	0	1	0	31.796443	35.201443
נדרים		נדבורנא 34 ביתר עילית			||||||	0	1	0	31.691667	35.115078
נדרים		זווין 19 נוה יעקב ירושלים			||||||	0	1	0	31.842944	35.247295
נדרים		מנחת שלמה, מודיעין עילית			||||||	0	1	0	31.925743	35.044338
נדרים		שקולניק 1 רחובות			||||||	0	1	0	31.894739	34.818493
נדרים		אורט ישראל 4 בת ים			||||||	0	1	0	32.014228	34.749743
נדרים		אריאל שרון 4 נתיבות			||||||	0	1	0	31.433831	34.580089
נדרים		זנגוויל 11 ירושלים			||||||	0	1	0	31.766212	35.177930
נדרים		מרים הנביאה 14 בית שמש			||||||	0	1	0	31.701973	34.992718
נדרים		הבעש"ט 21 ירושלים			||||||	0	1	0	31.784916	35.226394
נדרים		ירמיהו 13 בית שמש			||||||	0	1	0	31.703050	34.983382
נדרים		מר עוקבא 6 בית שמש			||||||	0	1	0	31.708418	34.967672
נדרים		הרצוג 12 חיפה			||||||	0	1	0	32.805819	35.001774
נדרים		אגרות משה 1 ירושלים			||||||	0	1	0	31.808312	35.224800
נדרים		התבור 23 אופקים			||||||	0	1	0	31.300303	34.624200
נדרים		שדרות האמוראים 54 בית שמש			||||||	0	1	0	31.702248	34.966637
נדרים		הלר חיים 1 ירושלים			||||||	0	1	0	31.762012	35.197513
נדרים		המגיד ממעזריטש 55 ביתר עילית			||||||	0	1	0	31.700668	35.112975
נדרים		הירקון 100 טבריה			||||||	0	1	0	32.786757	35.540368
נדרים		שבט זבולון 10 לוד			||||||	0	1	0	31.939246	34.901287
נדרים		המגיד ממזריטש 22 ביתר עילית			||||||	0	1	0	31.702364	35.120324
נדרים		צפת 80 פתח תקווה			||||||	0	1	0	32.089325	34.907056
נדרים		ישיבת מיר ירושלים			||||||	0	1	0	31.788348	35.223916
נדרים		חי טייב 6 בני ברק			||||||	0	1	0	32.097097	34.837454
נדרים		רבי יהודה הנשיא 19 מודיעין עילית			||||||	0	1	0	31.939474	35.041747
נדרים		לח"י 79 - נטעים 24 תל אביב			||||||	0	1	0	32.047780	34.796493
נדרים		גבעת זאב			||||||	0	1	0	31.863446	35.151910
נדרים		קרית המדע 24, הר חוצבים ירושלים			||||||	0	1	0	31.805111	35.206605
נדרים		רבינו גרשום 18 ירושלים			||||||	0	1	0	31.792457	35.220629
נדרים		רמת אשכול			||||||	0	1	0	31.801972	35.225408
נדרים		כפר חושן 1 ספסופה			||||||	0	1	0	33.012674	35.439696
נדרים		אולסוונגר 9 ירושלים			||||||	0	1	0	31.767783	35.170773
נדרים		אברהם שפירא 12 נתניה			||||||	0	1	0	32.323487	34.858214
נדרים		חי טייב 42 ירושלים			||||||	0	1	0	31.783917	35.171495
נדרים		האיילות 2 גבעת זאב			||||||	0	1	0	31.864694	35.143301
נדרים		רש"י 5 אלעד			||||||	0	1	0	32.051022	34.957785
נדרים		רש"י 5 אלעד			||||||	0	1	0	32.051129	34.957707
נדרים		אבטליון 11 אלעד			||||||	0	1	0	32.047375	34.949013
נדרים		קצנלבוגן 71 ירושלים			||||||	0	1	0	31.782814	35.177470
נדרים		רבינא 8 בית שמש			||||||	0	1	0	31.704785	34.973108
נדרים		המייסדים 15 קרית אתא			||||||	0	1	0	32.803916	35.105364
נדרים		נתיבות המשפט 66 מודיעין עילית			||||||	0	1	0	31.933961	34.898098
נדרים		גיבורי ישראל 16 בני ברק			||||||	0	1	0	32.086441	34.832363
נדרים		מימון 8 בני ברק			||||||	0	1	0	32.087543	34.830411
נדרים		נויפלד 10 בני ברק			||||||	0	1	0	32.096987	34.840593
נדרים		מקור ברוך 5 חיפה			||||||	0	1	0	32.799202	35.003584
נדרים		יסוד העבודה 10 ביתר עילית			||||||	0	1	0	31.701724	35.110100
נדרים		הפסגה 52 ירושלים			||||||	0	1	0	31.765442	35.184171
נדרים		שבט מנשה 4 לוד			||||||	0	1	0	31.938724	34.899817
נדרים		קדושת לוי 54 ביתר עלית			||||||	0	1	0	31.702953	35.110782
נדרים		הנחלים 36 מעלה אדומים			||||||	0	1	0	31.780455	35.297835
נדרים		רבי מאיר בעל הנס 7 באר יעקב			||||||	0	1	0	31.944036	34.834126
נדרים		סעדיה פז 36 חיפה			||||||	0	1	0	32.815277	34.958094
נדרים		מר עוקבא 3 בית שמש			||||||	0	1	0	31.709406	34.967254
נדרים		שבטי ישראל 45 רמת השרון			||||||	0	1	0	31.768311	35.180410
נדרים		הנרקיסים 38 רכסים			||||||	0	1	0	32.756570	35.096549
נדרים		האדמו"ר מצאנז 10 בני ברק			||||||	0	1	0	32.081738	34.837046
נדרים		שלום סיון 7 רמות ג' ירושלים			||||||	0	1	0	31.819563	35.191435
נדרים		הגבעה 4 נוף הגליל			||||||	0	1	0	32.706484	35.318660
נדרים		ברוט 20 בני ברק			||||||	0	1	0	32.094509	34.834436
נדרים		הרב יצחק נסים 10 קרית מלאכי			||||||	0	1	0	31.732575	34.739140
נדרים		יצחק שמיר 11 נתיבות			||||||	0	1	0	31.434584	34.581066
נדרים		חיל נשים 4 ירושלים			||||||	0	1	0	31.762714	35.209177
נדרים		רשב"י 21 ת.ד. 10051 מודיעין עילית			||||||	0	1	0	31.938741	35.041618
נדרים		החיד"א 8 אופקים			||||||	0	1	0	31.308373	34.625055
נדרים		רבי מאיר 41 עמנואל			||||||	0	1	0	32.161956	35.139376
נדרים		גניחובסקי 13 קרית הרצוג בני ברק			||||||	0	1	0	32.099123	34.841447
נדרים		דברי חיים 3 ביתר עילית			||||||	0	1	0	31.697434	35.118028
נדרים		ביתר עילית			||||||	0	1	0	31.706721	35.110239
נדרים		ישעיהו הנביא 1 בית שמש			||||||	0	1	0	31.701071	34.991056
נדרים		עין עופרים 18 מצפה רמון			||||||	0	1	0	30.612272	34.797334
נדרים		מלכי ישראל 1 נתיבות			||||||	0	1	0	31.420905	34.589934
נדרים		הורדים 9 רכסים			||||||	0	1	0	32.756278	35.096437
נדרים		מיצרי טירן 26 ירושלים			||||||	0	1	0	31.783361	35.214554
נדרים		בובליק 26 רמות א' ירושלים			||||||	0	1	0	31.814756	35.202768
נדרים		בן אליעזר 16 בית שמש			||||||	0	1	0	31.741641	34.981944
נדרים		הרב יעקב אדלשטיין 28 בית שמש			||||||	0	1	0	31.718513	34.987112
נדרים		תלמודי אברהם 20 ירושלים			||||||	0	1	0	31.700381	34.968691
נדרים		שפע חיים 2 טבריה			||||||	0	1	0	32.785626	35.513923
נדרים		יואל 13 בני ברק			||||||	0	1	0	32.089618	34.836682
נדרים		כף החיים 15 ביתר עילית			||||||	0	1	0	31.690389	35.109260
נדרים		הרב חיים חורי 15 צפת			||||||	0	1	0	32.958632	35.493536
נדרים		הזית 9 ת.ד. 18 זכרון יעקב			||||||	0	1	0	32.569191	34.950129
נדרים		אדוניהו הכהן 26 שכונת הבוכרים ירושלים			||||||	0	1	0	31.792754	35.219112
נדרים		שבט זבולון מתחם בתי הכנסת לוד			||||||	0	1	0	31.939035	34.901193
נדרים		חובבי ציון 37 פתח תקווה			||||||	0	1	0	32.089119	34.884686
נדרים		יעקב אלעזר 3 ירושלים			||||||	0	1	0	31.814335	35.208228
נדרים		עובדיה הנביא 11בית שמש			||||||	0	1	0	31.702144	34.991944
נדרים		בעל השאילתות 25 גבעת שאול ירושלים			||||||	0	1	0	31.790898	35.193930
נדרים		מרים הנביאה 27 בית שמש			||||||	0	1	0	31.703364	34.995657
נדרים		האירוס 37 מעלות			||||||	0	1	0	33.010395	35.281017
נדרים		מיכאל 31 חיפה			||||||	0	1	0	32.803968	35.002512
נדרים		השיריון 33 נתיבות			||||||	0	1	0	31.416281	34.592875
נדרים		חבקוק הנביא 51 (בחניה) בית שמש			||||||	0	1	0	31.706665	34.982686
נדרים		דרך אברהם פיצ'וטו ירושלים			||||||	0	1	0	31.758025	35.165174
נדרים		שבט יהודה 3 אחיסמך			||||||	0	1	0	31.934444	34.899142
נדרים		הרב עובדיה יוסף 27 בית שאן			||||||	0	1	0	32.499488	35.493568
נדרים		אלישע הנביא 17 בית שמש			||||||	0	1	0	31.704449	34.988948
נדרים		יל"ג 16 חיפה			||||||	0	1	0	32.806266	35.001046
נדרים		השישה עשר 16 דירה 8 ירושלים			||||||	0	1	0	31.828266	35.245123
נדרים		חזון איש 37 בית שמש			||||||	0	1	0	31.737805	34.994530
נדרים		רבי יהודה הנשיא 81 אלעד			||||||	0	1	0	32.087975	34.867759
נדרים		אבן גבירול 20 אלעד			||||||	0	1	0	32.053986	34.958330
נדרים		רבי ישראל אבוחצירה 20 בני ברק			||||||	0	1	0	32.095046	34.831450
נדרים		רח' הרש"ש מושב אליכין			||||||	0	1	0	32.406772	34.930327
נדרים		זווין 50 נווה יעקב ירושלים			||||||	0	1	0	31.838751	35.247699
נדרים		נתן הנביא 11 בית שמש			||||||	0	1	0	31.706213	34.993097
נדרים		ת.ד. 140 מושב חמד			||||||	0	1	0	32.015378	34.840543
נדרים		המייסדים 20 קריית אתא			||||||	0	1	0	32.803371	35.105122
נדרים		דרכי רפאל 10 נתיבות			||||||	0	1	0	31.427075	34.586452
נדרים		נחל עין גדי 39 בית שמש			||||||	0	1	0	31.714825	34.982849
נדרים		הרב גרוסמן 2 רמת אברהם בית שמש			||||||	0	1	0	31.718843	34.986398
נדרים		יונתן 1 בני ברק			||||||	0	1	0	32.094771	34.823866
נדרים		אהבת שלום 6 בני ברק			||||||	0	1	0	32.076430	34.836458
נדרים		עזרה 6 ירושלים			||||||	0	1	0	32.207350	35.275594
נדרים		קיבוץ גלויות 23 בני ברק			||||||	0	1	0	32.074286	34.842012
נדרים		משאת משה 8 ירושלים			||||||	0	1	0	31.764445	35.197128
נדרים		עטרת שלמה - מודיעין עילית			||||||	0	1	0	31.936731	35.035368
נדרים		יצחק שדה 44 עפולה עילית			||||||	0	1	0	32.633706	35.325021
נדרים		ריבל 9 בית שמש			||||||	0	1	0	31.725070	34.992047
נדרים		מגדל דוד 6 מודיעין - מכבים - רעות			||||||	0	1	0	31.901588	35.015408
נדרים		רמות ג' ירושלים			||||||	0	1	0	31.817543	35.193341
נדרים		הרב כהנמן 56 בני ברק			||||||	0	1	0	32.084762	34.839610
נדרים		אחיה השילוני 6 בית שמש			||||||	0	1	0	31.704685	34.978546
נדרים		רבי עקיבא 65 בני ברק			||||||	0	1	0	32.086833	34.829620
נדרים		רש"י פינת רמב"ן מודיעין עילית			||||||	0	1	0	31.929962	35.049091
נדרים		נתיבות המשפט 109 מודיעין עילית			||||||	0	1	0	31.928146	35.039298
נדרים		דרכי איש 34 ביתר עילית			||||||	0	1	0	31.697285	35.102923
נדרים		ראש פינה 7 רוממה ירושלים			||||||	0	1	0	31.794092	35.200701
נדרים		הריטב"א 7 מודיעין עילית			||||||	0	1	0	31.927791	35.047158
נדרים		בן איש חי 10 בית שמש			||||||	0	1	0	31.743351	34.998017
נדרים		הנרייטה סולד 17 עפולה			||||||	0	1	0	32.622820	35.330270
נדרים		רביץ 14 נוה יעקב ירושלים			||||||	0	1	0	31.837599	35.242124
נדרים		אריה בן אליעזר 15 פתח תקוה			||||||	0	1	0	32.070384	34.910088
נדרים		ההגנה 748/29 ירוחם			||||||	0	1	0	30.989072	34.927956
נדרים		ראובן גמזון 2, נוה יעקב ירושלים			||||||	0	1	0	31.843071	35.239132
נדרים		נאדבורנא ביתר עילית			||||||	0	1	0	31.692131	35.113963
נדרים		ריש לקיש 23 בית שמש			||||||	0	1	0	31.714242	34.963356
נדרים		הרב ישראל גרוסמן 7 בית שמש			||||||	0	1	0	31.719295	34.984089
נדרים		ת.ד. 155 באר שבע			||||||	0	1	0	31.258753	34.795597
נדרים		אבן האזל 10 ירושלים			||||||	0	1	0	31.795096	35.213011
נדרים		פרדה יזזאו אקלום 11 עפולה			||||||	0	1	0	32.635953	35.317160
נדרים		רבי פנחס בן יאיר 20 בית שמש			||||||	0	1	0	31.736036	34.993214
נדרים		מעגלי הראי"ה בית אל			||||||	0	1	0	31.944019	35.221478
נדרים		כ' בחשוון 34 בית אל			||||||	0	1	0	31.934053	35.229488
נדרים		רבי עקיבא 30 ביתר עילית			||||||	0	1	0	31.694643	35.111650
נדרים		חזון איש 1561 אופקים			||||||	0	1	0	31.305297	34.625106
נדרים		יונתן בן עוזיאל 10 אלעד			||||||	0	1	0	32.048373	34.958438
נדרים		אבא שאול 42 ביתר עילית			||||||	0	1	0	31.695057	35.099368
נדרים		שד' האמוראים 62 בית שמש			||||||	0	1	0	31.702603	34.968506
נדרים		ברגמן 22 ירושלים			||||||	0	1	0	31.768235	35.180574
נדרים		וילסון 9 תל אביב			||||||	0	1	0	32.065492	34.781405
נדרים		דברי חיים 16 נתניה			||||||	0	1	0	32.345492	34.855816
נדרים		דברי חיים 16 נתניה			||||||	0	1	0	32.345592	34.856004
נדרים		אשר לשלמה 2 מודיעין עילית			||||||	0	1	0	31.923073	35.046225
נדרים		ארלזורוב 18 חיפה			||||||	0	1	0	32.806546	34.998020
נדרים		אהבת שלום 23/9 כוכב יעקב			||||||	0	1	0	31.880491	35.235970
נדרים		שביל החצב 6 תל אביב			||||||	0	1	0	32.067848	34.800624
נדרים		הרב מפוניבז' 7 גרין פארק מודיעין עילית			||||||	0	1	0	31.924375	35.047588
נדרים		ת.ד. 5474 בית שמש			||||||	0	1	0	31.705873	34.962925
נדרים		השר אלון יגאל 22 בני ברק			||||||	0	1	0	32.099651	34.836333
נדרים		חב"ד 6 ביתר עילית			||||||	0	1	0	31.699480	35.111169
נדרים		שטרן אברהם 45 ירושלים			||||||	0	1	0	31.753028	35.178590
נדרים		נורוק 11 בני ברק			||||||	0	1	0	32.097045	34.837601
נדרים		גאולה 1 חיפה			||||||	0	1	0	32.804711	34.998697
נדרים		יצחק באסן 5 ירושלים			||||||	0	1	0	31.800872	35.224821
נדרים		ז'בוטינסקי 31 ירושלים			||||||	0	1	0	31.771146	35.218246
נדרים		פרי חדש 8 ירושלים			||||||	0	1	0	31.787029	35.215812
נדרים		הרב רוזובסקי 14 אשדוד			||||||	0	1	0	31.825440	34.648629
נדרים		נחל רפאים 27 בית שמש			||||||	0	1	0	31.711986	34.996655
נדרים		הרב לופיאן 1 ירושלים			||||||	0	1	0	31.808978	35.216679
נדרים		רבי מאיר 17 אלעד			||||||	0	1	0	32.050465	34.956842
נדרים		הרב יהודה נחשוני 32 בני ברק			||||||	0	1	0	32.071873	34.842291
נדרים		מנוחה ונחלה 3 רחובות			||||||	0	1	0	31.892864	34.817656
נדרים		שד' נוה יעקב 34 נוה יעקב			||||||	0	1	0	31.838059	35.239195
נדרים		הגבורה 9 קרית גת			||||||	0	1	0	31.607114	34.760199
נדרים		רשב"י 21 מודיעין עילית			||||||	0	1	0	31.938160	35.041312
נדרים		מיכשוילי 32 אשדוד			||||||	0	1	0	31.789910	34.657002
נדרים		זוויעל 2 ביתר עילית			||||||	0	1	0	31.693400	35.114587
נדרים		הנרייטה סאלד 82 קרית גת			||||||	0	1	0	31.629790	34.768479
נדרים		הנביאים 26 ירושלים			||||||	0	1	0	31.784045	35.226702
נדרים		הרב פרדס 33 ירושלים			||||||	0	1	0	31.840411	35.246260
נדרים		נחל לוז 6 בית שמש			||||||	0	1	0	31.710999	34.995291
נדרים		תפארת נפתלי 24 בית שמש			||||||	0	1	0	31.703397	34.988286
נדרים		חזון איש 26 ירושלים			||||||	0	1	0	31.808363	35.224979
נדרים		דבורה הנביאה 29			||||||	0	1	0	31.703045	34.995765
נדרים		אור החיים 27 מודיעין עילית			||||||	0	1	0	31.930789	35.041554
נדרים		האדמו"ר מחב"ד קרית גת			||||||	0	1	0	31.615432	34.755293
נדרים		פארן 8 ירושלים			||||||	0	1	0	31.801214	35.226703
נדרים		הרב אלישיב 6 לוד			||||||	0	1	0	31.933936	34.898127
נדרים		חזון איש 18 בית שמש			||||||	0	1	0	31.738534	34.992030
נדרים		גבעת שאול 5 ירושלים			||||||	0	1	0	31.791632	35.194781
נדרים		אבוחצירא 39 בני ברק			||||||	0	1	0	32.096032	34.829310
נדרים		הפסגה 70 ירושלים			||||||	0	1	0	31.764549	35.185774
נדרים		אביעד 8 גבעת מרדכי ירושלים			||||||	0	1	0	31.762082	35.197509
נדרים		נתיבות המשפט 73 מודיעין עילית			||||||	0	1	0	31.925941	35.044351
נדרים		מח"ל 12 מעלות דפנה ירושלים			||||||	0	1	0	31.796245	35.228307
נדרים		יהודה הלוי 13 תל אביב			||||||	0	1	0	32.061485	34.769048
נדרים		שבט זבולון 14 לוד			||||||	0	1	0	31.938919	34.901415
נדרים		קיפודן 21 מודיעין מכבים רעות			||||||	0	1	0	31.904190	35.009373
נדרים		קיבוץ גלויות 7 מבשרת ציון			||||||	0	1	0	31.792592	35.143371
נדרים		אליהו גולומוב 17 עפולה			||||||	0	1	0	32.631984	35.326171
נדרים		נתיבות המשפט 66 מודיעין עילית			||||||	0	1	0	31.802837	35.100788
נדרים		רמת צבי 835 זכרון יעקב			||||||	0	1	0	32.566557	34.958285
נדרים		רבי יוחנן בן זכאי 16 בית שמש			||||||	0	1	0	31.722897	34.992003
נדרים		נצר חזני 33 נתיבות			||||||	0	1	0	31.417793	34.567890
נדרים		אליהו הנביא 10 ירוחם			||||||	0	1	0	30.987225	34.926869
נדרים		יהיושע 9 בני ברק			||||||	0	1	0	32.085805	34.828357
נדרים		שד' האמוראים 84 בית שמש			||||||	0	1	0	31.699927	34.973052
נדרים		חזון דוד 17 מודיעין עילית			||||||	0	1	0	31.925055	35.040932
נדרים		שדי חמד 14/10 מודיעין עילית			||||||	0	1	0	31.930029	35.048135
נדרים		אבן עזרא 22 ירושלים			||||||	0	1	0	31.774901	35.213711
נדרים		הרב מפונוביז' 12 מודיעין עילית			||||||	0	1	0	31.923637	35.046687
נדרים		ת.ד. 57256 ירושלים			||||||	0	1	0	31.766436	35.147908
נדרים		הפסגה 30 ירושלים			||||||	0	1	0	31.767541	35.183275
נדרים		דרך כרמית קרית יובל ירושלים			||||||	0	1	0	31.766085	35.170966
נדרים		נועם אלימלך 5 קרית גת			||||||	0	1	0	31.616528	34.752960
נדרים		מבוא מרגלית 9 ביתר עילית			||||||	0	1	0	31.692567	35.114515
נדרים		משה שאולי 4 ירושלים			||||||	0	1	0	31.842160	35.246341
נדרים		רב חלקיה בר טובי 10 בית שמש			||||||	0	1	0	31.704414	34.962060
נדרים		הרב קוק 3 בני ברק			||||||	0	1	0	32.087643	34.827295
נדרים		חידקל 16 קרית גת			||||||	0	1	0	31.618563	34.755229
נדרים		בלפור 9 אור עקיבא			||||||	0	1	0	32.508188	34.918632
נדרים		סלומון 12 פתח תקוה			||||||	0	1	0	32.084715	34.880930
נדרים		פינסקר 9 קרית אתא			||||||	0	1	0	32.807819	35.106563
נדרים		ברים 12 ביתר עילית			||||||	0	1	0	31.703208	35.114837
נדרים		פנחס וסרמן 4 נווה יעקב ירושלים			||||||	0	1	0	31.837620	35.238742
נדרים		הרב שטיינמן 1 הר יונה נוף הגליל			||||||	0	1	0	32.728836	35.341650
נדרים		רחבת הרא"ש 9 באר שבע			||||||	0	1	0	31.268623	34.789091
נדרים		רשב"י 13 אלעד			||||||	0	1	0	32.050444	34.961900
נדרים		אורן 50 חריש			||||||	0	1	0	32.460884	35.038987
נדרים		מינצברג 8 בית וגן ירושלים			||||||	0	1	0	31.761334	35.189624
נדרים		הרי"ף 18 קרית יערים			||||||	0	1	0	31.802974	35.095521
נדרים		קהילות יעקב 72 בני ברק			||||||	0	1	0	32.071517	34.838232
נדרים		לוחמי הגטאות 16/8 צפת			||||||	0	1	0	32.956554	35.495905
נדרים		בדיקה			||||||	0	1	0	31.719999	34.982864
נדרים		סימטה ד' 38 העיר העתיקה צפת			||||||	0	1	0	32.969778	35.491133
נדרים		אהרן כהן 5 ירושלים			||||||	0	1	0	31.724014	35.231419
נדרים		הרב שמעונוביץ 10 רכסים			||||||	0	1	0	32.747936	35.099076
נדרים		כף החיים 11 ירושלים			||||||	0	1	0	31.843953	35.241251
נדרים		רב מרי / רב עמרם בית שמש			||||||	0	1	0	31.702486	34.968553
נדרים		בית שמש נהר הירדן 29			||||||	0	1	0	31.729536	34.993847
נדרים		אבני נזר 57 מודיעין עילית			||||||	0	1	0	31.930995	35.039793
נדרים		פחד יצחק 37 ביתר עילית			||||||	0	1	0	31.699501	35.109047
נדרים		חזון איש 9 ירושלים			||||||	0	1	0	31.808118	35.223414
נדרים		אביר יעקב 1 ירושלים			||||||	0	1	0	31.840689	35.250325
נדרים		יונה בן אמיתי 40 בית שמש			||||||	0	1	0	31.702252	34.988962
נדרים		שד בגין מנחם פארק גן החמישה שדרות			||||||	0	1	0	31.524478	34.595500
נדרים		הר הצופים 1 קרית גת			||||||	0	1	0	31.614486	34.777490
נדרים		רבי מאיר 33 עמנואל			||||||	0	1	0	32.161822	35.135753
נדרים		נתיבות שלום 12 מודיעין עילית			||||||	0	1	0	31.927756	35.049839
נדרים		הרב מימון 1 קרית משה ירושלים			||||||	0	1	0	31.788640	35.199155
נדרים		אביי 5 רמת בית שמש ד' בית שמש			||||||	0	1	0	31.706111	34.974303
נדרים		שדרות יחזקאל 33 ברכפלד מודיעין עילית			||||||	0	1	0	31.938739	35.037751
נדרים		לוחמי הגטאות 1 צפת			||||||	0	1	0	32.958534	35.499670
נדרים		הרי יהודה 79 גני תקווה			||||||	0	1	0	32.060528	34.866848
נדרים		נודע ביהודה 40 מודיעין עילית			||||||	0	1	0	31.935432	35.043106
נדרים		בראנד 17 ירושלים			||||||	0	1	0	31.782936	35.174825
נדרים		אחיה השילוני 10 בית שמש			||||||	0	1	0	31.704661	34.980099
נדרים		נחל לכיש 2 בית שמש			||||||	0	1	0	31.702721	34.990738
נדרים		החוזה מלובלין 40 ביתר עילית			||||||	0	1	0	31.696053	35.102271
נדרים		מנחם 22 בני ברק			||||||	0	1	0	32.088710	34.824488
נדרים		סורוצקין 2 כניסה ב' ירושלים			||||||	0	1	0	31.794925	35.205554
נדרים		כנסת מרדכי 15 ביתר עילית			||||||	0	1	0	31.695804	35.106239
נדרים		משה קהירי 36 באר שבע			||||||	0	1	0	31.287947	34.801943
נדרים		נתן יונתן 20 נתניה			||||||	0	1	0	32.280212	34.840248
נדרים		סיירת גולני 7 ירושלים			||||||	0	1	0	31.829819	35.243825
נדרים		ת.ד. 250 בני ברק			||||||	0	1	0	32.082872	34.836184
נדרים		שירת הים 7 רמות א' ירושלים			||||||	0	1	0	31.817683	35.199707
נדרים		ז'בוטינסקי 41 באר יעקב			||||||	0	1	0	31.936029	34.843397
נדרים		משה זילברג 36 ירושלים			||||||	0	1	0	31.762650	35.187087
נדרים		בן איש חי 10 בית שמש			||||||	0	1	0	31.743542	34.998139
נדרים		אלפסי 6 טבריה			||||||	0	1	0	32.777312	35.515193
נדרים		רבי יהודה הנשיא 25 מודיעין עילית			||||||	0	1	0	31.939758	35.043098
נדרים		קהילות יעקב 21 רמת שלמה ירושלים			||||||	0	1	0	31.813018	35.217198
נדרים		רבי ברכיה3 בית שמש			||||||	0	1	0	31.708625	34.962481
נדרים		הנשיא 10 גבעת שמואל			||||||	0	1	0	32.081749	34.849251
נדרים		עובדיה 15 בית שמש			||||||	0	1	0	31.702080	34.992018
נדרים		רוטשילד 124 תל אביב			||||||	0	1	0	32.069512	34.779685
נדרים		וילקומירר 10 בני ברק			||||||	0	1	0	32.082886	34.833702
נדרים		אלקבץ 48 א' ירושלים			||||||	0	1	0	31.789366	35.190503
נדרים		הרב ז'ולטי 6 ירושלים			||||||	0	1	0	31.811308	35.215071
נדרים		האדמו"ר מבעלזא 13 בית שמש			||||||	0	1	0	31.732123	34.990806
נדרים		האחות יהודית 237 גילה ירושלים			||||||	0	1	0	31.728518	35.190334
נדרים		שדי חמד 18 מודיעין עילית			||||||	0	1	0	31.934059	35.042696
נדרים		נרקיסים 14/2 רכסים			||||||	0	1	0	32.755266	35.103166
נדרים		בן איש חי 49 בית שמש			||||||	0	1	0	31.748717	34.999342
נדרים		רבי עקיבא 72 בני ברק			||||||	0	1	0	32.086695	34.829191
נדרים		בעל שם טוב 10 ת.ד 4286 מודיעין עילית			||||||	0	1	0	31.924396	35.051676
נדרים		האדמו"ר מרוז'ין 17 הר נוף ירושלים			||||||	0	1	0	31.787036	35.172206
נדרים		השלושה 10 בית שמש			||||||	0	1	0	31.700939	35.005688
נדרים		אליעזרי 4 בית וגן ירושלים			||||||	0	1	0	31.765799	35.189234
נדרים		איסלנד 8 קרית מנחם ירושלים			||||||	0	1	0	31.757748	35.168749
נדרים		ירושלים			||||||	0	1	0	31.791525	35.225415
נדרים		אלחריזי 5 בני ברק			||||||	0	1	0	32.089052	34.833472
נדרים		בני תורה 96 רכסים			||||||	0	1	0	32.754251	35.103354
נדרים		רבי יהודה הנשיא 1 מודיעין עילית			||||||	0	1	0	31.938420	35.038839
נדרים		אבא שאול 40 ביתר עילית			||||||	0	1	0	31.695506	35.098581
נדרים		כ"ה 3 צפת			||||||	0	1	0	32.967496	35.497185
נדרים		נוף הגליל			||||||	0	1	0	32.729483	35.339158
נדרים		נחלת שלמה 11/9 נתיבות			||||||	0	1	0	31.426457	34.582880
נדרים		הארבעה תל אביב			||||||	0	1	0	32.070267	34.785953
נדרים		המר זבולון 12 בני ברק			||||||	0	1	0	32.090213	34.843124
נדרים		אבן גבירול 13/5 אלעד			||||||	0	1	0	32.050132	34.949051
נדרים		מינץ 44 ירושלים			||||||	0	1	0	31.823629	35.192382
נדרים		פונוביז' 7 מודיעין עילית			||||||	0	1	0	31.925068	35.048465
נדרים		אהרונוביץ 12 מרכז רימונים בני ברק			||||||	0	1	0	32.091465	34.839172
נדרים		הממציא 9 ירושלים			||||||	0	1	0	31.727116	35.220481
נדרים		העוגן 17 טירת כרמל			||||||	0	1	0	32.763929	34.965499
נדרים		המגיד ממזריטש 35 ביתר			||||||	0	1	0	31.703079	35.117565
נדרים		זכריה 4 בני ברק			||||||	0	1	0	32.085915	34.835956
נדרים		רבי יהודה הנשיא 65 אלעד			||||||	0	1	0	32.048810	34.957978
נדרים		דורות 9 זכרון יעקב			||||||	0	1	0	32.568906	34.952568
נדרים		סורוצקין 7 ירושלים			||||||	0	1	0	31.838935	35.246864
נדרים		אהבת ישראל 11 תל ציון			||||||	0	1	0	31.878863	35.239850
נדרים		מימון 1 חיפה			||||||	0	1	0	32.795619	35.006938
נדרים		אהבת ישראל 4 בית שאן			||||||	0	1	0	32.494111	35.497194
נדרים		אלחריזי 5 בני ברק			||||||	0	1	0	32.088678	34.833310
נדרים		רחוב סורוצקין 9 בני ברק			||||||	0	1	0	31.842184	35.246386
נדרים		אהרונסון 12 בית שמש			||||||	0	1	0	31.698508	35.002287
נדרים		קסוטו 20 ירושלים			||||||	0	1	0	31.762603	35.187649
נדרים		נתיבות שלום קרית גת			||||||	0	1	0	31.617000	34.752738
נדרים		הנביא עובדיה 10 בית שמש			||||||	0	1	0	31.703951	34.971773
נדרים		ריש לקיש 23 בית שמש			||||||	0	1	0	31.714387	34.963279
נדרים		האר"י 100 צפת			||||||	0	1	0	32.967852	35.491329
נדרים		בן זכאי 45 בני ברק			||||||	0	1	0	32.078073	34.831701
נדרים		האחד עשר צפת			||||||	0	1	0	32.955619	35.499107
נדרים		מעלות דושינסקי 9 ירושלים			||||||	0	1	0	31.801134	35.217470
נדרים		חזון דוד 17 מודיעין עילית			||||||	0	1	0	31.924877	35.040851
נדרים		מול רבי יהודה הנשיא 22 מודיעין עילית			||||||	0	1	0	31.938699	35.043560
נדרים		דוד ילין 36 ירושלים			||||||	0	1	0	31.786911	35.213423
נדרים		ברזיל 22 ירושלים			||||||	0	1	0	31.765232	35.172502
נדרים		נתיבות המשפט 1/א מודיעין עילית			||||||	0	1	0	31.934040	35.046947
נדרים		ישמח משה 22 בני ברק			||||||	0	1	0	32.080927	34.837006
נדרים		טירת הכסף 1 כוכב יעקב			||||||	0	1	0	31.881419	35.244868
נדרים		נעמי שמר 19 קרית ביאליק			||||||	0	1	0	32.853482	35.104404
נדרים		רבי מאיר 33 עמנואל			||||||	0	1	0	32.161729	35.135603
נדרים		מודיעין עילית			||||||	0	1	0	31.938137	35.041423
נדרים		בן גוריון 1517 אופקים			||||||	0	1	0	31.298484	34.624158
נדרים		בן גוריון 1517 אופקים			||||||	0	1	0	31.300328	34.622970
נדרים		רמת צבי 835 זכרון יעקב			||||||	0	1	0	32.566664	34.958371
נדרים		נויפלד 10 בני ברק			||||||	0	1	0	32.097264	34.841403
נדרים		חיננית 10 עפולה עילית			||||||	0	1	0	32.637407	35.325415
נדרים		שמעיה 16 אלעד			||||||	0	1	0	32.051569	34.945324
נדרים		שז"ר 50 טבריה			||||||	0	1	0	32.786047	35.511351
נדרים		שד' התמרים 51 אילת			||||||	0	1	0	29.563038	34.950717
נדרים		אנילביץ 311 צפת			||||||	0	1	0	32.957763	35.500425
נדרים		חבקוק 20 בני ברק			||||||	0	1	0	32.087417	34.837857
נדרים		שבטי ישראל 45 רמת השרון			||||||	0	1	0	31.784916	35.175718
נדרים		הקהילה 15 חריש			||||||	0	1	0	32.462328	35.038289
נדרים		אבן שפרוט 2 בני ברק			||||||	0	1	0	32.090405	34.832870
נדרים		דבורה הנביאה 16 בני ברק			||||||	0	1	0	32.078275	34.835253
נדרים		באר אורה 17 רמת גן			||||||	0	1	0	32.064433	34.830633
נדרים		אלחריזי 7 רמת השרון			||||||	0	1	0	32.131883	34.858460
נדרים		שבט אפרים 6 לוד			||||||	0	1	0	31.939014	34.901349
נדרים		נהרדעא 24 בית שמש			||||||	0	1	0	31.700947	34.969897
נדרים		התחדשות 8 חריש			||||||	0	1	0	32.460968	35.056992
נדרים		נחל גילה 3 בית שמש			||||||	0	1	0	31.711160	34.992995
נדרים		מסילת יוסף 42 מודיעין עילית			||||||	0	1	0	31.923765	35.043035
נדרים		אביר יעקב 30/8 ירושלים			||||||	0	1	0	31.840014	35.249087
נדרים		ראשית חכמה 15 ירושלים			||||||	0	1	0	31.787978	35.216607
נדרים		רבי עקיבא 19 חיפה			||||||	0	1	0	32.802309	34.999174
נדרים		צפת			||||||	0	1	0	32.956624	35.495886
נדרים		ר' עקיבא 8 ב"ב			||||||	0	1	0	32.090639	34.825252
נדרים		אשר גולאק 409 נוה יעקב ירושלים			||||||	0	1	0	31.839662	35.245232
נדרים		הצנחנים 9 בת ים			||||||	0	1	0	32.029903	34.758907
נדרים		אחיעזר 5 אשדוד			||||||	0	1	0	31.797431	34.657721
נדרים		אהבת ישראל 53 תל ציון			||||||	0	1	0	31.880824	35.238126
נדרים		חוני המעגל 34 אלעד			||||||	0	1	0	32.052329	34.949669
נדרים		יהדות איטליה 6 שדרות			||||||	0	1	0	31.538710	34.591890
נדרים		נהרדעא 22 בית שמש			||||||	0	1	0	31.700386	34.969770
נדרים		נוה יעקב			||||||	0	1	0	31.840450	35.240994
נדרים		טשרניחובסקי 9 גבעת המורה עפולה			||||||	0	1	0	32.628167	35.326288
נדרים		אור החיים 27 מודיעין עילית			||||||	0	1	0	31.932324	35.048066
נדרים		נויפלד 10 בני ברק			||||||	0	1	0	32.096874	34.841555
נדרים		בית יוסף 11 בני ברק			||||||	0	1	0	32.091187	34.840119
נדרים		נהרדעא 18/א בית שמש			||||||	0	1	0	31.700583	34.970815
נדרים		חתם סופר 10 מודיעין עילית			||||||	0	1	0	31.932971	35.045816
נדרים		נריה הנביא 4/9 בית שמש			||||||	0	1	0	31.705134	34.977229
נדרים		מושב יסודות			||||||	0	1	0	31.814625	34.861683
נדרים		פנינה 2 ירושלים			||||||	0	1	0	31.795698	35.214309
נדרים		הנגב 1 חיפה			||||||	0	1	0	32.803722	35.004849
נדרים		דבורה הנביאה 7 טבריה			||||||	0	1	0	32.784085	35.501986
נדרים		רח' שמעיה 21 פינת רמב"ם, בני ברק			||||||	0	1	0	32.089668	34.829837
נדרים		זוין 41 נוה יעקב ירושלים			||||||	0	1	0	31.842985	35.249167
נדרים		הרב עוזיאל 52 ירושלים			||||||	0	1	0	31.767223	35.185752
נדרים		הרב שמעונוביץ 15 רכסים			||||||	0	1	0	32.745948	35.098723
נדרים		בן איש חי 21 בית שמש			||||||	0	1	0	31.743273	34.998300
נדרים		רבי יהודה הנשיא 4 מודיעין עילית			||||||	0	1	0	31.938836	35.041649
נדרים		בן קיסמא בית שמש			||||||	0	1	0	31.736841	34.999841
נדרים		ראב''ד 5 בני ברק			||||||	0	1	0	31.935074	34.838753
נדרים		חפץ חיים 3 מודיעין עילית			||||||	0	1	0	31.933926	35.046607
נדרים		רשב"ם 1 מודיעין עילית			||||||	0	1	0	31.934952	35.053277
נדרים		דברי חיים 16 נתניה			||||||	0	1	0	32.345502	34.856087
נדרים		רבי מאיר 33 עמנואל			||||||	0	1	0	32.160428	35.135405
נדרים		מיכלין 3 ירושלים			||||||	0	1	0	31.764497	35.188457
נדרים		ת.ד. 23156 ירושלים			||||||	0	1	0	32.783953	35.016101
נדרים		שבטי ישראל 45 רמת השרון			||||||	0	1	0	31.812098	35.216667
נדרים		ישיבת מיר ירושלים			||||||	0	1	0	31.788055	35.223857
נדרים		חיל השיריון 6 ראשון לציון			||||||	0	1	0	31.999190	34.740927
נדרים		בר אילן 9, ת.ד. 5328 ירושלים			||||||	0	1	0	31.794950	35.219488
נדרים		תירוש 555 ירושלים			||||||	0	1	0	31.734536	35.179787
נדרים		נתיבות			||||||	0	1	0	31.421476	34.579645
נדרים		נתיב הלוטוס 13 כרמיאל			||||||	0	1	0	32.908175	35.300718
נדרים		חי"ש 12 רחובות			||||||	0	1	0	31.895105	34.824011
נדרים		נרקיס 16 חצור הגלילית			||||||	0	1	0	32.979263	35.542926
נדרים		קדושת לוי 47 ביתר עילית			||||||	0	1	0	31.704407	35.113577
נדרים		בן איש חי 7 בית שמש			||||||	0	1	0	31.745181	34.998487
נדרים		נהר הירדן 26 בית שמש			||||||	0	1	0	31.730657	34.993650
נדרים		נחום 9 ירושלים			||||||	0	1	0	31.789830	34.667064
נדרים		המגיד ממעזריץ 55			||||||	0	1	0	31.697193	35.118970
נדרים		דרוק 101 ירושלים			||||||	0	1	0	31.822562	35.186374
נדרים		חבקוק 21 בני ברק			||||||	0	1	0	32.087383	34.837538
נדרים		ביתר 1 חיפה			||||||	0	1	0	32.804428	35.001236
נדרים		ראובן מס 131 ירושלים			||||||	0	1	0	31.810474	35.197300
נדרים		אנילביץ 29 בני ברק			||||||	0	1	0	32.081232	34.830142
נדרים		צונדק 129 ירושלים			||||||	0	1	0	31.811260	35.199074
נדרים		מודיעין עילית			||||||	0	1	0	31.930680	35.038534
נדרים		הפלוגה הדתית 8 בני ברק			||||||	0	1	0	32.088347	34.841213
נדרים		בן איש חי 48 בית שמש			||||||	0	1	0	31.728634	34.993967
נדרים		אבני נזר 51 מודיעין עילית			||||||	0	1	0	31.933865	35.040169
נדרים		עוזיאל 27 בני ברק			||||||	0	1	0	32.074011	34.840187
נדרים		לאה אימנו 16 לוד			||||||	0	1	0	31.939077	34.901074
נדרים		ירמיהו פינת משה רבינו בית שמש			||||||	0	1	0	31.703285	34.983085
נדרים		פטאל 28 ירושלים			||||||	0	1	0	31.815026	35.215926
נדרים		מימון 1 חיפה			||||||	0	1	0	32.774762	34.993795
נדרים		ביתר עילית			||||||	0	1	0	31.700456	35.112278
נדרים		עין שחק 36 מצפה רמון			||||||	0	1	0	30.613009	34.797362
נדרים		דיזינגוף 22 נתניה			||||||	0	1	0	32.330285	34.853943
נדרים		אבטליון 9 אלעד			||||||	0	1	0	32.049811	34.947084
נדרים		דברי חיים 16 נתניה			||||||	0	1	0	32.345640	34.855757
נדרים		בן אשר 3 באר שבע			||||||	0	1	0	31.258652	34.773882
נדרים		הרב ישראל גרוסמן 2 ירושלים			||||||	0	1	0	31.719036	34.986338
נדרים		זנגוויל 9 קרית יובל ירושלים			||||||	0	1	0	31.768055	35.178972
נדרים		רשב"ם 5 מודיעין עילית			||||||	0	1	0	31.933855	35.053099
נדרים		מנחם בגין 48 בני ברק			||||||	0	1	0	32.092798	34.831512
נדרים		ברזיל 106 קרית יובל ירושלים			||||||	0	1	0	31.766124	35.172863
נדרים		הדגן 8 קרית יערים			||||||	0	1	0	31.801690	35.093391
נדרים		רב ייבא סבא 5 בית שמש			||||||	0	1	0	31.703353	34.957873
נדרים		עזרת תורה 47 ירושלים			||||||	0	1	0	31.798706	35.216124
נדרים		ישא ברכה 17 ירושלים			||||||	0	1	0	31.792688	35.216903
נדרים		החוזה מלובלין 17 ביתר עילית			||||||	0	1	0	31.698176	35.105745
נדרים		יואל 18 בני ברק			||||||	0	1	0	32.090360	34.836573
נדרים		אביר יעקב 1 בית שאן			||||||	0	1	0	32.488154	35.500923
נדרים		ניל"י 23 רחובות			||||||	0	1	0	31.888255	34.818915
נדרים		אבא שאול 3 בית שמש			||||||	0	1	0	31.748417	34.999611
נדרים		הרב יצחק ניסים 4 קרית מלאכי			||||||	0	1	0	31.736551	34.740875
נדרים		מימון 8 בני ברק			||||||	0	1	0	32.087799	34.830533
נדרים		בר אילן 15 בית שמש			||||||	0	1	0	31.741469	34.989839
נדרים		האיילות 85 גבעת זאב			||||||	0	1	0	31.865109	35.152681
נדרים		אברהם רביץ 2 ירושלים			||||||	0	1	0	31.837732	35.245647
נדרים		ירושלים 37 בני ברק			||||||	0	1	0	32.083429	34.829476
נדרים		ששת הימים 180 אילת			||||||	0	1	0	29.559059	34.939412
נדרים		שדי חמד 14/10 מודיעין עילית			||||||	0	1	0	31.929895	35.048005
נדרים		קהילות יעקב 1 בני ברק			||||||	0	1	0	32.076363	34.839996
נדרים		בית יוסף 1 תפרח			||||||	0	1	0	31.323922	34.686866
נדרים		תחנת אלונית מגל מזרח			||||||	0	1	0	32.379617	35.017420
נדרים		ביתר עילית			||||||	0	1	0	31.706021	35.109736
נדרים		נתיבות			||||||	0	1	0	31.427623	34.590513
נדרים		קרן היסוד 7 צפת			||||||	0	1	0	32.958485	35.495710
נדרים		זריצקי 1 ירושלים			||||||	0	1	0	31.821995	35.194321
נדרים		יהודה הנשיא 65 אלעד			||||||	0	1	0	32.051513	34.956969
נדרים		נחשוני 3 בני ברק			||||||	0	1	0	32.072768	34.841976
נדרים		רבי חנינא 17 בית שמש			||||||	0	1	0	31.703511	34.960824
נדרים		קיבוץ גלויות 118 תל אביב			||||||	0	1	0	32.047404	34.778531
נדרים		אבינדב 20 ירושלים			||||||	0	1	0	31.793295	35.219152
נדרים		נריה הנביא 58 בית שמש			||||||	0	1	0	31.702395	34.982710
נדרים		הרב קעניג 7 ביתר עילית			||||||	0	1	0	31.692670	35.107719
נדרים		כפר דרום 8 נתיבות			||||||	0	1	0	31.418332	34.570285
נדרים		רש"י 71 ירושלים			||||||	0	1	0	31.787788	35.211143
נדרים		הרואה 16 רחובות			||||||	0	1	0	31.894273	34.816619
נדרים		יעקב 3 רחובות			||||||	0	1	0	31.896201	34.811499
נדרים		הכלניות 21 רכסים			||||||	0	1	0	32.754416	35.098829
נדרים		אברבנאל 48 בני ברק			||||||	0	1	0	32.095934	34.839911
נדרים		שרת משה 7 טבריה			||||||	0	1	0	32.784592	35.502618
נדרים		מהר"ם מרוטנבורג 7 ירושלים			||||||	0	1	0	31.791970	35.202499
נדרים		הרז"ה 2 פתח תקוה			||||||	0	1	0	32.068815	34.915634
נדרים		תל ציון			||||||	0	1	0	31.878647	35.239619
נדרים		פקיעין החדשה ת.ד. 132			||||||	0	1	0	31.691394	34.578472
נדרים		נבון 42 ירושלים			||||||	0	1	0	31.787597	35.211732
נדרים		זכרון יעקב			||||||	0	1	0	32.565968	34.960824
נדרים		עיר העתיקה צפת			||||||	0	1	0	32.967007	35.492431
נדרים		כף החיים 15 ביתר עילית			||||||	0	1	0	31.690697	35.109378
נדרים		אדמורי ויזניץ 14 ביתר עילית			||||||	0	1	0	31.695061	35.100362
נדרים		אברבנאל 9 בני ברק			||||||	0	1	0	32.094498	34.844186
נדרים		הכשרת הישוב 1 צפת			||||||	0	1	0	32.959643	35.492470
נדרים		נהרדעא 22 בית שמש			||||||	0	1	0	31.705958	34.963035
נדרים		סיגליות 1 קרית ביאליק			||||||	0	1	0	32.851433	35.094887
נדרים		אסף שימחוני 13 עפולה			||||||	0	1	0	32.635138	35.325943
נדרים		בן איש חי 66 בית שמש			||||||	0	1	0	31.750629	34.999651
נדרים		גורדון 6 בני ברק			||||||	0	1	0	32.077302	34.829948
נדרים		טולדנו 21 ירושלים			||||||	0	1	0	31.807183	35.219895
נדרים		הקבלן 7 ירושלים			||||||	0	1	0	31.802469	35.230965
נדרים		הרב מזוועהיל 9 ביתר עילית			||||||	0	1	0	31.694326	35.113361
נדרים		יוסף חכמי 26 ירושלים			||||||	0	1	0	31.761777	35.191004
נדרים		רשב"י 41 מודיעין עילית			||||||	0	1	0	31.937366	35.045186
נדרים		אור החיים 27 מודיעין עילית			||||||	0	1	0	31.931452	35.041571
נדרים		ההגנה 11 ירושלים			||||||	0	1	0	31.803580	35.237714
נדרים		מנחם בגין 102 פתח תקוה			||||||	0	1	0	32.069152	34.915041
נדרים		ראסל 19 עפולה			||||||	0	1	0	32.624729	35.330148
נדרים		חתם סופר 8 ביתר עילית			||||||	0	1	0	31.695999	35.120780
נדרים		מימון 21 חיפה			||||||	0	1	0	32.785342	35.022652
נדרים		בן יהודה 50 נתניה			||||||	0	1	0	32.302256	34.847573
נדרים		ירושלים			||||||	0	1	0	31.821144	35.188271
נדרים		האדמו"ר מבעלזא 10/14 נוף הגליל			||||||	0	1	0	32.730518	35.347991
נדרים		פארן 11 ירושלים			||||||	0	1	0	31.801208	35.225466
נדרים		בית שמש נהר הירדן 29			||||||	0	1	0	31.729598	34.993765
נדרים		חזון איש 1561 אופקים			||||||	0	1	0	31.310391	34.623846
נדרים		רימון 1 בני ברק			||||||	0	1	0	32.071507	34.838151
נדרים		קהילות יעקב 72 בני ברק			||||||	0	1	0	32.071805	34.837889
נדרים		נריה הנביא 11 בית שמש			||||||	0	1	0	31.703891	34.979033
נדרים		חברותא 9 בצוותא חריש			||||||	0	1	0	32.456173	35.058585
נדרים		ראסל 14 עפולה			||||||	0	1	0	32.626218	35.326551
נדרים		תל ציון			||||||	0	1	0	31.877802	35.236619
נדרים		המהרל מפרג 11 ירושלים			||||||	0	1	0	31.720833	35.227851
נדרים		היבנר 28 פתח תקווה			||||||	0	1	0	32.081091	34.878348
נדרים		ירמיהו הנביא 24 בית שמש			||||||	0	1	0	31.702124	34.984599
נדרים		שבט אפרים 6 לוד			||||||	0	1	0	31.938971	34.901413
נדרים		מרכז ספיר 2 ירושלים			||||||	0	1	0	31.786284	35.182623
נדרים		יוסף בן מתתיהו 18 ירושלים			||||||	0	1	0	31.787951	35.213908
נדרים		עלית הנוער 23 ירושלים			||||||	0	1	0	31.811875	35.199336
נדרים		דרך יבנה 32 רחובות			||||||	0	1	0	31.900010	34.803857
נדרים		רבי חנינא 6 בית שמש			||||||	0	1	0	31.703110	34.962322
נדרים		רבינוב 7 בני ברק			||||||	0	1	0	32.083813	34.843867
נדרים		מדבר סיני 29 ירושלים			||||||	0	1	0	31.803476	35.230535
נדרים		אבוחצירא 9 בני ברק			||||||	0	1	0	32.094458	34.831314
נדרים		אהרן אשכולי 109 ירושלים			||||||	0	1	0	31.811822	35.194478
נדרים		דברי חיים 16 נתניה			||||||	0	1	0	32.345619	34.855655
נדרים		גדליה בובליק 5 ירושלים			||||||	0	1	0	31.815674	35.200590
נדרים		שבט אשר 17 פתח תקווה			||||||	0	1	0	32.070761	34.917411
נדרים		רמבן 14 ביתר עילית			||||||	0	1	0	31.693968	35.122624
נדרים		הרב אלישיב 11 טבריה			||||||	0	1	0	32.783301	35.501914
נדרים		חסידי קרלין 11 ירושלים			||||||	0	1	0	31.788317	35.223169
נדרים		מרומי שדה 26 מודיעין עילית			||||||	0	1	0	31.926323	35.043608
נדרים		רש"י 4 בני ברק			||||||	0	1	0	32.085431	34.835337
נדרים		סלמן מוצפי 11 ירושלים			||||||	0	1	0	31.761948	35.187664
נדרים		ירושלים			||||||	0	1	0	31.789460	35.191527
נדרים		רחוב רוזנבלט 21 רמות ג' ירושלים			||||||	0	1	0	31.819206	35.191964
נדרים		חבקוק הנביא 39 בית שמש			||||||	0	1	0	31.707085	34.983163
נדרים		הריף 42 אלעד			||||||	0	1	0	32.056184	34.961268
נדרים		ת.ד. 171 צפת			||||||	0	1	0	32.969405	35.491509
נדרים		פנים מאירים 26 ביתר עילית			||||||	0	1	0	31.704363	35.115026
נדרים		יהודה הלוי 5 רחובות			||||||	0	1	0	31.885192	34.801998
נדרים		חצור 4 בת ים			||||||	0	1	0	32.011485	34.757503
נדרים		ישעיהו הנביא רמה ג' בית שמש			||||||	0	1	0	31.702347	34.992064
נדרים		רחוב היעל גבעת זאב			||||||	0	1	0	31.865473	35.152862
נדרים		אהל יהושע 8 בית שמש			||||||	0	1	0	31.735415	34.990068
נדרים		הרצוג 31 בני ברק			||||||	0	1	0	32.088189	34.825497
נדרים		אלחריזי 5 בני ברק			||||||	0	1	0	32.088828	34.833412
נדרים		שמואל הנביא פינת יחזקאל, ירושלים			||||||	0	1	0	31.705691	35.115781
נדרים		יהודה הנשיא 9 אלעד			||||||	0	1	0	32.052482	34.947040
נדרים		רחוב יונה 1 ת.ד 19 יסודות			||||||	0	1	0	31.815126	34.866121
נדרים		דוד רמז 54 צפת			||||||	0	1	0	32.956503	35.494866
נדרים		חתם סופר 16ב' עמנואל			||||||	0	1	0	32.163080	35.134632
נדרים		ישעיהו בר זכאי 4 ירושלים			||||||	0	1	0	31.777400	35.211427
נדרים		נחל נחשון 18בית שמש			||||||	0	1	0	31.713795	34.992085
נדרים		חזון איש 20 מודיעין עילית			||||||	0	1	0	31.921744	35.051857
נדרים		דרך הבשמים 136 אילת			||||||	0	1	0	29.538667	34.933795
נדרים		רחוב סורוצקין 24 ירושלים			||||||	0	1	0	31.795388	35.206209
נדרים		רב חנן 26 בית שמש			||||||	0	1	0	31.707887	34.965634
נדרים		רמת הגולן 63 ירושלים			||||||	0	1	0	31.802254	35.220833
נדרים		שביל הצמוד לגבעת התחמושת ירושלים			||||||	0	1	0	31.798797	35.227141
נדרים		אחיה השילוני 10 בית שמש			||||||	0	1	0	31.704919	34.979907
נדרים		טולדנו 3 באר שבע			||||||	0	1	0	31.424294	34.593376
נדרים		הרב מפוניבז' 7 מודיעין עילית			||||||	0	1	0	31.924238	35.048778
נדרים		הרב כהנמן 155 בני ברק			||||||	0	1	0	32.074094	34.842276
נדרים		בר קפרא 4 בית שמש			||||||	0	1	0	31.699104	34.974756
נדרים		ריש לקיש 24 בית שמש			||||||	0	1	0	31.714323	34.965422
נדרים		מוהליבר 10 בני ברק			||||||	0	1	0	32.079793	34.828191
נדרים		ליד דרך הנביאים אופקים			||||||	0	1	0	31.300950	34.620023
נדרים		הרצל 46 צפת			||||||	0	1	0	32.958282	35.493632
נדרים		לוחמי הגטאות 7 צפת			||||||	0	1	0	32.954210	35.492513
נדרים		בן איש חי 35 בית שמש			||||||	0	1	0	31.747876	35.000900
נדרים		עירית 22 אופקים			||||||	0	1	0	31.323065	34.620542
נדרים		חזון איש 14 חפציבה מודיעין עילית			||||||	0	1	0	31.921941	35.050933
נדרים		יוסף חכמי 49 ירושלים			||||||	0	1	0	31.766637	35.188131
נדרים		מוצפי 3 ביתר עילית			||||||	0	1	0	31.698553	35.107046
נדרים		טרומפלדור 174 אופקים			||||||	0	1	0	31.313162	34.624145
נדרים		אבא שאול 23/7 ביתר עילית			||||||	0	1	0	31.694940	35.098305
נדרים		יהדות איטליה 32 נתיבות			||||||	0	1	0	31.437693	34.572562
נדרים		רח יוסף 2 קרית ים			||||||	0	1	0	32.849352	35.066717
נדרים		זבוטינסקי 31 ירושלים			||||||	0	1	0	31.771162	35.218230
נדרים		בר גיורא 17 ירושלים			||||||	0	1	0	31.789394	35.209659
נדרים		נודע ביהודה 31 מודיעין עילית			||||||	0	1	0	31.935308	35.042554
נדרים		תחכמוני 2 ירושלים			||||||	0	1	0	31.787058	35.212276
נדרים		רמב"ם 22 מודיעין עילית			||||||	0	1	0	31.930356	35.046928
נדרים		ירושלים			||||||	0	1	0	31.842817	35.243242
נדרים		אלמושנינו 3 ירושלים			||||||	0	1	0	31.813524	35.219013
נדרים		שוהם 13 חריש			||||||	0	1	0	32.463857	35.049791
נדרים		אדמורי ויז'ניץ 16 ביתר עילית			||||||	0	1	0	31.695013	35.100212
נדרים		הרב שלום מנצורה 15 ראש העין			||||||	0	1	0	32.103693	34.941622
נדרים		הרב יצחק ניסים 4 קרית מלאכי			||||||	0	1	0	31.731883	34.739309
נדרים		בראנד 17 ירושלים			||||||	0	1	0	31.782889	35.178401
נדרים		עדו הנביא 4 ירושלים, לתרומה דרך הטלפון: 0796076820			||||||	0	1	0	31.784919	35.226678
נדרים		חפץ חיים 1 קרית יערים			||||||	0	1	0	31.802569	35.102312
נדרים		הרטום 17 ירושלים			||||||	0	1	0	31.804045	35.211047
נדרים		הבוכרים 1 עפולה			||||||	0	1	0	32.614273	35.295140
נדרים		השלושה 24 בני ברק			||||||	0	1	0	32.085083	34.834263
נדרים		החי"ם 4 חולון			||||||	0	1	0	32.027321	34.761259
נדרים		אהבת ישראל 11 כוכב יעקב תל ציון			||||||	0	1	0	31.878574	35.239785
נדרים		אור חיים 1 טבריה			||||||	0	1	0	32.782103	35.506204
נדרים		הפלמ"ח 9 בני ברק			||||||	0	1	0	32.093897	34.839428
נדרים		מסילת ישרים 5 מודיעין עילית			||||||	0	1	0	31.933863	35.038256
נדרים		שבטי ישראל 45 רמת השרון			||||||	0	1	0	31.844375	35.243739
נדרים		עד"ש שפיק 13 פתח תקוה			||||||	0	1	0	32.073755	34.912731
נדרים		מושב ממתיהו			||||||	0	1	0	31.929929	35.034756
נדרים		רב עמרם 9 בית שמש			||||||	0	1	0	31.704514	34.965680
נדרים		חזון איש 9 ירושלים			||||||	0	1	0	31.807916	35.223254
נדרים		קהילת אונגוואר 5 ירושלים			||||||	0	1	0	31.820081	35.196928
נדרים		מגן האלף 3 ירושלים			||||||	0	1	0	31.794776	35.222481
נדרים		מקור ברוך 15 תל ציון			||||||	0	1	0	31.876700	35.240336
נדרים		נוה יעקב			||||||	0	1	0	31.844031	35.241373
נדרים		רבי יהודה הנשיא 47 מודיעין עילית			||||||	0	1	0	31.940150	35.046473
נדרים		איסלנד 8 ירושלים			||||||	0	1	0	31.757291	35.168754
נדרים		נתיב המזלות 58 נוה יעקב ירושלים			||||||	0	1	0	31.841778	35.250858
נדרים		הסבא מסלבודקה 6 מודיעין עילית			||||||	0	1	0	31.929410	35.045043
נדרים		שדרות יחזקאל מודיעין עילית			||||||	0	1	0	31.937687	35.037138
נדרים		מודיעין עילית			||||||	0	1	0	31.927196	35.040047
נדרים		חתם סופר 53 צפת			||||||	0	1	0	32.968675	35.492553
נדרים		הגולן ר"ג			||||||	0	1	0	32.069196	34.838681
נדרים		רקנאטי 62 ירושלים			||||||	0	1	0	31.821195	35.188482
נדרים		המרפא 1 ירושלים			||||||	0	1	0	31.800406	35.211925
נדרים		רפפורט 26 ירושלים			||||||	0	1	0	31.788820	35.223972
נדרים		רוממה			||||||	0	1	0	31.794784	35.201169
נדרים		לח"י 11 בני ברק			||||||	0	1	0	32.104005	34.837152
נדרים		בני ברק			||||||	0	1	0	32.083700	34.831908
נדרים		מנחם בגין 102 פתח תקוה			||||||	0	1	0	32.069082	34.915250
נדרים		כנסת מרדכי 4 ביתר עילית			||||||	0	1	0	31.697299	35.106840
נדרים		נחל שחם 8 בית שמש			||||||	0	1	0	31.713557	34.989778
נדרים		דוד רמז 101 צפת			||||||	0	1	0	32.955504	35.498723
נדרים		יואל 13 בני ברק			||||||	0	1	0	32.089615	34.836745
נדרים		צה"ל 5 צפת			||||||	0	1	0	32.965360	35.487973
נדרים		אלפנדרי 40 ירושלים			||||||	0	1	0	31.787293	35.213391
נדרים		מרכז שטנר 5 ירושלים			||||||	0	1	0	31.786142	35.182648
נדרים		הרצוג 19 ב' בני ברק			||||||	0	1	0	32.796119	35.534336
נדרים		אילפא 3א' בית שמש			||||||	0	1	0	31.703363	34.959596
נדרים		גבעת זאב			||||||	0	1	0	31.865634	35.146191
נדרים		חיד"א 8 בני ברק			||||||	0	1	0	32.085323	34.843931
נדרים		הרב מלצר 28 בני ברק			||||||	0	1	0	32.082065	34.839283
נדרים		החיד"א 1696 אופקים			||||||	0	1	0	31.308373	34.622290
נדרים		בוקשפן 8 ירושלים			||||||	0	1	0	31.820377	35.192109
נדרים		סורוצקין 45 אונסדורף ירושלים			||||||	0	1	0	31.799319	35.206897
נדרים		דוד רמז 204 צפת			||||||	0	1	0	32.960269	35.492062
נדרים		קרית יערים 32 גבעת זאב			||||||	0	1	0	31.857288	35.166732
נדרים		מתתיהו 29 בני ברק			||||||	0	1	0	32.092001	34.825906
נדרים		ברזילי 5 חיפה			||||||	0	1	0	32.807331	35.003395
נדרים		ת.ד 7 טבריה			||||||	0	1	0	32.766099	35.549874
נדרים		ירושלים			||||||	0	1	0	31.797827	35.220581
נדרים		הגיתית 2 מעלה אדומים			||||||	0	1	0	31.779808	35.298890
נדרים		רמב"ם 18 מודיעין עילית			||||||	0	1	0	31.930143	35.048265
נדרים		הרב שך 36 ביתר עילית			||||||	0	1	0	31.701111	35.103557
נדרים		שמעון בן שטח 21 אלעד			||||||	0	1	0	32.055326	34.957911
נדרים		הקרן הקיימת 59 שערי חסד ירושלים			||||||	0	1	0	31.776866	35.210897
נדרים		הרב שך רמת שלמה ירושלים			||||||	0	1	0	31.815428	35.213980
נדרים		ת.ד 1025 קרית מלאכי			||||||	0	1	0	31.786157	35.209130
נדרים		רב חלקיה בר טובי 24 בית שמש			||||||	0	1	0	31.707227	34.960772
נדרים		קניג 10 ביתר עילית			||||||	0	1	0	31.693105	35.108019
נדרים		המלמד 1 ירושלים			||||||	0	1	0	31.787601	35.180557
נדרים		אסתר המלכה 7 אופקים			||||||	0	1	0	31.300313	34.625824
נדרים		גפן 52 חריש			||||||	0	1	0	32.458571	35.039892
נדרים		קהילות יעקב 5 אופקים			||||||	0	1	0	31.309231	34.625628
נדרים		נוה יעקב ירושלים			||||||	0	1	0	31.840611	35.245197
נדרים		תל חי 4 רעננה			||||||	0	1	0	32.178764	34.878785
נדרים		אדמורי אלכסנדר 13 בני ברק			||||||	0	1	0	31.938608	35.044765
נדרים		ספיר 19 צפת			||||||	0	1	0	32.968335	35.514903
נדרים		האיילות 2 גבעת זאב			||||||	0	1	0	31.865081	35.143454
נדרים		בירנבוים 12 בני ברק			||||||	0	1	0	32.072635	34.840829
נדרים		רש"י 16 בני ברק			||||||	0	1	0	31.703572	35.001041
נדרים		בן צבי 6 טבריה			||||||	0	1	0	32.779282	35.516277
נדרים		רשב"י 21 מודיעין עילית			||||||	0	1	0	31.938663	35.041841
נדרים		יונה הנביא 2 בני ברק			||||||	0	1	0	32.084486	34.837714
נדרים		המאירי 13 אלעד			||||||	0	1	0	32.050516	34.963818
נדרים		אור אלחנן 4 ירושלים			||||||	0	1	0	31.793678	35.204752
נדרים		פרדס 57 נוה יעקב ירושלים			||||||	0	1	0	31.839955	35.242193
נדרים		אם הבנים 19 ביתר עילית			||||||	0	1	0	31.695054	35.111997
נדרים		פרדס 55 נוה יעקב ירושלים			||||||	0	1	0	31.838954	35.243416
נדרים		חנה 23 ירושלים			||||||	0	1	0	31.793598	35.211845
נדרים		עובדיה הנביא 15 בית שמש			||||||	0	1	0	31.702765	34.992070
נדרים		המלך דוד 18 ירושלים			||||||	0	1	0	31.775935	35.222020
נדרים		מוצפי 45 ביתר עילית			||||||	0	1	0	31.695419	35.101544
נדרים		עפולה			||||||	0	1	0	32.618110	35.326091
נדרים		מוצפי 30 ביתר עילית			||||||	0	1	0	31.695403	35.103762
נדרים		רבי יהושע 26 בית שמש			||||||	0	1	0	31.729953	34.990680
נדרים		הסבא מסלבודקא 4 מודיעין עילית			||||||	0	1	0	31.929365	35.045040
נדרים		אנילביץ 4 צפת			||||||	0	1	0	32.957950	35.499119
נדרים		ירמיהו הנביא 13 רמת בית שמש ג' בית שמש			||||||	0	1	0	31.702966	34.983647
נדרים		אביר יעקב 15 ירושלים			||||||	0	1	0	31.838161	35.249141
נדרים		חזו"א 2 רכסים			||||||	0	1	0	32.750926	35.105388
נדרים		משעול הנס 4 נתיבות			||||||	0	1	0	31.423731	34.589900
נדרים		הרב עזיזי דיעי 7 חצור הגלילית			||||||	0	1	0	32.774335	35.012057
נדרים		רב אשי 8 בני ברק			||||||	0	1	0	32.077536	34.837711
נדרים		הרב עובדיה יוסף 25 אופקים			||||||	0	1	0	31.317417	34.616492
נדרים		אבי עזרי 24 מודיעין עילית			||||||	0	1	0	31.922826	35.052200
נדרים		תפארת נפתלי 48 בית שמש			||||||	0	1	0	31.707333	34.988594
נדרים		ספיר 10 אופקים			||||||	0	1	0	31.309509	34.627417
נדרים		הקיקיון 7 אשקלון			||||||	0	1	0	31.650666	34.568549
נדרים		הרב שך 98 ביתר עילית			||||||	0	1	0	31.696933	35.099313
נדרים		אליעזר קשאני 26 ירושלים			||||||	0	1	0	31.744097	35.233000
נדרים		שמואל הנביא 13 ירושלים			||||||	0	1	0	31.787651	35.226254
נדרים		האדמו"ר מרוז'ין 17 הר נוף ירושלים			||||||	0	1	0	31.787102	35.171975
נדרים		יהודה הנשיא 71 אלעד			||||||	0	1	0	32.053935	34.958341
נדרים		בית יוסף 5 קרית גת			||||||	0	1	0	31.620315	34.769218
נדרים		מלכי ישראל 67 ירושלים			||||||	0	1	0	31.790380	35.211686
נדרים		רבי ינאי 34 אשדוד			||||||	0	1	0	31.787382	34.666750
נדרים		בתי ורשא 29 ירושלים			||||||	0	1	0	31.765191	35.149997
נדרים		אהבת אמת 16 כוכב יעקב			||||||	0	1	0	31.880293	35.239321
נדרים		הרב מכלוף יאנה 93 פורת			||||||	0	1	0	32.275955	34.947412
נדרים		בן איש חי 49 בית שמש			||||||	0	1	0	31.707309	34.982926
נדרים		חגי הנביא 5 בית שמש			||||||	0	1	0	31.702169	34.982498
נדרים		מושב אור הגנוז			||||||	0	1	0	33.005272	35.446551
נדרים		ביתר עילית			||||||	0	1	0	31.693773	35.101188
נדרים		ליבורנו 12 בת ים			||||||	0	1	0	32.010525	34.759834
נדרים		טולידנו 9/7 באר שבע			||||||	0	1	0	31.269171	34.779569
נדרים		מושב קוממיות 100			||||||	0	1	0	31.661533	34.730036
נדרים		נהר הירדן 20 בית שמש			||||||	0	1	0	31.732867	34.991772
נדרים		הרב צבאן נתיבות			||||||	0	1	0	31.416454	34.581345
נדרים		הרב ברמוחא 14 תל חנן נשר			||||||	0	1	0	32.769406	35.046231
נדרים		אילפא 16 בית שמש			||||||	0	1	0	31.705931	34.969845
נדרים		הזית 2 רכסים			||||||	0	1	0	32.755033	35.101260
נדרים		סורוצקין 41 ירושלים			||||||	0	1	0	31.705890	34.969902
נדרים		גבעת זאב			||||||	0	1	0	31.866880	35.148707
נדרים		גולדה מאיר 255 קניון רמות ירושלים			||||||	0	1	0	31.817965	35.194158
נדרים		נתיבות המשפט 79/20 מודיעין עילית			||||||	0	1	0	31.924599	35.042269
נדרים		שבזי 9 קדימה			||||||	0	1	0	32.272862	34.912020
נדרים		נחל שורק 25 בית שמש			||||||	0	1	0	31.714643	34.990249
נדרים		רבי מאיר 12 אלעד			||||||	0	1	0	32.048923	34.958327
נדרים		רב ושמואל 15			||||||	0	1	0	31.940432	35.037723
נדרים		רב זביד בית שמש			||||||	0	1	0	31.706063	34.968631
נדרים		ההגנה 8 צפת			||||||	0	1	0	32.069884	34.773152
נדרים		רבי חייא 16 אלעד			||||||	0	1	0	32.051106	34.965783
נדרים		יואל 7 בני ברק			||||||	0	1	0	32.089853	34.836490
נדרים		חבקוק 19 בני ברק			||||||	0	1	0	32.087386	34.837351
נדרים		נהרדעא 20 בית שמש			||||||	0	1	0	31.701026	34.968509
נדרים		יוסי בנאי 2 נתיבות			||||||	0	1	0	31.440562	34.573822
נדרים		ארץ חפץ 102 ירושלים			||||||	0	1	0	31.796567	35.222493
נדרים		שדרות יצחק בן צבי 71 מושב קדימה			||||||	0	1	0	32.273355	34.911146
נדרים		דברי ירוחם 4 בית וגן ירושלים			||||||	0	1	0	31.762016	35.189070
נדרים		דברי חיים 16 נתניה			||||||	0	1	0	32.345467	34.856383
נדרים		דוד המלך 6 טבריה			||||||	0	1	0	32.795688	35.521350
נדרים		רבי חייא 7 אלעד			||||||	0	1	0	32.050883	34.965251
נדרים		נהר הירדן 106 רמת בית שמש א'			||||||	0	1	0	31.711502	35.001307
נדרים		טביוביץ 7 ראשון לציון			||||||	0	1	0	31.961151	34.820078
נדרים		מודיעין עילית			||||||	0	1	0	31.927389	35.038576
נדרים		הפסגה 19 ירושלים			||||||	0	1	0	31.768832	35.182972
נדרים		דוד אלעזר 219 צפת			||||||	0	1	0	32.957193	35.494202
נדרים		יצחק נפחא 7/19 בית שמש			||||||	0	1	0	31.705717	34.962994
נדרים		נחל שורק 25 בית שמש			||||||	0	1	0	31.714692	34.990229
נדרים		אהרון אשכולי 117 ירושלים			||||||	0	1	0	31.811892	35.195130
נדרים		סורוצקין 3			||||||	0	1	0	31.794909	35.203929
נדרים		נחל לכיש 32 בית שמש			||||||	0	1	0	31.712967	34.992340
נדרים		החצב 8 אור יהודה			||||||	0	1	0	32.029521	34.864507
נדרים		תלתן 7 ירושלים			||||||	0	1	0	31.760252	35.186553
נדרים		רח אדמור ויז'ניץ 35 פינת הרב שך ביתר עילית			||||||	0	1	0	31.697201	35.099472
נדרים		מירסקי 10 רמות ד' ירושלים			||||||	0	1	0	31.820366	35.193651
נדרים		דברי חיים 16 נתניה			||||||	0	1	0	32.345472	34.856237
נדרים		קיבוץ גלויות 23 בני ברק			||||||	0	1	0	32.074345	34.840583
נדרים		הלל 11 אשדוד			||||||	0	1	0	31.780787	34.637430
נדרים		אור חיים 9 אשדוד			||||||	0	1	0	31.785320	34.664288
נדרים		הנביא עובדיה 14 בית שמש			||||||	0	1	0	31.702445	34.992872
נדרים		מושב ברכיה			||||||	0	1	0	31.668419	34.625550
נדרים		רקנטי 60 רמות ג' ירושלים			||||||	0	1	0	31.820958	35.187889
נדרים		תפארת משה 1 בית שמש			||||||	0	1	0	31.749441	34.993706
נדרים		יפה רום 6 גילה ירושלים			||||||	0	1	0	31.731945	35.189988
נדרים		ספיר 19 צפת			||||||	0	1	0	32.968245	35.514990
נדרים		הנדיב 1 יבנאל			||||||	0	1	0	32.707206	35.503543
נדרים		נתיבות			||||||	0	1	0	31.426754	34.586892
נדרים		הרב אלישיב 5 לוד			||||||	0	1	0	31.933952	34.897993
נדרים		קדושת לוי 25 ביתר עילית גבעה B			||||||	0	1	0	31.706005	35.118761
נדרים		אור החיים 13 בני ברק			||||||	0	1	0	32.084086	34.834039
נדרים		אור החיים 2 מודיעין עילית			||||||	0	1	0	31.933212	35.045370
נדרים		עמוס הנביא 1 בית שמש			||||||	0	1	0	31.701316	34.990735
נדרים		ברנר 28 ת.ד 450 אשדוד			||||||	0	1	0	31.795873	34.650542
נדרים		יצחק שדה ירוחם			||||||	0	1	0	30.989548	34.936031
נדרים		הרב שך 28 ביתר עילית			||||||	0	1	0	31.701055	35.104012
נדרים		חזון איש 3 נתיבות			||||||	0	1	0	31.427575	34.595292
נדרים		ראב"ד 18 בני ברק			||||||	0	1	0	32.084261	34.832126
נדרים		אהבת שלום 1 בית שמש			||||||	0	1	0	31.706941	34.988208
נדרים		אביי 28 בית שמש			||||||	0	1	0	31.711009	34.966720
נדרים		ארזי הבירה 47 ירושלים			||||||	0	1	0	31.791821	35.224954
נדרים		ביתר עילית			||||||	0	1	0	31.700886	35.112913
נדרים		קהילות יעקב 17 רמת שלמה ירושלים			||||||	0	1	0	31.812932	35.217870
נדרים		ברל כצנלסון 41 חיפה			||||||	0	1	0	32.786440	35.011721
נדרים		בצלאל 20/1 באר שבע			||||||	0	1	0	31.253960	34.788795
נדרים		טרומפלדור 15 בני ברק			||||||	0	1	0	32.095104	34.838062
נדרים		סביון 3 רכסים			||||||	0	1	0	32.792714	35.015972
נדרים		החצב 6 גבע בנימין			||||||	0	1	0	31.849508	35.280566
נדרים		דוד ילין 1 אשדוד			||||||	0	1	0	32.988457	35.438217
נדרים		הרב אלישיב ביתר עילית			||||||	0	1	0	31.706581	35.110440
נדרים		נחל דולב 70 בית שמש			||||||	0	1	0	31.713534	34.999582
נדרים		ת.ד. 57664 ירושלים			||||||	0	1	0	32.982717	35.441505
נדרים		ברכיה 18 רמה ד בית שמש			||||||	0	1	0	31.709863	34.961063
נדרים		אור שמח 13 בית שמש			||||||	0	1	0	31.738967	34.994633
נדרים		נדבורנה 2 ביתר עילית			||||||	0	1	0	31.692761	35.110121
נדרים		זרחי 7 ירושלים			||||||	0	1	0	31.815023	35.191291
נדרים		בר יוחאי 1 נתניה			||||||	0	1	0	32.341507	34.869444
נדרים		בתי ורשא 29 ירושלים			||||||	0	1	0	31.797531	35.242031
נדרים		מהרש"ל 20 בני ברק			||||||	0	1	0	32.083997	34.833393
נדרים		רש"י 5 אלעד			||||||	0	1	0	32.051109	34.957879
נדרים		נהרדעא 2 בית שמש			||||||	0	1	0	31.698865	34.975625
נדרים		שאדיקר 4 ירושלים			||||||	0	1	0	31.841703	35.249940
נדרים		משעול זהב מרדכי 1 ירושלים			||||||	0	1	0	31.744707	35.211250
נדרים		זוננפלד 13 בני ברק			||||||	0	1	0	32.080988	34.843295
נדרים		אביי 5 בית שמש			||||||	0	1	0	31.705893	34.974655
נדרים		רב ושמואל 1 אחוזת ברכפלד - מודיעין עילית			||||||	0	1	0	31.938849	35.038041
נדרים		אור שמח 13 בית שמש			||||||	0	1	0	31.738866	34.994762
נדרים		פרנקפורטר 3/7 רמות ירושלים			||||||	0	1	0	31.814340	35.202857
נדרים		נתיבות המשפט 2 מודיעין עילית			||||||	0	1	0	31.933641	35.046995
נדרים		רשב"י 34 אשדוד			||||||	0	1	0	31.788173	34.667284
נדרים		ירושלים			||||||	0	1	0	31.788443	35.211548
נדרים		בית ישראל 20 עמנואל			||||||	0	1	0	32.162178	35.134595
נדרים		רבי עקיבא 53 בני ברק			||||||	0	1	0	32.087425	34.828911
נדרים		אהבת שלום 1 תל ציון			||||||	0	1	0	31.881130	35.237282
נדרים		יצחק נפחא בני ברק			||||||	0	1	0	32.090606	34.837587
נדרים		גבע 1 גבעת זאב			||||||	0	1	0	31.856643	35.167647
נדרים		ההגנה 747 ירוחם			||||||	0	1	0	30.991344	34.933394
נדרים		התאנה 13 גבעת זאב			||||||	0	1	0	31.864148	35.166518
נדרים		הרב קצנלבוגן רפאל 94 ירושלים			||||||	0	1	0	31.785878	35.179452
נדרים		השלושה 32 בני ברק			||||||	0	1	0	32.084805	34.841107
נדרים		בדיקה			||||||	0	1	0	31.787349	35.175238
נדרים		צה"ל 7 צפת			||||||	0	1	0	32.964609	35.490598
נדרים		הרב פרדס 33 ירושלים			||||||	0	1	0	31.840402	35.246441
נדרים		נהרדעא 2 רמה ד'3 בית שמש			||||||	0	1	0	31.702867	34.981436
נדרים		משה רבינו 8 לוד			||||||	0	1	0	31.938105	34.899024
נדרים		בני ברק			||||||	0	1	0	32.095646	34.839922
נדרים		משה זילברג 16 ירושלים			||||||	0	1	0	31.759030	35.184374
נדרים		שלמה המלך 5 בני ברק			||||||	0	1	0	31.940940	35.038151
נדרים		בעל הנס 38 אשדוד			||||||	0	1	0	31.788599	34.663203
נדרים		בדיקה			||||||	0	1	0	31.820233	35.201673
נדרים		רבי עקיבא 79 בני ברק			||||||	0	1	0	32.086215	34.831908
נדרים		נחל שורק 11 רמת בית שמש			||||||	0	1	0	31.714930	34.994153
נדרים		יצחק מדהלה 3 רחובות			||||||	0	1	0	31.885490	34.818048
נדרים		אבן האזל 22 ירושלים			||||||	0	1	0	31.796886	35.213520
נדרים		בדיקה			||||||	0	1	0	31.789373	35.220753
נדרים		השלושה 32 בני ברק			||||||	0	1	0	32.088827	34.837693
נדרים		רבי סעדיה גאון 19 אלעד			||||||	0	1	0	32.051329	34.962739
נדרים		חוני המעגל 9 אלעד			||||||	0	1	0	32.053540	34.946233
נדרים		כף החיים 17 ביתר עילית			||||||	0	1	0	31.690816	35.109552
נדרים		ירושלים			||||||	0	1	0	31.819650	35.202659
נדרים		שפת אמת 4 בני ברק			||||||	0	1	0	32.084638	34.833782
נדרים		ירושלים			||||||	0	1	0	31.797265	35.179981
נדרים		החרוב 3/2 טירת הכרמל			||||||	0	1	0	32.784175	35.016385
נדרים		ארצי			||||||	0	1	0	32.958222	35.499153
נדרים		דברי חיים 16 נתניה			||||||	0	1	0	32.345574	34.855904
נדרים		האמוראים 82 בית שמש			||||||	0	1	0	31.705266	34.962498
נדרים		תורת חיים 34 ירושלים			||||||	0	1	0	31.763293	35.183737
נדרים		השקד 58 רכסים			||||||	0	1	0	32.748093	35.105739
נדרים		הרב שך 11 ירושלים			||||||	0	1	0	31.816940	35.215775
נדרים		קדימה 45 ירושלים			||||||	0	1	0	31.815114	35.196781
נדרים		היבנר 28 פתח תקווה			||||||	0	1	0	32.081100	34.878323
נדרים		הרב גוטמכר 10 בני ברק			||||||	0	1	0	32.088310	34.842393
נדרים		יהודה הנשיא 18 מודיעין עילית			||||||	0	1	0	31.939432	35.041140
נדרים		הירדן 35 בני ברק			||||||	0	1	0	32.092137	34.838589
נדרים		אחדות 28 חריש			||||||	0	1	0	32.456520	35.059399
נדרים		גינות דוד			||||||	0	1	0	32.080227	34.842576
נדרים		רשב"ם 3 אלעד			||||||	0	1	0	32.047464	34.954793
נדרים		שטרית 8 קרית נורדאו נתניה			||||||	0	1	0	32.281219	34.855328
נדרים		נחל רפאים 4 בית שמש			||||||	0	1	0	31.711221	35.000615
נדרים		האירוס 37 מעלות			||||||	0	1	0	33.020907	35.284782
נדרים		סורוצקין 2 בני ברק			||||||	0	1	0	32.085354	34.841136
נדרים		שבט בנימין 6 פתח תקווה			||||||	0	1	0	32.070996	34.915987
נדרים		איילת השחר 1 אור יהודה			||||||	0	1	0	32.022560	34.855639
נדרים		צבאן 86/1 נתיבות			||||||	0	1	0	31.419211	34.577239
נדרים		אמנון ותמר 13 דימונה			||||||	0	1	0	30.990068	34.933014
נדרים		נוה שאנן חיפה			||||||	0	1	0	32.784954	35.014506
נדרים		דברי חיים 5 נתניה			||||||	0	1	0	32.343742	34.856993
נדרים		צנחנים 5 קרית גת			||||||	0	1	0	31.605529	34.754624
נדרים		חיפה			||||||	0	1	0	32.806366	35.000910
נדרים		ת.ד. 34 צפת			||||||	0	1	0	32.972339	35.492701
נדרים		פנחס קהתי 9 ירושלים			||||||	0	1	0	31.793069	35.191155
נדרים		ת.ד. 6207 צפת			||||||	0	1	0	32.964936	35.505404
נדרים		דניאל 28 בני ברק			||||||	0	1	0	32.080456	34.826730
נדרים					||||||	0	1	0	32.747944	35.105897
נדרים		פנחס לוין 34 עמנואל			||||||	0	1	0	32.162370	35.140027
נדרים		בלוך 100 קרית יערים			||||||	0	1	0	31.803156	35.094265
נדרים		שאולזון 24 ירושלים			||||||	0	1	0	31.789094	35.173878
נדרים		ת.ד. 112 ירושלים			||||||	0	1	0	31.775481	35.231080
נדרים		אולשוונגר 7 ירושלים			||||||	0	1	0	31.767981	35.170063
נדרים		מושב אלומה			||||||	0	1	0	31.652674	34.744438
נדרים		הרי"ף 37 אלעד			||||||	0	1	0	32.055697	34.961583
נדרים		הורקנוס 3 אשדוד			||||||	0	1	0	31.791481	34.660602
נדרים		ירושלים			||||||	0	1	0	31.787875	35.224079
נדרים		אורוגואי 25 ירושלים			||||||	0	1	0	31.756712	35.178127
נדרים		זגגי 2 צפת			||||||	0	1	0	32.961614	35.493107
נדרים		קדושת לוי 113 ביתר עילית			||||||	0	1	0	31.696390	35.103783
נדרים		רשב"ם 2 אלעד			||||||	0	1	0	32.047113	34.954986
נדרים		הגאון מוילנא 8 רמה א' בית שמש			||||||	0	1	0	31.706622	34.998735
נדרים		אור שמח 5 בית שמש			||||||	0	1	0	31.739347	34.993807
נדרים		המגיד ממעזריטש 33 ביתר עילית			||||||	0	1	0	31.702960	35.118020
נדרים		הזית 9 ת.ד. 18 זכרון יעקב			||||||	0	1	0	32.568964	34.950212
נדרים		טולידנו 9/7 באר שבע			||||||	0	1	0	31.252381	34.781543
נדרים		רש"י 24 ירושלים			||||||	0	1	0	31.787992	35.214114
נדרים		מושב בית חלקיה			||||||	0	1	0	31.791741	34.809503
נדרים		ירושלים			||||||	0	1	0	31.792737	35.202552
נדרים		שבטי ישראל 37 ירושלים			||||||	0	1	0	31.785836	35.225548
נדרים		כנסת מרדכי 4 ביתר עילית			||||||	0	1	0	31.697371	35.107105
נדרים		ת.ד 7 טבריה			||||||	0	1	0	32.763667	35.553352
נדרים		נתיבות			||||||	0	1	0	31.423585	34.605161
נדרים		קטיף 84 נתיבות			||||||	0	1	0	31.419342	34.572274
נדרים		הרצל 22 עפולה			||||||	0	1	0	32.632573	35.324860
נדרים		ת.ד. 579 חדרה			||||||	0	1	0	32.446838	34.924458
נדרים		מושב בטחה 12			||||||	0	1	0	31.316656	34.616535
נדרים		אבטליון 1			||||||	0	1	0	32.050947	34.947116
נדרים		הרצוג 5 חיפה			||||||	0	1	0	32.806759	35.001343
נדרים		הרב אריה רבינוביץ 5 בני ברק			||||||	0	1	0	32.072303	34.840475
נדרים		ביתר 3 חיפה			||||||	0	1	0	32.805660	34.992770
נדרים		דברי חיים 16 נתניה			||||||	0	1	0	32.345490	34.856148
נדרים		ההגה 2 חיפה			||||||	0	1	0	32.826989	34.963043
נדרים		רחוב כנסת יחזקאל 25 ביתר עילית			||||||	0	1	0	31.694717	35.103991
נדרים		תורת חסד ירושלים			||||||	0	1	0	31.798592	35.209250
נדרים		בן איש חי 75 בית שמש			||||||	0	1	0	31.752421	34.998366
נדרים		טולידנו 9/7 באר שבע			||||||	0	1	0	31.238376	34.762290
נדרים		אבוחצירא 16בני ברק			||||||	0	1	0	32.086763	34.834475
נדרים		בן זכאי 14 אלעד			||||||	0	1	0	32.047464	34.949234
נדרים		אהבת ישראל 57 כוכב יעקב			||||||	0	1	0	31.788060	35.221680
נדרים		יחד שבטי ישראל 8 לוד			||||||	0	1	0	31.934061	34.897450
נדרים		הרב אלישיב 13 טבריה			||||||	0	1	0	32.784273	35.502235
נדרים		קצות החושן 7 מודיעין עילית			||||||	0	1	0	31.927855	35.042346
נדרים		חצב 19 רכסים			||||||	0	1	0	32.751696	35.103731
נדרים		אבוחצירא 2 יבנה			||||||	0	1	0	31.874251	34.745290
נדרים		אלקנה 3 ירושלים			||||||	0	1	0	31.794409	35.214497
נדרים		מהרי’’ל 7 מודיעין עילית			||||||	0	1	0	31.930317	35.048488
נדרים		אלפנדרי 26 ירושלים			||||||	0	1	0	31.787346	35.212535
נדרים		דרך מר"ן 5 טבריה			||||||	0	1	0	32.785454	35.504143
נדרים		עובדיה 24 ירושלים			||||||	0	1	0	31.791655	35.214745
נדרים		נתיבות המשפט 51 מודיעין עילית			||||||	0	1	0	31.929762	35.045105
נדרים		יחזקאל הנביא 9 בית שמש			||||||	0	1	0	31.704580	34.981856
נדרים		אהבת אמת 24/4 כוכב יעקב			||||||	0	1	0	31.878576	35.239825
נדרים		הרב יעקב אדלשטיין 10 בית שמש			||||||	0	1	0	31.718794	34.983858
נדרים		ברנד 18 הר נוף ירושלים			||||||	0	1	0	31.782703	35.172638
נדרים		הרצל 25 בית שמש			||||||	0	1	0	31.749112	34.991640
נדרים		דרך הרמב"ם 2 קרית יערים			||||||	0	1	0	31.801887	35.096364
נדרים		פנים מאירות 13 ירושלים			||||||	0	1	0	31.793863	35.204919
נדרים		האדמו"ר מבעלז 3 בני ברק			||||||	0	1	0	32.078291	34.831554
נדרים		חזון דוד 21 מודיעין עילית			||||||	0	1	0	31.930572	35.043203
נדרים		אבן עזרא 4 בני ברק			||||||	0	1	0	32.091039	34.831838
נדרים		רב חלקיה בר טובי 25			||||||	0	1	0	31.706629	34.960273
נדרים		יעקובזון 5 ירושלים			||||||	0	1	0	31.795183	35.211577
נדרים		האיילות 2 גבעת זאב			||||||	0	1	0	31.864890	35.143164
נדרים		אהל יהושע 8 בית שמש			||||||	0	1	0	31.735472	34.989906
נדרים		רבי עקיבא 23 מודיעין עילית			||||||	0	1	0	31.940791	35.041183
נדרים		פנים מאירות 1 ירושלים			||||||	0	1	0	31.797080	35.200283
נדרים		הט"ז 32 צפת			||||||	0	1	0	32.964959	35.494222
נדרים		כפר חושן 1 ספסופה			||||||	0	1	0	33.011502	35.443183
נדרים		ברקת 49 גבעת זאב			||||||	0	1	0	31.835518	35.170532
נדרים		יצחק שדה 50 עפולה			||||||	0	1	0	32.636352	35.322652
נדרים		חזקיהו שבתי 8 רמות ד' ירושלים			||||||	0	1	0	31.820502	35.195419
נדרים		קיבוץ גלויות 23 בני ברק			||||||	0	1	0	32.076019	34.839116
נדרים		הרב ישראל גרוסמן 62 בית שמש			||||||	0	1	0	31.719587	34.980097
נדרים		רשב"י 16 אלעד			||||||	0	1	0	32.050757	34.962392
נדרים		חידושי הרי"ם 9 בני ברק			||||||	0	1	0	32.076511	34.835908
נדרים		פתח תקווה 1 ירושלים			||||||	0	1	0	31.793596	35.202953
נדרים		קטיף 40 נתיבות			||||||	0	1	0	31.413046	34.570432
נדרים		ת.ד 30 נתיבות			||||||	0	1	0	31.414308	34.574706
נדרים		שמעון הצדיק 9 אלעד			||||||	0	1	0	32.048374	34.961918
נדרים		צירלזון 14 בני ברק			||||||	0	1	0	32.091913	34.842148
נדרים		מחזיקי הדת 7 בית שמש			||||||	0	1	0	31.731334	34.990840
נדרים		בית וגן 6 ירושלים			||||||	0	1	0	31.772338	35.183158
נדרים		רבי יהודה הנשיא 26 אלעד			||||||	0	1	0	32.051073	34.952118
נדרים		יסמין 4 מעלות			||||||	0	1	0	33.013413	35.287042
נדרים		ירמיהו 20 ירושלים			||||||	0	1	0	31.790802	35.211717
נדרים		רבי טרפון 2 אלעד			||||||	0	1	0	32.048483	34.947849
נדרים		הרב שטיינמן נוף הגליל			||||||	0	1	0	32.729536	35.343812
נדרים		עפולה			||||||	0	1	0	32.624844	35.325060
נדרים		רב עמרם 11 בית שמש			||||||	0	1	0	31.704515	34.965454
נדרים		נחל שורק 21 בית שמש			||||||	0	1	0	31.715521	34.990823
נדרים		הר סיני 11 רעננה			||||||	0	1	0	32.182575	34.869177
נדרים		רבן יוחנן בן זכאי 81 אלעד			||||||	0	1	0	32.049108	34.966524
נדרים		בתי מחסה 11 העיר העתיקה ירושלים			||||||	0	1	0	31.775127	35.233496
נדרים		רב חנינא 22 רמה ד4 בית שמש			||||||	0	1	0	31.706476	34.959873
נדרים		בן צבי 2 קרית ים			||||||	0	1	0	32.845526	35.067023
נדרים		ההגנה 749/14 ירוחם			||||||	0	1	0	30.989884	34.936211
נדרים		דברי חיים 16 נתניה			||||||	0	1	0	32.345463	34.856194
נדרים		עפולה			||||||	0	1	0	32.625674	35.324580
נדרים		שדי חמד 11 מודיעין עילית			||||||	0	1	0	31.934037	35.043254
נדרים		מודיעין עילית			||||||	0	1	0	31.927711	35.037683
נדרים		מהרש"ל 13 בני ברק			||||||	0	1	0	32.084958	34.833617
נדרים		פרי גן 8 בית אל			||||||	0	1	0	31.939232	35.221776
נדרים		נחל לוז 4 בית שמש			||||||	0	1	0	31.711249	34.995946
נדרים		מיכל 10 ירושלים			||||||	0	1	0	31.798062	35.221730
נדרים		שמואל הנביא 26 ירושלים			||||||	0	1	0	31.789146	35.225590
נדרים		הר טוב 25 תל אביב			||||||	0	1	0	32.047622	34.798174
נדרים		הרב מפונוביז' 7 מודיעין עילית			||||||	0	1	0	31.924356	35.047472
נדרים		רבי יהודה הנשיא 53 אלעד			||||||	0	1	0	32.048793	34.958803
נדרים		אמרי חיים 6 רחובות			||||||	0	1	0	31.894429	34.820911
נדרים		פולונסקי 13 ירושלים			||||||	0	1	0	31.792278	35.222732
נדרים		אהבת ישראל 11 כוכב יעקב			||||||	0	1	0	31.878867	35.240157
נדרים		שמאי 2 אשדוד			||||||	0	1	0	31.788602	34.662956
נדרים		רשב"י 8 מודיעין עילית			||||||	0	1	0	31.937495	35.039751
נדרים		ארצי			||||||	0	1	0	32.964143	35.488286
נדרים		מודיעין עילית			||||||	0	1	0	31.938654	35.038260
נדרים		מגיני נגבה 4 הרצליה			||||||	0	1	0	32.166992	34.846486
נדרים		צה"ל 7 צפת			||||||	0	1	0	32.964495	35.490786
נדרים		בירנבוים 27			||||||	0	1	0	32.072048	34.841228
נדרים		הרב אלישיב 13 טבריה			||||||	0	1	0	32.781636	35.505268
נדרים		הגלבוע 22 ירושלים			||||||	0	1	0	31.783128	35.212572
נדרים		מעלות הרמ"ק 2 צפת			||||||	0	1	0	32.966503	35.491124
נדרים		נתיבות			||||||	0	1	0	31.423259	34.580002
נדרים		תמר 4 בית שמש			||||||	0	1	0	31.700643	34.994183
נדרים		קעניג 13 ביתר עילית			||||||	0	1	0	31.692279	35.106919
נדרים		אור שמח 8/1 ת.ד 9106			||||||	0	1	0	31.739571	34.996178
נדרים		רוממה			||||||	0	1	0	31.795607	35.200485
נדרים		שירת הים 2 ירושלים			||||||	0	1	0	31.818023	35.199951
נדרים		רביץ 40 ירושלים			||||||	0	1	0	31.837525	35.243012
נדרים		ארצי			||||||	0	1	0	32.085664	34.815193
נדרים		נתיבות המשפט 70 מודיעין עילית			||||||	0	1	0	31.925535	35.043865
נדרים		תרפ"ט 18 צפת			||||||	0	1	0	32.968449	35.492162
נדרים		אבן גבירול 2 מודיעין עילית			||||||	0	1	0	31.928030	35.050219
נדרים		רבנו גרשום 36 ירושלים			||||||	0	1	0	31.793981	35.218304
נדרים		בעל התניא 4 ביתר עילית			||||||	0	1	0	31.697866	35.120096
נדרים		הרב ש"י זוין 21 ירושלים			||||||	0	1	0	31.842846	35.247289
נדרים		רב חסדא 10 אשדוד			||||||	0	1	0	31.787823	34.666734
נדרים		ארצי			||||||	0	1	0	31.939322	35.046572
נדרים		מבצע נחשון 3 אשדוד			||||||	0	1	0	31.798592	34.660344
נדרים		הרב ז'ולטי 6 ירושלים			||||||	0	1	0	31.811285	35.215098
נדרים		הרב עוזיאל 24 קריית אתא			||||||	0	1	0	32.811260	35.116620
נדרים		שמואל הנביא 39 ירושלים			||||||	0	1	0	31.790663	35.224417
נדרים		הרב אלישיב 7 טבריה			||||||	0	1	0	32.784112	35.501965
נדרים		כוכב יעקב			||||||	0	1	0	31.878861	35.240152
נדרים		שלמה המלך 5 בני ברק			||||||	0	1	0	32.080146	34.840139
נדרים		שיבת ציון 10 ירושלים			||||||	0	1	0	31.815755	35.199822
נדרים		יסמין 26 כרמיאל			||||||	0	1	0	32.907352	35.285954
נדרים		קדושת לוי 86 ביתר עילית			||||||	0	1	0	31.700195	35.105500
נדרים		חיפה			||||||	0	1	0	32.802900	35.001937
נדרים		עפולה			||||||	0	1	0	32.616012	35.331994
נדרים		שטרן 49 ירושלים			||||||	0	1	0	31.752844	35.178676
נדרים		ברקת 2 נתניה			||||||	0	1	0	31.688276	34.591141
נדרים		רמב"ם 18 טירת כרמל			||||||	0	1	0	32.765684	34.974359
נדרים		הגיתית 2 מעלה אדומים			||||||	0	1	0	31.780093	35.310791
נדרים		רב עולא 15 רמה ד' בית שמש			||||||	0	1	0	31.706403	34.968848
נדרים		אבני החושן 26 גבעת זאב			||||||	0	1	0	31.834472	35.172116
נדרים		רשב"י 42 מודיעין עילית			||||||	0	1	0	31.939341	35.047195
נדרים		אור החיים 2 ביתר עילית			||||||	0	1	0	31.697610	35.122991
נדרים		האדמו"ר מויז'ניץ 5 אשדוד			||||||	0	1	0	31.791029	34.664392
נדרים		שדרות ירושלים 164 חולון			||||||	0	1	0	32.012803	34.792540
נדרים		הזית 9 ת.ד. 18 זכרון יעקב			||||||	0	1	0	32.568948	34.950275
נדרים		נחל אוריה 19 בית שמש			||||||	0	1	0	31.718197	34.991986
נדרים		פחד יצחק 8 ביתר עילית			||||||	0	1	0	31.702902	35.114347
נדרים		אבני נזר 51 מודיעין עילית			||||||	0	1	0	31.931462	35.039018
נדרים		הנשיא 27 אשקלון			||||||	0	1	0	31.661346	34.567894
נדרים		יחד 16 חריש			||||||	0	1	0	32.455915	35.059971
נדרים		שאולזון 49 ירושלים			||||||	0	1	0	31.785463	35.174066
נדרים		אלחריזי 5 בני ברק			||||||	0	1	0	32.088624	34.833374
נדרים		מודיעין עילית			||||||	0	1	0	31.939199	35.046424
נדרים		הגפן 4 קרית מלאכי			||||||	0	1	0	31.724805	34.737625
נדרים		שכטמן יוסף 28 ירושלים			||||||	0	1	0	31.816428	35.204580
נדרים		הנשיא 3 צפת			||||||	0	1	0	32.960996	35.496449
נדרים		אחיעזר 4 בני ברק			||||||	0	1	0	32.087507	34.828795
נדרים		חתם סופר 28 העיר העתיקה צפת			||||||	0	1	0	32.968487	35.492883
נדרים		הרב קוק 38 בני ברק			||||||	0	1	0	32.085771	34.824244
נדרים		עפולה			||||||	0	1	0	32.623757	35.331249
נדרים		סירוקה 6 בני ברק			||||||	0	1	0	32.084089	34.842907
נדרים		רכסים			||||||	0	1	0	32.748420	35.099035
נדרים		רקנטי 60 ירושלים			||||||	0	1	0	31.821254	35.188354
נדרים		הבעל שם טוב 1 שדרות			||||||	0	1	0	31.530834	34.585967
נדרים		הירקון 79 בני ברק			||||||	0	1	0	32.098744	34.833291
נדרים		עזרא 16/18 בני ברק			||||||	0	1	0	31.792260	34.663651
נדרים		השניים 13/4 בני ברק			||||||	0	1	0	32.095043	34.831383
נדרים		וינוגרד 1 ירושלים			||||||	0	1	0	31.840397	35.247526
נדרים		דברי חיים 16 נתניה			||||||	0	1	0	32.345656	34.855816
נדרים		בר אילן 35 רמלה			||||||	0	1	0	31.931470	34.864742
נדרים		נהרדעא 9 רמת בית שמש ד3			||||||	0	1	0	31.699664	34.974166
נדרים		ברקת 2 נתניה			||||||	0	1	0	31.681020	34.593025
נדרים		נתיבות			||||||	0	1	0	31.414747	34.578371
נדרים		ירושלים			||||||	0	1	0	31.766057	35.182257
נדרים		שלוש השעות 23 בני ברק			||||||	0	1	0	32.097972	34.834164
נדרים		דב גרונר 48 בני ברק			||||||	0	1	0	32.094858	34.827932
נדרים		מימון 30 בני ברק			||||||	0	1	0	32.087969	34.831197
נדרים		חנקין 22 קרית אתא			||||||	0	1	0	32.811571	35.109776
נדרים		הגליל 52 חיפה			||||||	0	1	0	32.792065	35.016043
נדרים		נהרדעא 22 בית שמש			||||||	0	1	0	31.700725	34.970009
נדרים		רבי יהודה הנשיא 35 מודיעין עילית			||||||	0	1	0	31.938552	35.043758
נדרים		עזרת תורה 35 ירושלים			||||||	0	1	0	31.799178	35.214062
נדרים		צירלזון 14בני ברק			||||||	0	1	0	32.091035	34.840979
נדרים		לחי 27 בני ברק			||||||	0	1	0	32.103723	34.833623
נדרים		נורדאו 5 הרצליה			||||||	0	1	0	32.168021	34.815127
נדרים		השיטה 10 שדרות			||||||	0	1	0	31.521171	34.597763
נדרים		חזקיהו המלך 27			||||||	0	1	0	31.761533	35.210701
נדרים		חולדה הנביאה 12			||||||	0	1	0	31.790740	35.221296
נדרים		אור החיים 12 ביתר עילית			||||||	0	1	0	31.698138	35.124306
נדרים		עזרא 57 בני ברק			||||||	0	1	0	32.075326	34.833853
נדרים		הרב יעקב הורוביץ 13 אופקים			||||||	0	1	0	31.300928	34.620199
נדרים		אורט ישראל 4 בת ים			||||||	0	1	0	32.014296	34.749727
נדרים		גאון הירדן 33 קרית גת			||||||	0	1	0	31.613472	34.754378
נדרים		יחד שבטי ישראל 48 לוד			||||||	0	1	0	31.935827	34.897225
נדרים		מאור חיים 110 צפת			||||||	0	1	0	32.963524	35.489621
נדרים		חזון דוד 17 מודיעין עילית			||||||	0	1	0	31.926005	35.039633
נדרים		הפלמ"ח 13 כרמיאל			||||||	0	1	0	32.907112	35.279196
נדרים		ברנר 28 ת.ד 450 אשדוד			||||||	0	1	0	31.802369	34.666868
נדרים		כפר גדעון ד.נ. יזרעאל			||||||	0	1	0	32.644199	35.290189
נדרים		הרב שך 56 ביתר			||||||	0	1	0	31.699580	35.100246
נדרים		שאול המלך 40 סנהדריה ירושלים			||||||	0	1	0	31.799432	35.219974
נדרים		החיד"א 21 ירושלים			||||||	0	1	0	31.768903	35.183748
נדרים		יואל 25 ירושלים			||||||	0	1	0	31.790980	35.221511
נדרים		ברויאר 27 בני ברק			||||||	0	1	0	32.089937	34.842607
נדרים		שבעת המינים 48 בית חלקיה			||||||	0	1	0	31.788351	34.815328
נדרים		חולדה הנביאה 12 בית שמש			||||||	0	1	0	31.705113	34.992783
נדרים		יסודות			||||||	0	1	0	31.814710	34.866672
נדרים		אלחריזי 5 בני ברק			||||||	0	1	0	32.089106	34.833345
נדרים		השיריון 33 נתיבות			||||||	0	1	0	31.426577	34.579072
נדרים		בית יצחק 2 ירושלים			||||||	0	1	0	31.789196	35.176561
נדרים		הנשיא 48 צפת			||||||	0	1	0	32.960949	35.494629
נדרים		מרים הנביאה 19 בית שמש			||||||	0	1	0	31.704909	34.973682
נדרים		שמאי 22 אלעד			||||||	0	1	0	32.048693	34.949493
נדרים		רובין 33 ירושלים			||||||	0	1	0	31.823648	35.193251
נדרים		נתיבות המשפט 3 מודיעין עילית			||||||	0	1	0	31.967250	34.763371
נדרים		לוחמי הגטאות 41 צפת			||||||	0	1	0	32.956059	35.497519
נדרים		גניחובסקי 7 בני ברק			||||||	0	1	0	32.098609	34.842394
נדרים		מסילת יוסף 1 מודיעין עילית			||||||	0	1	0	31.932568	35.045909
נדרים		ירמיהו הנביא 12 בית שמש			||||||	0	1	0	31.701481	34.983044
נדרים		ארלוזורוב 3 פתח תקווה			||||||	0	1	0	32.085106	34.877963
נדרים		שאגת אריה 5 מודיעין עילית			||||||	0	1	0	31.928550	35.041261
נדרים		הפסגה 32 בית וגן ירושלים			||||||	0	1	0	31.767123	35.182737
נדרים		שמחה אסיף 4 כפר סבא			||||||	0	1	0	32.183009	34.911868
נדרים		רש"י 13 אופקים			||||||	0	1	0	31.306787	34.622778
נדרים		ירושלים			||||||	0	1	0	31.789158	35.220325
נדרים		בן גוריון 3 פתח תקווה			||||||	0	1	0	32.081308	34.870409
נדרים		ארצי			||||||	0	1	0	32.784033	35.508414
נדרים		נהרדעא 2 רמה ד'3 בית שמש			||||||	0	1	0	31.702717	34.981556
נדרים		החי"ש 14 ירושלים			||||||	0	1	0	31.763418	35.207364
נדרים		קרית אתא			||||||	0	1	0	32.807883	35.126976
נדרים		הרב צבי יהודה 12 קרית משה ירושלים			||||||	0	1	0	31.787548	35.196823
נדרים		הרקמה 5 בתוך החניון ירושלים			||||||	0	1	0	31.791803	35.201530
נדרים		גבעת משה 8 ירושלים			||||||	0	1	0	31.798074	35.215634
נדרים		הרב קצנלבוגן רפאל 94 ירושלים			||||||	0	1	0	31.786124	35.179460
נדרים		רפאל אלנקווה 1 בית שמש			||||||	0	1	0	31.746885	34.985193
נדרים		רבי יהודה הנשיא 39/9 פ"ת			||||||	0	1	0	32.071008	34.905600
נדרים		רובע ז' אשדוד			||||||	0	1	0	31.792147	34.664666
נדרים		העליה השניה 22 חיפה			||||||	0	1	0	32.832383	34.982286
נדרים		נתיבות המשפט 1-3 מודיעין עילית			||||||	0	1	0	31.933832	35.047190
נדרים		רביץ 16 ירושלים			||||||	0	1	0	31.837125	35.242370
נדרים		חזקיה 5 קרית גת			||||||	0	1	0	31.613435	34.758013
נדרים		אדמו"רי שאץ 11 בני ברק			||||||	0	1	0	32.074632	34.840965
נדרים		בני ברק			||||||	0	1	0	32.092043	34.836348
נדרים		נוה יעקב ירושלים			||||||	0	1	0	31.838514	35.230329
נדרים		דוד ילין 1 אשדוד			||||||	0	1	0	31.793548	34.648591
נדרים		שערי תורה 9 ירושלים			||||||	0	1	0	31.765257	35.183046
נדרים		עובדיה 24 ירושלים			||||||	0	1	0	31.791160	35.215164
נדרים		בוגרשוב 63 תל אביב			||||||	0	1	0	32.075408	34.772744
נדרים		דב סדן 15 ירושלים			||||||	0	1	0	31.821223	35.244940
נדרים		הרב שך 14 ירושלים			||||||	0	1	0	31.813947	35.213311
נדרים		רשבם 15 אלעד			||||||	0	1	0	32.046902	34.948687
נדרים		מונטיפיורי 6 פתח תקווה			||||||	0	1	0	32.071058	34.905468
נדרים		האדמו"ר מבעלז 43 אשדוד			||||||	0	1	0	31.804732	34.664039
נדרים		האדמו"ר מליובאוויטש 50, רמת שלמה, ירושלים			||||||	0	1	0	31.807715	35.220194
נדרים		אוזניים לתורה 7 טלזסטון			||||||	0	1	0	31.801878	35.098669
נדרים		שבטי ישראל 45 רמת השרון			||||||	0	1	0	31.787865	35.217035
נדרים		נוה יעקב			||||||	0	1	0	31.840457	35.241009
נדרים		בן זכאי 103 אלעד			||||||	0	1	0	32.053034	34.967248
נדרים		חזית חמש 23 חולון			||||||	0	1	0	32.030080	34.761370
נדרים		הנרייטה סולד 4 עפולה			||||||	0	1	0	32.623793	35.328795
נדרים		חזון איש 27 רכסים			||||||	0	1	0	32.749786	35.106028
נדרים		סלנט 17 ירושלים			||||||	0	1	0	31.785440	35.222462
נדרים		שלמה מולכו 11 תל אביב			||||||	0	1	0	32.061474	34.769064
נדרים		חוני המעגל 11 ירושלים			||||||	0	1	0	31.856531	35.213342
נדרים		סנה משה 22 ירושלים			||||||	0	1	0	31.837952	35.232108
נדרים		רשב"י 21 מודיעין עילית			||||||	0	1	0	31.938347	35.042929
נדרים		נג'ארה 34			||||||	0	1	0	31.789135	35.191124
נדרים		רמז דוד 205 צפת			||||||	0	1	0	32.958846	35.491950
נדרים		ירושלים			||||||	0	1	0	31.787737	35.190032
נדרים		בית חלקיה			||||||	0	1	0	31.790022	34.813884
נדרים		הלל 5 אלעד			||||||	0	1	0	32.049877	34.951477
נדרים		רבי עקיבא 25 מודיעין עילית			||||||	0	1	0	31.940810	35.042883
נדרים		קדושת לוי 113 ביתר עילית			||||||	0	1	0	31.699631	35.102448
נדרים		נהרדעא 2 רמה ד'3 בית שמש			||||||	0	1	0	31.699096	34.975082
נדרים		בנימין 34 רחובות			||||||	0	1	0	31.895054	34.815488
נדרים		אביי 3 בית שמש			||||||	0	1	0	31.705470	34.974957
נדרים		זאב חקלאי 4 ירושלים			||||||	0	1	0	31.772609	35.184472
נדרים		ביתר עילית			||||||	0	1	0	31.693651	35.100826
נדרים		הרב קוק 29 בית שמש			||||||	0	1	0	31.706774	35.002731
נדרים		מודיעין עילית			||||||	0	1	0	31.938083	35.041457
נדרים		יאנוש קורצ'אק 11 עכו			||||||	0	1	0	32.930484	35.078567
נדרים		יהוסף שוארץ 5 ירושלים			||||||	0	1	0	31.786312	35.212891
נדרים		הגדוד השלישי 62 הר כנען צפת			||||||	0	1	0	32.972924	35.506420
נדרים		זאב חקלאי 4 ירושלים			||||||	0	1	0	31.772482	35.184281
נדרים		יפה נוף 353/28 צפת			||||||	0	1	0	32.957367	35.498253
נדרים		נוה שאנן חיפה			||||||	0	1	0	32.786210	35.015780
נדרים		עובדיה הנביא 15 בית שמש			||||||	0	1	0	31.702793	34.992243
נדרים		עובדיה הנביא 15 בית שמש			||||||	0	1	0	31.702426	34.991733
נדרים		הרב יצחק ניסים 13 בני ברק			||||||	0	1	0	32.072928	34.839985
נדרים		נהרדעא 11 בית שמש			||||||	0	1	0	31.700240	34.973589
נדרים		ריש לקיש 1 בית שמש			||||||	0	1	0	31.710892	34.967718
נדרים		הרי"ף 5 אלעד			||||||	0	1	0	32.054274	34.963055
נדרים		זוועיל 15 ביתר עילית			||||||	0	1	0	31.695325	35.111935
נדרים		שערי תורה 22 ירושלים			||||||	0	1	0	31.770749	35.186717
נדרים		הזית 9 זכרון יעקב			||||||	0	1	0	32.569012	34.950199
נדרים		שבט יהודה 3/1 לוד			||||||	0	1	0	31.936130	34.899081
נדרים		לוד			||||||	0	1	0	31.942547	34.875740
נדרים		כהנמן 69 בני ברק			||||||	0	1	0	32.084786	34.840263
נדרים		בתי מחסה 6 ירושלים			||||||	0	1	0	31.775366	35.231010
נדרים		יהודה הלוי 5 רחובות			||||||	0	1	0	31.935501	34.810219
נדרים		אלחריזי 5 בני ברק			||||||	0	1	0	32.089098	34.833202
נדרים		הרב בנימין צביאלי 2 פסגת זאב ירושלים			||||||	0	1	0	31.833713	35.248133
נדרים		דבורה הנביאה 23 בית שמש			||||||	0	1	0	31.703944	34.995097
נדרים		אגסי 20 ירושלים			||||||	0	1	0	31.783725	35.174301
נדרים		שדרות נווה יעקב 5 ירושלים			||||||	0	1	0	31.837690	35.231022
נדרים		ירושלים נווה יעקב			||||||	0	1	0	31.841408	35.250301
נדרים		גבעת שאול 25 ירושלים			||||||	0	1	0	31.792554	35.190791
נדרים		הגליל 52 חיפה			||||||	0	1	0	32.792071	35.016118
נדרים		הרצל 7 צפת			||||||	0	1	0	32.957954	35.496773
נדרים		עין שמש 17 גני תקוה			||||||	0	1	0	32.060167	34.868183
נדרים		קרית שמואל			||||||	0	1	0	32.840988	35.070468
נדרים		פנקס 41 תל אביב			||||||	0	1	0	32.091286	34.788480
נדרים		תרשיש 11 קרית גת			||||||	0	1	0	31.630934	34.774954
נדרים		דברי חיים 16 נתניה			||||||	0	1	0	32.345512	34.856287
נדרים		בית שמש			||||||	0	1	0	31.718646	34.986617
נדרים		בית שמש			||||||	0	1	0	31.793396	35.205371
נדרים		בית שמש			||||||	0	1	0	31.695313	35.110897
נדרים		קרית יערים			||||||	0	1	0	31.801759	35.093659
נדרים		בית שמש			||||||	0	1	0	31.710566	34.997909
נדרים		בית שמש			||||||	0	1	0	31.739369	34.995129
נדרים		מיצד			||||||	0	1	0	31.586125	35.185718
נדרים		המשלט 10 ג' בית שמש			||||||	0	1	0	31.749930	34.990972
נדרים		רכסים			||||||	0	1	0	32.752784	35.101694
נדרים		מרים הנביאה 19 בית שמש			||||||	0	1	0	31.707524	34.967359
נדרים		שמואל הנביא 13 בני ברק			||||||	0	1	0	32.089929	34.824720
נדרים		דקל 38 רכסים			||||||	0	1	0	32.755572	35.104185
נדרים		חזו"א 1			||||||	0	1	0	31.923059	35.048777
נדרים		השומר 8 קטמונים ירושלים			||||||	0	1	0	31.754642	35.196401
נדרים		בדיקה			||||||	0	1	0	31.718843	34.983197
נדרים		אילפא 11 בית שמש			||||||	0	1	0	31.704966	34.958480
נדרים		קהילות יעקב 72 בני ברק			||||||	0	1	0	32.071250	34.838308
נדרים		טולידנו 9/7 באר שבע			||||||	0	1	0	31.266195	34.782474
נדרים		בית לחם 10 קריית אתא			||||||	0	1	0	32.806454	35.105460
נדרים		מוסטבוי 11 פתח תקווה			||||||	0	1	0	32.082515	34.876936
נדרים		צה"ל 7 בחניה צפת			||||||	0	1	0	32.968414	35.492126
נדרים		שד' ההגשמה 16 חריש			||||||	0	1	0	32.461777	35.054178
נדרים		הרב עוזיאל 41 בני ברק			||||||	0	1	0	32.073073	34.840004
נדרים		יהודה הנשיא 35 מודיעין עילית			||||||	0	1	0	31.938647	35.043981
נדרים		ירושלים 60 בני ברק			||||||	0	1	0	32.085343	34.828720
נדרים		קדושת לוי 74 ביתר עילית			||||||	0	1	0	31.701061	35.107364
נדרים		אבטליון 1 אלעד			||||||	0	1	0	32.051294	34.947127
נדרים		ארצי			||||||	0	1	0	32.080784	34.877905
נדרים		הרב אלישיב 3 בית שמש			||||||	0	1	0	31.706365	34.999797
נדרים		רבנו תם 4 רמת השרון			||||||	0	1	0	32.143510	34.840111
נדרים		ת.ד. 5347 ירושלים			||||||	0	1	0	32.980699	35.440068
נדרים		ריש לקיש 7 בית שמש			||||||	0	1	0	31.713160	34.965605
נדרים		יצחק נפחא בני ברק			||||||	0	1	0	32.090542	34.838081
נדרים		שער הלבנון 4 חיפה			||||||	0	1	0	32.805519	34.988135
נדרים		בן אליעזר אריה 86 ירושלים			||||||	0	1	0	31.737102	35.196478
נדרים		הרב ישראל גרוסמן 1 בית שמש			||||||	0	1	0	31.719321	34.985193
נדרים		יצחק שדה 7 בני ברק			||||||	0	1	0	32.075628	34.832912
נדרים		יוסף קארו 5 אלעד			||||||	0	1	0	32.048844	34.962912
נדרים		אלעזר דוד 39 צפת			||||||	0	1	0	32.962502	35.489133
נדרים		חגי 5 בית שמש			||||||	0	1	0	31.702902	34.982091
נדרים		בנימין 32 רחובות			||||||	0	1	0	31.894986	34.815327
נדרים		הלל יפה 20			||||||	0	1	0	32.198163	34.890193
נדרים		קהילות יעקב 1 בני ברק			||||||	0	1	0	32.076360	34.839751
נדרים		סנהדריה המורחב 138 ירושלים			||||||	0	1	0	31.803622	35.218338
נדרים		ריש לקיש 1 בית שמש			||||||	0	1	0	31.711176	34.967976
נדרים		רמח''ל 7 תפרח			||||||	0	1	0	31.323333	34.684264
נדרים		רבי חלקיה בר טובי, בית שמש			||||||	0	1	0	31.704812	34.960544
נדרים		הגר"א 6 בני ברק			||||||	0	1	0	32.104760	34.844371
נדרים		הסוללים 6 נתיבות			||||||	0	1	0	31.440559	34.573830
נדרים		שבט בנימין 34 אשדוד			||||||	0	1	0	31.777513	34.634202
נדרים		קהילות יעקב 1 בני ברק			||||||	0	1	0	32.076310	34.839957
נדרים		ככר ה11 קרית הרצוג בני ברק			||||||	0	1	0	32.098943	34.839583
נדרים		ההגנה 54 רחובות			||||||	0	1	0	31.893848	34.823800
נדרים		שמאי 16 אשדוד			||||||	0	1	0	31.785280	34.665789
נדרים		הנשיא 43 אשקלון			||||||	0	1	0	31.690896	34.581550
נדרים		בעלי התוספות 16 אלעד			||||||	0	1	0	32.049375	34.957842
נדרים		בני תורה 96 רכסים			||||||	0	1	0	32.754008	35.103179
נדרים		מוריה 5 ירושלים			||||||	0	1	0	31.789293	35.204107
נדרים		אוהל יהושע 4 בית שמש			||||||	0	1	0	31.732844	34.991897
נדרים		הרב סורוצקין 9 בני ברק			||||||	0	1	0	32.085791	34.842262
נדרים		שלום סיון 14 ירושלים			||||||	0	1	0	31.820092	35.190167
נדרים		ריש לקיש 12 בית שמש			||||||	0	1	0	31.711667	34.968313
נדרים		קרית המדע 24, הר חוצבים ירושלים			||||||	0	1	0	31.805240	35.206274
נדרים		הרב בלוי 8 בני ברק			||||||	0	1	0	32.087040	34.832728
נדרים		כיכר בר כוכבא 6 כפר יונה			||||||	0	1	0	32.312428	34.924076
נדרים		רשבם 11 מודיעין עילית			||||||	0	1	0	31.933453	35.053951
נדרים		שדרות האמוראים 19 בית שמש			||||||	0	1	0	31.706543	34.970599
נדרים		הרב גרשונוביץ 158 נתיבות			||||||	0	1	0	31.426870	34.587106
נדרים		שד' האמוראים 60 בית שמש			||||||	0	1	0	31.701866	34.967407
נדרים		נחמיה 15 בני ברק			||||||	0	1	0	31.940697	34.900768
נדרים		נרקיס 7 ירושלים			||||||	0	1	0	31.776436	35.216679
נדרים		אוהב ישראל 1 ביתר עילית			||||||	0	1	0	31.697788	35.100562
נדרים		שלמה לורינץ 3 בית שמש			||||||	0	1	0	31.711621	34.988973
נדרים		האירוס 37 מעלות			||||||	0	1	0	33.004550	35.282102
נדרים		אבני החושן 68 גבעת זאב			||||||	0	1	0	31.835221	35.170123
נדרים		הלל יפה 20			||||||	0	1	0	32.637849	35.321690
נדרים		קטיף 45 נתיבות			||||||	0	1	0	31.415648	34.573357
נדרים		הגורן 5 יבניאל			||||||	0	1	0	32.704512	35.510758
נדרים		קטיף 8 נתיבות			||||||	0	1	0	31.422633	34.594685
נדרים		רבי חייא 11 אלעד			||||||	0	1	0	32.050322	34.965137
נדרים		חגי 3 בית שמש			||||||	0	1	0	31.702498	34.982534
נדרים		הגר"א 8 ב' בני ברק			||||||	0	1	0	32.086273	34.829138
נדרים		אמנון ותמר 4 גבעת זאב			||||||	0	1	0	31.863379	35.158854
נדרים		תורת חיים 6 בני ברק			||||||	0	1	0	32.075411	34.838539
נדרים		עלי הכהן 36 ירושלים			||||||	0	1	0	31.797819	35.215286
נדרים		תחנת אלונית מגל מזרח			||||||	0	1	0	32.380011	35.016762
נדרים		הביכורים 4 ירושלים			||||||	0	1	0	31.776564	35.232086
נדרים		המגיש ממעזריטש 13 ביתר עילית			||||||	0	1	0	31.702849	35.123356
נדרים		זכריה מדר 26 רחובות			||||||	0	1	0	31.889632	34.817172
נדרים		סנהדריה המורחבת 131 ירושלים			||||||	0	1	0	31.801240	35.217917
נדרים		הלח"י בני ברק			||||||	0	1	0	32.104885	34.844360
נדרים		רשב"ם 19 בני ברק			||||||	0	1	0	32.078711	34.836566
נדרים		הרב שך 40 ירושלים			||||||	0	1	0	31.817603	35.216550
נדרים		דרך העצמאות 592 מגדל העמק			||||||	0	1	0	32.683163	35.230597
נדרים		רב חלקיה בר טובי 25 בית שמש			||||||	0	1	0	31.707061	34.960322
נדרים		מושב ברכיה			||||||	0	1	0	31.667583	34.624931
נדרים		רימון 11 בני ברק			||||||	0	1	0	32.073145	34.841957
נדרים		האיילות 1 גבעת זאב			||||||	0	1	0	31.864808	35.142820
נדרים		הר רתמים 32 אופקים			||||||	0	1	0	31.293581	34.638764
נדרים		יחזקאל הנביא 9			||||||	0	1	0	31.704655	34.981780
נדרים		טרומפלדור 20 בני ברק			||||||	0	1	0	32.095195	34.838174
נדרים		חי טייב 4 בני ברק			||||||	0	1	0	32.096857	34.838192
נדרים		אורוגוואי 42 ירושלים			||||||	0	1	0	31.756228	35.176840
נדרים		רבי חייא 6 אלעד			||||||	0	1	0	32.049230	34.963871
נדרים		טבריה 5/2 בית שמש			||||||	0	1	0	31.713622	34.985795
נדרים		הנביא צפניה 2 בית שמש			||||||	0	1	0	31.700988	34.991214
נדרים		השקמים 22 רכסים			||||||	0	1	0	32.756613	35.107962
נדרים		החוזה מלובלין 42 ביתר עילית			||||||	0	1	0	31.696042	35.102796
נדרים		שבט זבולון 10 לוד			||||||	0	1	0	31.937129	34.899986
נדרים		כף החיים 41 ביתר עילית			||||||	0	1	0	31.691537	35.106103
נדרים		ריש לקיש 38 בית שמש			||||||	0	1	0	31.713128	34.963394
נדרים		הלל יפה 20			||||||	0	1	0	32.569016	34.950142
נדרים		רבינו נסים גאון 10 אלעד			||||||	0	1	0	32.050899	34.952626
נדרים		ביתר עילית			||||||	0	1	0	31.699465	35.101998
נדרים		משעול שמשון 6 קרית גת			||||||	0	1	0	31.631098	34.775507
נדרים		גשר החיים 14 מקור ברוך ירושלים			||||||	0	1	0	31.789398	35.208236
נדרים		אהבת ציון 7, פתח תקווה			||||||	0	1	0	32.077609	34.900041
נדרים		מרגולין 24 רחובות			||||||	0	1	0	31.896857	34.824574
נדרים		שערי תשובה 16 מודיעין עילית			||||||	0	1	0	31.924564	35.040212
נדרים		נרקיס 7 ירושלים			||||||	0	1	0	31.776653	35.213102
נדרים		רב חלקיה בר טובי 15 בית שמש			||||||	0	1	0	31.704813	34.960435
נדרים		הרב גרוסברד (גורדון) 5 בני ברק			||||||	0	1	0	32.077914	34.832611
נדרים		בעש"ט 7 מודיעין עילית			||||||	0	1	0	31.925419	35.049949
נדרים		אביי 21 בית שמש			||||||	0	1	0	31.707509	34.971117
נדרים		ארבע העונות 23 קיסריה			||||||	0	1	0	32.486357	34.910683
נדרים		הרב יוסף חיים 4 - 5 בני ברק			||||||	0	1	0	32.093494	34.829253
נדרים		גרינברג 3 ירושלים			||||||	0	1	0	31.935302	34.898923
נדרים		האבות 80 באר שבע			||||||	0	1	0	31.242032	34.773162
נדרים		הנטקה 62 קרית יובל ירושלים			||||||	0	1	0	31.768460	35.170532
נדרים		קדושת אהרון 10 ירושלים			||||||	0	1	0	31.772039	35.186285
נדרים		שדרות האמוראים 56 בית שמש			||||||	0	1	0	31.701662	34.967001
נדרים		הלל יפה 20			||||||	0	1	0	32.324501	34.859872
נדרים		אהל יעקב 26 טבריה			||||||	0	1	0	32.796816	35.532587
נדרים		תלמוד בבלי רמה ד' 3 בית שמש			||||||	0	1	0	31.698131	34.975187
נדרים		קדושת אהרן 16 בית שמש			||||||	0	1	0	31.736561	34.988525
נדרים		הרב ברים 15 רמת שלמה ירושלים			||||||	0	1	0	31.760979	35.189742
נדרים		שפת אמת 12 בני ברק			||||||	0	1	0	32.085099	34.833530
נדרים		בית רומנו חברון			||||||	0	1	0	31.525237	35.105633
נדרים		התלמוד 30 באר שבע			||||||	0	1	0	31.270355	34.788227
נדרים		הצבר 9 ראשון לציון			||||||	0	1	0	31.958524	34.826813
נדרים		רמת שלמה החדשה ירושלים			||||||	0	1	0	31.815198	35.214080
נדרים		רבי יוחנן בן זכאי 79			||||||	0	1	0	32.048388	34.965196
נדרים		אהל יהושע 3 בית שמש			||||||	0	1	0	31.734544	34.991324
נדרים		שמעון הצדיק 8 בני ברק			||||||	0	1	0	32.080049	34.844218
נדרים		הרב זכריה מדר 30 רחובות 7655273			||||||	0	1	0	31.890467	34.818986
נדרים		חיד"א 20 בני ברק			||||||	0	1	0	32.091324	34.838016
נדרים		בית שערים 2 ירושלים			||||||	0	1	0	31.788530	35.223165
נדרים		עפולה			||||||	0	1	0	32.631039	35.330718
נדרים		הרב פרדס 33 ירושלים			||||||	0	1	0	31.840798	35.245825
נדרים		הרב יוסף קארו 53/3 אופקים			||||||	0	1	0	31.305709	34.626740
נדרים		ארצי			||||||	0	1	0	31.794931	35.216456
נדרים		רבי עקיבא 20, חיפה			||||||	0	1	0	32.802644	34.998973
נדרים		פנקס 8 רמלה			||||||	0	1	0	31.932775	34.866483
נדרים		אהרונוביץ השומר 49 בני ברק			||||||	0	1	0	32.087218	34.839544
נדרים		הט"ז 19 צפת			||||||	0	1	0	32.961636	35.494623
נדרים		דונולו 5 בני ברק			||||||	0	1	0	32.086895	34.834618
נדרים		הצוף 18 ירושלים			||||||	0	1	0	31.733355	35.197904
נדרים		ירושלים			||||||	0	1	0	31.775103	35.233643
נדרים		הלל יפה 20			||||||	0	1	0	32.431891	34.916814
נדרים		המשלט 10 בית שמש			||||||	0	1	0	31.750437	34.991227
נדרים		אבן גבירול 20 ירושלים			||||||	0	1	0	31.774926	35.215068
נדרים		דרכי איש 21 ביתר עילית			||||||	0	1	0	32.087286	34.835705
נדרים		נחל לוז 3 בית שמש			||||||	0	1	0	31.711226	34.995992
נדרים		ירושלים			||||||	0	1	0	31.766126	35.182589
נדרים		רח' התלמוד 5 אשדוד			||||||	0	1	0	31.791838	34.664327
נדרים		ירושלים ברוכים 12			||||||	0	1	0	31.795298	35.215803
נדרים		רבי יוסף קארו 11 ביתר עילית			||||||	0	1	0	31.695273	35.120662
נדרים		זכרון יעקב			||||||	0	1	0	32.565947	34.960725
נדרים		קדימה 17 ירושלים			||||||	0	1	0	31.814353	35.198544
נדרים		אבטליון 21 אלעד			||||||	0	1	0	32.046225	34.949466
נדרים		נחל לכיש 33 בית שמש			||||||	0	1	0	31.713590	34.994035
נדרים		חיל אויר 36 נתיבות			||||||	0	1	0	31.426359	34.583009
נדרים		החוזה מלובלין 48 ביתר עילית			||||||	0	1	0	31.697392	35.101063
נדרים		הרצוג 5 חיפה			||||||	0	1	0	32.806390	35.001488
נדרים		רבי לוי יצחק 37, כפר חב"ד			||||||	0	1	0	31.995393	34.847032
נדרים		רב ושמואל 9 מודיעין עילית			||||||	0	1	0	31.940850	35.037578
נדרים		הקבלן 32 הר נוף ירושלים			||||||	0	1	0	31.789216	35.177486
נדרים		מודיעין עילית			||||||	0	1	0	31.933740	35.040740
נדרים		ביתר עילית 9050000			||||||	0	1	0	32.083716	34.835781
נדרים		נתיב הלוטוס 3 כרמיאל			||||||	0	1	0	32.905258	35.300648
נדרים		הרב שטיינמן 1 בית שאן			||||||	0	1	0	32.495397	35.495248
נדרים		הקוממיות 10 קרית גת			||||||	0	1	0	31.606652	34.762405
נדרים		הנחלים 1 יד בנימין			||||||	0	1	0	31.796637	34.820405
נדרים		העצמאות 27 ראש העין			||||||	0	1	0	32.096685	34.942137
נדרים		רבי עקיבא 126 בני ברק			||||||	0	1	0	32.091261	34.837858
נדרים		המגינים 32 טבריה			||||||	0	1	0	32.794266	35.537736
נדרים		ברכת משה 25 חיפה			||||||	0	1	0	32.804296	34.998857
נדרים		דב גרונר 11 בני ברק			||||||	0	1	0	32.092938	34.828609
נדרים		החוזה מלובלין 50 ביתר עילית			||||||	0	1	0	31.697182	35.101800
נדרים		הרב מנחם פרוש 10 בית שמש			||||||	0	1	0	31.711445	34.988740
נדרים		עזרא 1 ירושלים			||||||	0	1	0	31.789832	35.220569
נדרים		שילה 6 ת.ד.1884 ירושלים 02-6222560			||||||	0	1	0	31.783667	35.211933
נדרים		ירושלים			||||||	0	1	0	31.705194	35.116254
נדרים		הרב מזוז 10 נתיבות			||||||	0	1	0	31.428060	34.582998
נדרים		החיד"א 21 ירושלים			||||||	0	1	0	31.768025	35.183061
נדרים		המורד 2 נוף הגליל			||||||	0	1	0	31.726285	34.992622
נדרים		אתרוג 89 גבעת זאב			||||||	0	1	0	31.858542	35.168665
נדרים		בן פתחיה 28 בני ברק			||||||	0	1	0	32.090006	34.829374
נדרים		חוני המעגל 10 אלעד			||||||	0	1	0	32.053034	34.947632
נדרים		אור החיים 12 מודיעין עילית			||||||	0	1	0	31.933305	35.042363
נדרים		הרב עזיזי דיעי 7 חצור הגלילית			||||||	0	1	0	32.981415	35.546263
נדרים		רב עולא 13 בית שמש			||||||	0	1	0	31.706440	34.968810
נדרים		ארצי			||||||	0	1	0	31.699472	34.974400
נדרים		ספיר 28 חריש			||||||	0	1	0	32.464291	35.047535
נדרים		עפולה			||||||	0	1	0	32.629633	35.321050
נדרים		אהבת ישראל 19 תל ציון			||||||	0	1	0	31.878435	35.236199
נדרים		הלל יפה 20			||||||	0	1	0	31.938517	35.041651
נדרים		אור שמח 15 בית שמש			||||||	0	1	0	31.724446	34.995621
נדרים		הגיבורים עמידר בת - ים			||||||	0	1	0	32.027887	34.752772
נדרים		רכסים			||||||	0	1	0	32.747265	35.106370
נדרים		ת.ד. 50621 ירושלים			||||||	0	1	0	31.814553	35.194021
נדרים		נווה יהושע 55 רמת גן			||||||	0	1	0	32.062121	34.834876
נדרים		החיד"א 14 בית וגן ירושלים			||||||	0	1	0	31.768584	35.184251
נדרים		שרי ישראל 16 ירושלים			||||||	0	1	0	31.788847	35.205631
נדרים		מוסטבוי 11 פתח תקווה			||||||	0	1	0	32.082556	34.876737
נדרים		זוין 41 נוה יעקב ירושלים			||||||	0	1	0	31.842927	35.249187
נדרים		סולם יעקב 2 ירושלים			||||||	0	1	0	31.819221	35.201533
נדרים		רד"ק 8 בני ברק			||||||	0	1	0	32.088284	34.834333
נדרים		דרך השלום 4 כרמיאל			||||||	0	1	0	32.914204	35.277414
נדרים		אברבנאל 109 בני ברק			||||||	0	1	0	32.096371	34.834538
נדרים		השקד 12 נשר			||||||	0	1	0	32.769271	35.046515
נדרים		הנשיא 97 אשקלון			||||||	0	1	0	31.665424	34.562855
נדרים		אביי 11 בית שמש			||||||	0	1	0	31.707841	34.961776
נדרים		קרל נטר 129 ירושלים			||||||	0	1	0	31.796707	35.224206
נדרים		דרכי חיים 2 רכסים			||||||	0	1	0	32.756423	35.104259
נדרים		קהילת אונגוואר 74 ירושלים			||||||	0	1	0	31.817777	35.194186
נדרים		אמרי מרדכי 613 מיצד			||||||	0	1	0	31.587188	35.188583
נדרים		ההסתדרות 29 אשקלון			||||||	0	1	0	31.658407	34.561473
נדרים		הרב קוק 19 רכסים			||||||	0	1	0	32.746349	35.099908
קיוסק המזל (אדל יאגדנוב)	ראשון לציון	הרצל 33			||||||	1	1	0	31.970301	34.805644
מגן ועד ספר	מודיעין עילית	קהילות יעקב 5			||||||	1	1	0	31.922219	35.050645
קופי טיים	חולון	סוקולוב 20			||||||	1	1	0	32.022911	34.772066
	ירושלים	אביזוהר, 8			||||||	1	1	0	31.774933	35.186723
ישראל נתן	ירושלים	גבעת שאול 25			||||||	1	1	0	31.792607	35.190994
כלבו אבי	חולון	הבעל שם טוב 22			||||||	1	1	0	32.022703	34.763055
	בני ברק	זאב ז'בוטינסקי, 90			||||||	1	1	0	32.091359	34.831125
מרקט 1	ירושלים	דרך חברון 61			||||||	1	1	0	31.763294	35.225416
מינימרקט משה	חולון	קוגל 25			||||||	1	1	0	32.024350	34.774786
	לוד	ארבע העונות 14			||||||	1	1	0	31.959136	34.880109
סימפוניה	ראשון לציון	כצנלסון 3			||||||	1	1	0	31.967157	34.799034
גולדן ציפ	ירושלים	מלכי ישראל 23			||||||	1	1	0	31.788936	35.216289
פיצוציית גוד דיי	חולון	ההסתדרות 110			||||||	1	1	0	32.016740	34.781817
מינימרקט 777	בת ים	הרב עוזיאל 2			||||||	1	1	0	32.023048	34.747234
מינמרקט רבאני	ירושלים	הנורית 21			||||||	1	1	0	31.754084	35.170706
מעדנים טעימים	בת ים	רוטשילד 44			||||||	1	1	0	32.028102	34.745027
סבה תבלינים	פתח תקווה	ברון הירש 1			||||||	1	1	0	32.041685	34.774945
קיוסק יגאל	תל אביב	לוינסקי 118			||||||	1	1	0	32.056378	34.780800
פיצה הלל	ירושלים	זיכרון יעקב 1			||||||	1	1	0	31.795996	35.199504
	רעננה	אחוזה 70			||||||	1	1	0	32.179474	34.880148
ממתקי אייל	פתח תקווה	הברון הירש 9			||||||	1	1	0	32.089811	34.882414
מינימרקט הפינה	בת ים	אלי כהן 1			||||||	1	1	0	32.009457	34.757323
מינימרקט אדוארד	ראשון לציון	הנביאים 40			||||||	1	1	0	31.953133	34.830013
מינימרקט אסתר	חולון	שנקר 22			||||||	1	1	0	32.026027	34.776594
מפגש חיים	תל אביב	הירקון 296			||||||	1	1	0	32.095986	34.774630
טובי משקאות וטבק	תל אביב	בן יהודה 81			||||||	1	1	0	32.081596	34.770569
קומפפון	ראשון לציון	הגדוד העברי 56			||||||	1	1	0	31.968734	34.810332
הסורי	חולון	חומה ומגדל 43			||||||	1	1	0	32.019966	34.778152
סופר האחים	בת ים	אילת 22			||||||	1	1	0	32.019060	34.760282
מכולת ארקדי	תל אביב	נגבה 36			||||||	1	1	0	32.054015	34.799203
כל פריט החל משקל	פתח תקווה	חובבי ציון 4			||||||	1	1	0	32.087548	34.882108
מרקט D&D	ראשון לציון	רוטשילד 74			||||||	1	1	0	31.964240	34.796882
פיצוציית נינו	פתח תקווה	חיים עוזר 7			||||||	1	1	0	32.089666	34.886454
כהנוב פנחס	בני ברק	המכבים 74			||||||	1	1	0	32.095928	34.833715
מנצ'ס	תל אביב	פלורנטין 1			||||||	1	1	0	32.056321	34.767313
פינת המזל	חולון	דב הוז 81			||||||	1	1	0	32.023234	34.761760
מינימרקט הזוג	בת ים	בלפור 48			||||||	1	1	0	32.025149	34.745026
אקספרס מרקט (תל אביב)	תל אביב	הפלמח 32			||||||	1	1	0	32.062982	34.796599
שאול פיש בקטנה	ירושלים	מלאכי, 18			||||||	1	1	0	32.079867	34.785116
מינימרקט נדבי	ירושלים	מרדכי עליאש 8			||||||	1	1	0	31.782475	35.215776
קרייזי פון	בת ים	בלפור 54			||||||	1	1	0	32.024344	34.744976
אבי הכי טוב	ירושלים	יחזקאל 8, גאולה			||||||	1	1	0	31.789242	35.218690
קיוסק יהודה	ירושלים	מאה שערים 17			||||||	1	1	0	31.788108	35.220135
מרכז הסלולר	פתח תקווה	ברון הירש 3			||||||	1	1	0	32.089529	34.881492
מינמרקט עין גנים	פתח תקווה	עין גנים 69			||||||	1	1	0	32.083825	34.897254
צ'יינג' פנחס	רמת גן	הרצל 73			||||||	1	1	0	32.086556	34.814885
	רמלה	אבא אחימאיר 3			||||||	1	1	0	31.939144	34.873966
סופר ירוק בעיר	חולון	קרית שמונה 27			||||||	1	1	0	32.005327	34.785753
קיוסק השלום	תל אביב	אבן גבירול 80			||||||	1	1	0	32.081760	34.781450
סנקס	באר יעקב	שא נס 18			||||||	1	1	0	31.941015	34.834848
משקאות פינת אור	בת ים	רוטשילד 27			||||||	1	1	0	32.027057	34.746349
סיטי 24/7	תל אביב	נחלת בנימין 73			||||||	1	1	0	32.062366	34.772197
טאץ מובייל	תל אביב	מרמורק 21			||||||	1	1	0	32.071271	34.781721
נויה	חולון	אילת 16			||||||	1	1	0	32.021976	34.765088
	נוף הגליל (נצרת עילית)	מרכז דדו			||||||	1	1	0	32.693458	35.316656
ריביירה חנות נוחות	תל אביב	דוד חכמי 12			||||||	1	1	0	32.063501	34.781242
מינימרקט האחים	רמת גן	הרצל 52			||||||	1	1	0	32.084385	34.815476
פיצוחי שנקר	חולון	שנקר 50			||||||	1	1	0	32.021651	34.775991
מכולת רחמן	תל אביב	העלייה 36			||||||	1	1	0	32.057946	34.773110
טוטו טל	ירושלים	אגריפס 50			||||||	1	1	0	31.784122	35.213367
המכולת של חיים	תל אביב	הר ציון27			||||||	1	1	0	32.057207	34.776519
נון סטופ	תל אביב	ההגנה 45			||||||	1	1	0	32.054379	34.788089
אופן	ירושלים	לונץ 2			||||||	1	1	0	31.782184	35.218771
א.אלקטורניקה	ירושלים	הפסגה 45			||||||	1	1	0	31.766496	35.184154
סיטי פון	ירושלים	עזרת תורה 28			||||||	1	1	0	31.798507	35.213969
אליעזרא שלמה	ירושלים	בית ישראל, 4			||||||	1	1	0	31.788331	35.224155
ממתי מינו	תל אביב	בן יהודה 109			||||||	1	1	0	32.084653	34.772152
בערל ושמרעל	ירושלים	בית ישראל 19			||||||	1	1	0	31.789817	35.224205
כשר פון	ירושלים	שמואל סלנט 25			||||||	1	1	0	31.785468	35.223267
אימפריה מתוקה	רמת גן	הרצל 71			||||||	1	1	0	32.086313	34.814955
קשר נייד	ירושלים	מאה שערים 79			||||||	1	1	0	31.786583	35.224047
	אשדוד	חטיבת הנגב 27			||||||	1	1	0	31.801125	34.664315
מינמרקט כהן	פתח תקווה	נחלת צבי			||||||	1	1	0	32.093837	34.892245
מרקט בעיר	רחובות	הרצל 134			||||||	1	1	0	31.891038	34.812844
יוני מרקט	ירושלים	עמוס 16			||||||	1	1	0	31.790063	35.216124
סבן פלוס	פתח תקווה	שחם 14			||||||	1	1	0	32.090137	34.859289
	בית שמש	שדרות נהר הירדן, 36			||||||	1	1	0	31.729509	34.993596
פרשמרקט	ירושלים	אמרי בינה 5			||||||	1	1	0	31.796550	35.211235
	אשקלון	יהודה הלוי 36			||||||	1	1	0	31.657951	34.563084
פיצוציית סמי	ראשון לציון	רוטשילד 25			||||||	1	1	0	31.963961	34.803914
מכבסת הפסגה	ירושלים	בר אילן 4			||||||	1	1	0	31.795510	35.219270
	ירושלים	הרב שמעון חכם, 2			||||||	1	1	0	31.795506	35.219103
מכבסת הפסגה	ירושלים	תכלת מרדכי 8			||||||	1	1	0	31.793447	35.207589
תחנת המזל	גבעתיים	כורזין 5			||||||	1	1	0	32.060595	34.816008
המטבח התימני	בני ברק	ביריה 6			||||||	1	1	0	32.071168	34.837570
האחים חממי	ירושלים	מאה שערים 21			||||||	1	1	0	31.788074	35.220557
פינת הסלולר	ירושלים	בר אילן 23			||||||	1	1	0	31.794691	35.218480
מרקט זול	ירושלים	קצלבורגן 7 , הר נוף			||||||	1	1	0	31.787918	35.174128
	תל אביב	הכובשים, 55			||||||	1	1	0	32.056204	34.778981
CIT שירותי מחשב	לוד	שבטי ישראל 12			||||||	1	1	0	31.937264	34.900366
	ירושלים	אוניברסיטה הר הצופים			||||||	1	1	0	31.793157	35.243463
פיצה מרקט	רמת גן	ההגנה 13			||||||	1	1	0	32.069910	34.834286
	כרמיאל	העמק 1			||||||	1	1	0	32.921440	35.305408
	עפולה	אבן גבירול 49			||||||	1	1	0	32.624558	35.328437
סופר לבקוביץ	עפולה	האירוסים, 10			||||||	1	1	0	32.617393	35.327838
הפינה	ירושלים	אריה בן אליעזר 17			||||||	1	1	0	31.735447	35.196149
ביי דה ואי	תל אביב	דיזינגוף 239			||||||	1	1	0	32.091489	34.775897
טוטו בורסה	רמת גן	היצירה 25			||||||	1	1	0	32.086666	34.802082
בוטן לי	פתח תקווה	רוטשילד 77			||||||	1	1	0	32.086686	34.881940
חקק מנשה	תל אביב	ההגנה 68			||||||	1	1	0	32.053937	34.789493
פיצוחי מנדי	חולון	סוקולוב 70			||||||	1	1	0	32.022579	34.776927
מינימרקט נקש	בני ברק	הרב שך 61			||||||	1	1	0	32.092226	34.834923
פיצוחי אורי	רחובות	הרצל 192			||||||	1	1	0	31.898185	34.810743
	נתניה	שי עגנון 2			||||||	1	1	0	32.280911	34.851868
מזנון תל ארזה רוברט	ירושלים	עלי הכהן 7			||||||	1	1	0	31.794410	35.214859
מכולת דניאל	בת ים	דניאל 46			||||||	1	1	0	32.021827	34.749902
הפינה של אסי	אזור	קפלן 2			||||||	1	1	0	32.020137	34.810414
דביק	תל אביב	בן יהודה 82			||||||	1	1	0	32.080930	34.770702
אייס בר קפה	ראשון לציון	הסוכה 14			||||||	1	1	0	31.974528	34.779055
קיוסק קונדל	תל אביב	קינג ג'ורג' 46			||||||	1	1	0	32.073531	34.775210
פעמית סטאר	חולון	קראוזה 49			||||||	1	1	0	32.022185	34.781641
מזנון אמית	גבעת שמואל	זבוטינסקי 99			||||||	1	1	0	32.069917	34.849433
	טבריה	פיקא 20			||||||	1	1	0	32.792513	35.532278
בית מאפה שמש	חולון	לנדאו 16			||||||	1	1	0	31.999489	34.765340
סופר מפתח	תל אביב	בוגרשוב 11			||||||	1	1	0	32.077530	34.768818
	טבריה	בן צבי 1001			||||||	1	1	0	32.776271	35.513978
	פוריה	המייסדים			||||||	1	1	0	32.744000	35.538678
שקד פיצוחים	פתח תקווה	אסף שמחוני 4			||||||	1	1	0	32.074625	34.890611
ממתקים מתחת למדרגות נעות ק.1	בית שמש	יגאל אלון 3 קניון ביג פאשן			||||||	1	1	0	31.756727	34.989314
צמרת המזל	ירושלים	יפו 38			||||||	1	1	0	31.781638	35.220300
ממתקי מנדי	חולון	רבינוביץ 11			||||||	1	1	0	31.999700	34.769707
מינימרקט קרסגי	ירושלים	דרך בית לחם 107, תלפיות			||||||	1	1	0	31.750269	35.217593
מוקה	רמת גן	הבילויים 47			||||||	1	1	0	32.060130	34.827776
קיוסק אלי פדלון	רמת גן	הירדן 29			||||||	1	1	0	32.066138	34.828761
הצריף	ירושלים	צפרירים 18			||||||	1	1	0	31.819286	35.199466
שמחה ברסקי	ירושלים	ישעיהו 21 מאה שערים			||||||	1	1	0	31.788048	35.218371
צעצועי רונית	ראשון לציון	רוטשילד 21			||||||	1	1	0	31.964162	34.804483
מינימרקט אלון	תל אביב	צרעה 3			||||||	1	1	0	32.047106	34.809256
סוכנות דואר בלינסון	פתח תקווה	זבוטינסקי 39			||||||	1	1	0	32.091405	34.868525
המותג	חולון	החי'ל 22			||||||	1	1	0	32.013207	34.768141
פוטו הצפון	תל אביב	יהודה המכבי 87			||||||	1	1	0	32.094301	34.793215
מינימרקט גולומב	גבעתיים	גולומב 34			||||||	1	1	0	32.068962	34.812089
כלבו מנורה	גבעתיים	מנורה 6			||||||	1	1	0	32.064068	34.808730
כלי קל	ירושלים	דובר שלום 9			||||||	1	1	0	31.796839	35.206734
סופר זול היובל	ירושלים	אורגוואי 3			||||||	1	1	0	31.760549	35.176100
מינימרקט חמו	ירושלים	בנימין מטודלה 7			||||||	1	1	0	31.772183	35.212484
מינימרקט רד	ירושלים	הרב שמואל ברוך 33			||||||	1	1	0	31.785958	35.208365
הפיצוציה של מור	חולון	אילת 54			||||||	1	1	0	32.014790	34.764784
מינימרקט גמזו	חולון	מנדלי 18			||||||	1	1	0	32.022601	34.783032
מינימרקט אילוז	ירושלים	ראובן מס 132			||||||	1	1	0	31.810803	35.198097
ניצן אלקטרוניקה	תל אביב	לוינסקי 98			||||||	1	1	0	32.057555	34.778160
עט לשחק	גבעת זאב	המכבים 50			||||||	1	1	0	31.864436	35.167695
פריפון	ירושלים	שרי ישראל 1, מקור ברוך			||||||	1	1	0	31.790654	35.208045
	תל אביב-יפו	הברזל, 24			||||||	1	1	0	32.108907	34.840108
פיצוחי האילן	רמת גן	חיבת ציון 45			||||||	1	1	0	32.079370	34.825220
קיוסק מזל	בת ים	הרצוג 9			||||||	1	1	0	32.024334	34.749112
מפגש השנהב	ירושלים	בית הדפוס 12			||||||	1	1	0	31.786352	35.188412
מזכרות רפי	תל אביב	אלנבי 19			||||||	1	1	0	32.073152	34.767649
ענק המזון	תל אביב	הכרמל 12			||||||	1	1	0	32.066124	34.766168
מינמרקט אלי	פתח תקווה	הרב עוזיאל 5			||||||	1	1	0	32.089977	34.898202
מפגש במגרש	גבעת שמואל	הנשיא 10			||||||	1	1	0	32.081748	34.849517
מכולת בית וגן	ירושלים	בית וגן 43 , בית וגן			||||||	1	1	0	31.768798	35.184693
הפינה של כדורי	תל אביב	דרך חיים בר לב 216			||||||	1	1	0	32.044502	34.812635
מכולת מטעמי שבת	ירושלים	הטורים 26			||||||	1	1	0	31.789333	35.210550
הפיצוחיה של מנש	תל אביב	ברודיצקי 15			||||||	1	1	0	32.106595	34.797375
קיוסק גונן	ירושלים	יוחנן בן זכאי 39, קטמון			||||||	1	1	0	31.758052	35.207120
מזנון הכיפה	ירושלים	בית יעקב 2			||||||	1	1	0	31.785714	35.211926
	תל אביב-יפו	צ'לנוב, 23			||||||	1	1	0	32.057500	34.775057
מינימרקט דיין	אור יהודה	אליהו סעדון 130			||||||	1	1	0	32.029230	34.857880
מכולת שמשון	בני ברק	סוקולוב 39			||||||	1	1	0	32.090058	34.833711
ברכת תומר	ירושלים	פנים מאירות 10			||||||	1	1	0	31.796397	35.201715
חשמל וכלי בית	בני ברק	רבי עקיבא 52			||||||	1	1	0	32.087570	34.827891
מפגש הכיכר	ירושלים	חזקיהו המלך			||||||	1	1	0	31.761800	35.210900
גלדרית יגאל	פתח תקווה	טרומפלדור 24			||||||	1	1	0	32.086454	34.878078
מרכז הזול	חולון	חזית חמש 11			||||||	1	1	0	32.030196	34.762392
המקום של רובי	ראשון לציון	שמוטקין 6			||||||	1	1	0	31.973492	34.810780
טוטו גל	רמת גן	זבוטנסקי 125			||||||	1	1	0	32.089994	34.818347
בייגל אקספרס	תל אביב	טאגור 32			||||||	1	1	0	32.116225	34.797203
לוטו טוטו בינגו	תל אביב	העליה 62			||||||	1	1	0	32.055601	34.772321
אורה	תל אביב	בן צבי 54			||||||	1	1	0	32.045457	34.767590
פיצוצים גיסנו	בת ים	העצמאות 64			||||||	1	1	0	32.027693	34.748832
אצל שוקרון	ירושלים	מרדכי אלקחי 2			||||||	1	1	0	31.747562	35.231664
רן מכשירי כתיבה	רמת גן	ז׳בוטינסקי 133			||||||	1	1	0	32.090248	34.819608
בית מרקחת מיניאלי	תל אביב	העלייה 11			||||||	1	1	0	32.059668	34.773803
בדק בית	חיפה	אילנית 1			||||||	1	1	0	32.807672	34.975912
דניאל שיווק מזון	רמת גן	נגבה 32			||||||	1	1	0	32.070171	34.826660
	צפת	רחוב העליה 4			||||||	1	1	0	32.965451	35.496000
מיני מרקט סיני	ירושלים	גבעת שאול 12, גבעת שאול			||||||	1	1	0	31.791893	35.194578
ברכת יעקוב	בני ברק	רבי טרפון 20			||||||	1	1	0	32.085887	34.827484
לב הנמל	תל אביב	יורדי הסירה 1			||||||	1	1	0	32.096468	34.773922
גינוסר	רמת גן	נגבה 23			||||||	1	1	0	32.070574	34.824575
	ירושלים	לוחמי הגטאות 2 כפר הסטודנטים			||||||	1	1	0	31.800782	35.238905
	רחובות	בנימין 4			||||||	1	1	0	31.893748	34.812370
גישאנק	ירושלים	הרב מיימון 2			||||||	1	1	0	31.788464	35.198365
פיצה עוז	ירושלים	יוסי בן יועזר 55			||||||	1	1	0	31.752643	35.206056
קיוסק רמות	ירושלים	כיסופים 810			||||||	1	1	0	31.816763	35.195960
	ערד	שמעון 17			||||||	1	1	0	31.260544	35.211375
פינת הזול	רמת גן	אצ"ל 17			||||||	1	1	0	32.066374	34.832739
מרכול מכלוף	בני ברק	בר אילן 22			||||||	1	1	0	32.089429	34.841265
	אשדוד	אביי 24			||||||	1	1	0	31.789555	34.666703
המינימרקט שלי	ירושלים	זאב חקלאי 4			||||||	1	1	0	31.772811	35.184525
מינימרקט מני	חולון	מונטיפיורי 6			||||||	1	1	0	32.025579	34.767357
פט ביי חיות בהולנדית	רחובות	הר הצופים 74			||||||	1	1	0	31.896148	34.783029
כפר השעשועים	ירושלים	קניון ישפרו הדסה עין כרם			||||||	1	1	0	31.766458	35.148392
סופר סטור	ירושלים	מרדכי בן הלל 1			||||||	1	1	0	31.782259	35.217257
צרכניית זול כאן	ירושלים	הרב בלוי 2			||||||	1	1	0	31.796745	35.219817
	ראש העין	וולפסון, 36			||||||	1	1	0	32.096321	34.949321
הממתקיה	תל אביב	אלנבי 94			||||||	1	1	0	32.066207	34.771527
רוטשילד פון	בת ים	רוטשילד 42			||||||	1	1	0	32.027174	34.749463
אור הצעצוע	גבע בנימין	הרדוף הנחלים 2			||||||	1	1	0	31.850952	35.273138
עד חצות	תל אביב	לסקוב 4			||||||	1	1	0	32.071887	34.783000
אפנדיס ממתקים	ירושלים	קניון רמון - שדרות גולדה מאיר			||||||	1	1	0	31.817637	35.194454
פיצוחי סנהדריה	ירושלים	ים סוף 101			||||||	1	1	0	31.800742	35.218450
פינת אור	חולון	התנאים 3			||||||	1	1	0	32.005432	34.764274
פינת המזל	חולון	התנאים 5			||||||	1	1	0	32.005413	34.764081
סלמתק 44	תל אביב	דרך שלמה 44			||||||	1	1	0	32.054875	34.767204
קלות התקווה	גני תקווה	הרי יהודה 67			||||||	1	1	0	32.060703	34.868514
מכולת הרב אשי	בני ברק	רב אשי 7			||||||	1	1	0	32.077593	34.837904
	אריאל	דרך הנחשונים 33			||||||	1	1	0	32.105606	35.173107
פינת החי	חולון	ירושלים 7			||||||	1	1	0	32.021327	34.786484
מפגש קובי	תל אביב	יפת 121			||||||	1	1	0	32.040238	34.751336
	בית שמש	קדושת אהרן 13			||||||	1	1	0	31.736068	34.989135
	בית שמש	אוהל יהושע, 2			||||||	1	1	0	31.734789	34.990726
לב גילפולי	תל אביב	לוחמי גילפולי 22			||||||	1	1	0	32.057616	34.794742
לב הכיכר	חולון	דב הוז 2			||||||	1	1	0	32.023636	34.769420
	בית שמש	נהר הירדן 6			||||||	1	1	0	31.736124	34.992282
פיצוחי רבי עקיבא	בני ברק	רבי עקיבא 160			||||||	1	1	0	32.085638	34.839082
פופיטעס	ירושלים	חזון אי"ש, 28			||||||	1	1	0	31.807794	35.222616
פופיטעס	ירושלים	חזון איש 60			||||||	1	1	0	31.810007	35.218708
שין תיק	חולון	סוקולוב 53			||||||	1	1	0	32.022810	34.776405
מירי אלון	ירושלים	יוסף בן מתתיהו, 41			||||||	1	1	0	31.788536	35.213996
סל זול	ירושלים	חי טייב 15			||||||	1	1	0	31.786927	35.171482
איצטרובל	מודיעין עילית	נתיבות המשפט 19			||||||	1	1	0	31.932190	35.046940
	רעננה	אחוזה 198			||||||	1	1	0	32.182869	34.865628
מינימרקט שחר	ירושלים	שלום יהודה 30			||||||	1	1	0	31.749855	35.219474
סופר מרקט	ירושלים	יפו 30			||||||	1	1	0	31.781565	35.221418
המכולת של חיימקה	ביתר עילית	המגיד ממזריטש 70			||||||	1	1	0	31.701018	35.113656
חלום מתוק	ירושלים	יפו 234			||||||	1	1	0	31.789160	35.201226
צרכניית אביר יעקב	ירושלים	אביר יעקב 2 , נווה יעקב			||||||	1	1	0	31.841236	35.250285
מויז הקטן	ירושלים	ששה עשר 15			||||||	1	1	0	31.827782	35.242268
פיצוציית המושבה	פתח תקווה	ראשון לציון 1			||||||	1	1	0	32.099940	34.876356
עין יעקב	ירושלים	עין יעקב 31			||||||	1	1	0	31.786751	35.223286
cell 4 less	ירושלים	יונה 3			||||||	1	1	0	31.789233	35.216747
עונג שבת	ירושלים	משה דיין 37			||||||	1	1	0	31.833800	35.234724
מאי קיוסק	תל אביב	הברזל 2			||||||	1	1	0	32.106471	34.835657
מילניום	תל אביב	דרך שלמה 100			||||||	1	1	0	32.054906	34.774122
הבאזר 770	בני ברק	עזרא 45			||||||	1	1	0	32.076440	34.836083
עזה סטור	ירושלים	דרך עזה 15			||||||	1	1	0	31.773092	35.215029
מינימרקט אבו עמר	תל אביב	חבד 29			||||||	1	1	0	32.039770	34.753349
	חדרה	הנשיא, 59			||||||	1	1	0	32.439068	34.923115
מנחם הכול לבית	לוד	איינשטיין 42			||||||	1	1	0	31.945699	34.881493
מזנון אגריפס	ירושלים	אגריפס 39			||||||	1	1	0	31.783469	35.214651
מעדניית פנים מאירות	ירושלים	פנים מאירות 8			||||||	1	1	0	31.796978	35.201209
מינימרקט הדקה ה90	בת ים	קרן היסוד 6			||||||	1	1	0	32.005103	34.749656
מאפה הבלקן	תל אביב	יעבץ 2			||||||	1	1	0	32.066365	34.766523
כלבו שמעון	תל אביב	הפלמח 36			||||||	1	1	0	32.063004	34.797255
מוקה	יהוד-מונוסון	משה דיין 3			||||||	1	1	0	32.030479	34.878179
פרנק חנויות נוחות	תל אביב	ויצמן 22			||||||	1	1	0	32.083322	34.789296
כולבו רג׳י	בני ברק	סוקולוב 42			||||||	1	1	0	32.090576	34.833796
מיפגש דרבי	חולון	ירמיהו 49			||||||	1	1	0	32.016967	34.797998
מינימרקט ג'קי	בת ים	בלפור 85			||||||	1	1	0	32.022434	34.745477
מינימרקט גייר	ראשון לציון	שלום אש 2			||||||	1	1	0	31.982047	34.789291
תפארת המזון	ראשון לציון	הרב ברוק 11			||||||	1	1	0	31.964209	34.815298
	חדרה	ששת הימים 1			||||||	1	1	0	32.435843	34.914638
הפינה המתוקה	תל אביב	דרך השלום 101			||||||	1	1	0	32.062262	34.804918
	ירושלים	יעבץ, 2			||||||	1	1	0	31.782640	35.218185
הפינה הטובה	תל אביב	הארבעה 28			||||||	1	1	0	32.070409	34.786519
הפינה הטובה	חולון	אילת 36			||||||	1	1	0	32.018188	34.764608
	חדרה	אגד חדרה תחנה מרכזית			||||||	1	1	0	32.435745	34.914522
הפרלמנט של בלסטרה	בת ים	כט בנובמבר 15			||||||	1	1	0	32.009887	34.754628
תפור עלי	פתח תקווה	ז'בוטינסקי 72			||||||	1	1	0	32.093259	34.865511
אור מרקט	פתח תקווה	השילוח 4			||||||	1	1	0	32.091113	34.855989
פינת השדרה	תל אביב	שדרות ירושלים 18			||||||	1	1	0	32.054880	34.759597
שפע הברכה	בני ברק	הרב נורוק 42			||||||	1	1	0	32.098773	34.843613
	חיפה	החלוץ 61			||||||	1	1	0	32.808473	35.001164
מינימרקט שבתאי לוי	ירושלים	בן גמלא 9			||||||	1	1	0	31.760836	35.212328
סופרמרקט אגסי	ירושלים	הרב שמעון אגסי 29			||||||	1	1	0	31.782524	35.175472
קפה מלכה	ירושלים	ההגנה 21			||||||	1	1	0	31.802403	35.238514
פוטו גיל	חולון	סוקולוב 132			||||||	1	1	0	32.022172	34.784517
שוקי שבתאי	חולון	אילת 58			||||||	1	1	0	32.013448	34.764847
	חולון	שדרות קוגל, 38			||||||	1	1	0	32.023789	34.774302
	תל אביב	יהודה המכבי, 1			||||||	1	1	0	32.094085	34.784068
	נתניה	אליעזר בן יהודה 48			||||||	1	1	0	32.297242	34.854081
כלבו לבניין שושי	רחובות	חיים ויצמן 8			||||||	1	1	0	31.899229	34.811671
מרכול 80	פתח תקווה	סלנט 80			||||||	1	1	0	32.078794	34.889751
דורון חזני	ירושלים	יחזקאל 32			||||||	1	1	0	31.791948	35.220308
קושקש	תל אביב	נחלת יצחק 30			||||||	1	1	0	32.074014	34.799602
קיוסק גזוז	ראשון לציון	שדרות יעקב 43			||||||	1	1	0	31.954955	34.821893
מכולת יורם	ירושלים	רמת הגולן 8, רמת אשכול			||||||	1	1	0	31.802293	35.222706
	כפר סבא	הנביאים 36			||||||	1	1	0	32.183256	34.938362
מינימרקט גבי	חולון	סוקולוב 106			||||||	1	1	0	32.022342	34.781727
סופר מוישה	בני ברק	ירושלים 2			||||||	1	1	0	32.087504	34.830154
לגעת בעושר	רמת גן	ביאליק 21			||||||	1	1	0	32.081035	34.814741
מפגש מנדלה	תל אביב	בן יהודה 62			||||||	1	1	0	32.078983	34.769384
מכולת חיים אצלן	חולון	קרייתי 20			||||||	1	1	0	32.025890	34.763837
אילנות פרחים	בת ים	בלפור 38			||||||	1	1	0	32.026390	34.744982
מרקט אור	ראשון לציון	הרותם 1			||||||	1	1	0	31.974064	34.784798
גוד טיים ירמיהו	ראשון לציון	פופל 7			||||||	1	1	0	31.970177	34.815112
קיוסק פלורט	בת ים	העצמאות 37			||||||	1	1	0	32.023362	34.746596
טו פיקס אדס אוסנת	הוד השרון	ידידות 11			||||||	1	1	0	32.160443	34.902638
מיני כלבו כהן עוזי	ירושלים	בורוכוב 5			||||||	1	1	0	31.768149	35.176818
סופר זול עדן	ירושלים	דהומיי 14			||||||	1	1	0	31.756951	35.163963
מפגש האחים עידו	רמת גן	הנגבה 24			||||||	1	1	0	32.070247	34.825588
גלידות ירושלים	ירושלים	יחזקאל 33			||||||	1	1	0	31.791994	35.220429
מחשבים מצלמות	תל אביב	חנוך 62			||||||	1	1	0	32.051413	34.791228
קיוסק ארי סימן טוב	בני ברק	ירושלים 22			||||||	1	1	0	32.085587	34.829808
	ירושלים	פליקס פרנקפורטר, 21			||||||	1	1	0	31.813799	35.203688
צרכניית מרזייב	ירושלים	שירת הים 10			||||||	1	1	0	31.817453	35.200049
מכולת ספיר	תל אביב	שנקין 64			||||||	1	1	0	32.068258	34.777291
גיגי	תל אביב	טאגור 55			||||||	1	1	0	32.118494	34.800704
גלאט מרקט	חולון	בית לחם 9			||||||	1	1	0	32.008936	34.790090
טעים לי	ירושלים	יואל 12, בוכרים			||||||	1	1	0	31.789532	35.220460
קיוסק מנש	ירושלים	משה דיין 150			||||||	1	1	0	31.822957	35.237420
מיניכל דוד	תל אביב	דיזינגוף 242			||||||	1	1	0	32.089875	34.775868
מינימרקט אלעטר	אור יהודה	יקוטיאל אדם 50			||||||	1	1	0	32.031329	34.866299
מינימרקט דודו	חולון	בן עמרם 6			||||||	1	1	0	32.012587	34.796301
שי אלקטריק	בת ים	בלפור 87			||||||	1	1	0	32.020387	34.745670
מפגש ירושלים	בת ים	ירושלים 40			||||||	1	1	0	32.026074	34.748394
בית מרקחת אהרון	חולון	הופיין 52			||||||	1	1	0	32.013462	34.771625
מלון מיאמי ביץ תל אביב	תל אביב	אלנבי 8			||||||	1	1	0	32.073647	34.765794
מספרת מנשה	ירושלים	מאה שערים 21			||||||	1	1	0	31.788142	35.220616
מינמרקט זול	אור יהודה	שלהבת 14			||||||	1	1	0	32.028648	34.866168
הבית של פיסטוק	בת ים	אנה פראנק 29			||||||	1	1	0	32.006952	34.753923
וידאו פרי	חולון	אילת 20			||||||	1	1	0	32.022187	34.765008
	קרית אתא	עצמאות 109			||||||	1	1	0	32.811522	35.104686
מאפה החוף	ראשון לציון	זלמן שזר 18			||||||	1	1	0	31.996034	34.742285
מפגש חי	ירושלים	שטרן 1 מלחה			||||||	1	1	0	31.757769	35.180883
כל בו רונית	ירושלים	קריית משה 15			||||||	1	1	0	31.786364	35.194314
	כוכב יעקב	שדרות כוכב יעקב 1/ כיכר נתנאל			||||||	1	1	0	31.880070	35.242909
	ביתר עילית	רבי אלעזר המודעי, 11			||||||	1	1	0	31.695911	35.119454
	אשדוד	יוספטל, 52			||||||	1	1	0	31.807463	34.654183
	ירושלים	מעלות דפנה 129 ירושלים			||||||	1	1	0	31.797140	35.224885
	חיפה	גאולה 25			||||||	1	1	0	32.802652	35.000277
	חיפה	הרצל, 52			||||||	1	1	0	32.807469	35.000733
	קרית גת	אדמו''ר מחב''ד 26/3 קרית גת			||||||	1	1	0	31.618282	34.753073
	כוכב יעקב	אהבת ישראל 12			||||||	1	1	0	31.879446	35.239821
	בת ים	בלפור, 148			||||||	1	1	0	32.012016	34.741869
	לוד	אהרון לובלין, 40			||||||	1	1	0	31.961608	34.878069
	חיפה	מיכאל, 30			||||||	1	1	0	32.803620	35.002627
	יבנה	האגוז 1			||||||	1	1	0	31.877620	34.736247
	תל אביב	התקווה, 46			||||||	1	1	0	32.051575	34.790090
	רחובות	ביל"ו, 60			||||||	1	1	0	31.894693	34.810137
	טייבה	חאלד אבן אלוליד			||||||	1	1	0	32.273761	35.013364
	טייבה	חלאד אבן אלוליד 10			||||||	1	1	0	31.953949	35.910635
	בית שמש	בן איש חי, 9			||||||	1	1	0	31.744734	34.998738
	ביתר עילית	פחד יצחק 17			||||||	1	1	0	31.708548	35.104011
	בית שמש	שדרות האמוראים, 2			||||||	1	1	0	31.704180	34.975159
	ראשון לציון	הרצל, 73			||||||	1	1	0	31.965463	34.803083
	תל אביב	יד המעביר 9			||||||	1	1	0	32.109046	34.824499
	ירושלים	המלך ג'ורג', 19			||||||	1	1	0	31.781358	35.216314
	מודיעין עילית	מרומי שדה, 17			||||||	1	1	0	31.925795	35.042430
	ירושלים	בר אילן, 41			||||||	1	1	0	31.793691	35.215771
	ביתר עילית	חי יצחק 9			||||||	1	1	0	31.700780	35.111985
א.א ברכה רווחה והצלחה	בית שמש	שדרות נהר הירדן, 60			||||||	1	1	0	31.725547	34.995146
	מודיעין עילית	מרומי שדה, 25			||||||	1	1	0	31.926511	35.041200
	בית שמש	קהילת יעקב, 11			||||||	1	1	0	31.737349	34.996254
נתן לבקוביץ	ירושלים	תכלת מרדכי, 15			||||||	1	1	0	31.793639	35.207530
נתן לבקוביץ	בני ברק	ירמיהו, 6			||||||	1	1	0	32.088588	34.826097
	ירושלים	סעדון משה בן טוב 10 ירושלים			||||||	1	1	0	31.768350	35.213602
נתן לבקוביץ	ירושלים	רמות פולין 61 ירושלים			||||||	1	1	0	31.820484	35.194085
	בית שמש	בר אילן, 2			||||||	1	1	0	31.742185	34.992649
	נתיבות	יצחק שמיר 3			||||||	1	1	0	31.426064	34.579212
	קרית גת	שדרות לכיש, 63			||||||	1	1	0	31.614501	34.767148
	ירושלים	ישעיהו, 26			||||||	1	1	0	31.787589	35.218285
	חיפה	שדרות ההסתדרות, 58			||||||	1	1	0	32.792613	35.038627
	זיכרון יעקב	דרך שרה, 36			||||||	1	1	0	32.566510	34.961133
	גבעת שמואל	יהודה הלוי, 3			||||||	1	1	0	32.081884	34.846388
	רמלה	יצחק שדה, 1			||||||	1	1	0	31.926785	34.874758
	נתיבות	חזון איש 5			||||||	1	1	0	31.423143	34.595191
	נתיבות	אריאל שרון, 22			||||||	1	1	0	31.438172	34.578922
	חורה	אלסלאם 70			||||||	1	1	0	31.294332	34.925993
	בית שמש	רבי יוסי בן קיסמא, 21			||||||	1	1	0	31.736900	34.997318
	ראשון לציון	שדרות היובל, 1			||||||	1	1	0	31.977619	34.796079
	בני יהודה	קניון נוף הגולן			||||||	1	1	0	32.800945	35.689645
	רכסים	דרך הרב משקובסקי, 8			||||||	1	1	0	32.747517	35.103953
בית מרקחת חיידר פארם	אעבלין	רחוב ראשי			||||||	1	1	0	32.825757	35.188134
	ירושלים	א טור ראבעה אל עדוויה סמטה 2			||||||	1	1	0	31.779603	35.246141
	ירושלים	סלאח א דין, 1			||||||	1	1	0	31.783506	35.233614
	Jerusalem	Nizamiyyah School, Bait Hanina Road, Beit Hanina			||||||	1	0	0	31.826264	35.226934
	Jerusalem	Ashbal Al Aqsa School, Anatot			||||||	1	0	0	31.808986	35.247654
	Jerusalem	Shoe Shop, Salah Addin, 9119001			||||||	1	0	0	31.784592	35.232156
	Ramallah	Clock Square			||||||	1	0	0	31.903377	35.203448
	Jerusalem	60, 009 Area C			||||||	1	0	0	31.942816	35.257178
	Jerusalem	Educational Bookshop, Salah Addin 19			||||||	1	0	0	31.785405	35.231285
	Jerusalem	Marriage Certificate Office, Ibn Sina, 9119001			||||||	1	0	0	31.784518	35.233301
	Jerusalem	Shufat R.C Boys School, Anatot, 9711769			||||||	1	0	0	31.808872	35.245317
	Jerusalem	Al 'Eizariya			||||||	1	0	0	31.771400	35.257847
	Al-Ram	611 Al-Ram			||||||	1	0	0	31.851104	35.232033
	Jerusalem	Al-Rajhi Clinic, AlQuds			||||||	1	0	0	31.871773	35.220919
	Jerusalem	Al-Abiad, 9392006			||||||	1	0	0	31.771870	35.249134
	Jerusalem	Arab al Jahalin			||||||	1	0	0	31.864063	35.281180
	Jerusalem	Al Eman Center, Anata, Hizma			||||||	1	0	0	31.812735	35.261799
	Jericho	Al-hikma medical center			||||||	1	0	0	31.769521	35.250487
	Jerusalem	Al-Hayat Medical Center, Sultan Suleiman, Derech Shua'fat			||||||	1	0	0	31.783224	35.233065
	Area B	Biddu Al-Qubeibah			||||||	1	0	0	31.834265	35.144719
	Jerusalem	Kafr 'Aqab			||||||	1	0	0	31.871894	35.218737
	Jerusalem	Paulus Haus, Shchem 76, 9119001			||||||	1	0	0	31.782675	35.230812
	Altehta	Bait Owr			||||||	1	0	0	31.895657	35.082948
	ירושלים	אבן סינא, 9			||||||	1	1	0	31.784715	35.232806
	בת ים	יוספטל, 106			||||||	1	1	0	32.015499	34.758854
	ראשון לציון	הרצל, 39			||||||	1	1	0	31.969392	34.804847
	ראשון לציון	אברבנאל, 4			||||||	1	1	0	31.965487	34.810799
	פתח תקווה	כ"ט בנובמבר, 6			||||||	1	1	0	32.093955	34.895916
	כרמיאל	מורד הגיא, 103			||||||	1	1	0	32.907044	35.293254
	בת ים	אנה פרנק, 29			||||||	1	1	0	32.007112	34.753803
	אשדוד	רבי מאיר בעל הנס, 13			||||||	1	1	0	31.788993	34.661926
	ירושלים	תפארת ישראל, 8			||||||	1	1	0	31.775814	35.231114
	נצרת	תופיק זיאד 33			||||||	1	1	0	32.697370	35.297987
	בת ים	בלפור, 104			||||||	1	1	0	32.015754	34.743607
	תל אביב-יפו	תחנת רכבת - תל אביב סבידור מרכז			||||||	1	1	0	32.083574	34.797148
	לוד	תחנת רכבת - לוד			||||||	1	1	0	31.947707	34.879089
	אשקלון	תחנת רכבת - אשקלון			||||||	1	1	0	31.676712	34.604963
	ירושלים	בר אילן, 12			||||||	1	1	0	31.795218	35.218611
	חיפה	הנביאים, 15			||||||	1	1	0	32.813188	34.995884
	תל אביב	יסוד המעלה, 25			||||||	1	1	0	32.059249	34.780423
	ירושלים	עזרת תורה, 18			||||||	1	1	0	31.796896	35.213287
	ראשון לציון	החלוץ, 6			||||||	1	1	0	31.986704	34.789247
	בית שמש	נחל ניצנים, 16			||||||	1	1	0	31.713972	34.987986
ניסים לוי	בית שמש	מורדי הגטאות,13			||||||	1	1	0	31.747814	34.989883
	ירושלים	המלך ג'ורג', 9			||||||	1	1	0	31.782124	35.217244
	ירושלים	ישעיהו, 10			||||||	1	1	0	31.785623	35.217642
	מגדל העמק	זבולון, 76			||||||	1	1	0	32.681576	35.233351
	חדרה	הרברט סמואל, 75			||||||	1	1	0	32.436280	34.920240
	בית שמש	מרים הנביאה, 1			||||||	1	1	0	31.704317	34.993887
	ביתר עילית	רחוב רבי אלעזר המודעי, 11			||||||	1	1	0	31.695813	35.119872
	באר שבע	שדרות ירושלים, 2			||||||	1	1	0	31.245488	34.782264
	צפת	הרצל, 20			||||||	1	1	0	32.957970	35.496107
	תל אביב	שדרות ישראל גורי 30			||||||	1	1	0	32.043475	34.780526
	טייבה	רחוב 24 צפוני			||||||	1	1	0	32.271759	35.014970
	נתיבות	אור לציון, 4			||||||	1	1	0	31.425819	34.584427
	ירושלים	ירמיהו, 25			||||||	1	1	0	31.791917	35.204552
	כרמיאל	מורד הגיא, 47			||||||	1	1	0	32.905190	35.300969
	נתניה	פנחס רוטנברג, 12			||||||	1	1	0	32.280792	34.853724
	חיפה	בר כוכבא, 6			||||||	1	1	0	32.805374	35.002066
	בית שמש	חזון איש 37			||||||	1	1	0	31.746460	34.986308
	טבריה	דרך הגבורה, 128			||||||	1	1	0	32.789352	35.527281
	עוצם	עוצם			||||||	1	1	0	31.636107	34.701545
	כפר סבא	ויצמן, 74			||||||	1	1	0	32.175971	34.904833
	אשדוד	רמב"ם, 91			||||||	1	1	0	31.804755	34.655346
	ירושלים	הרב ולנשטיין, 1			||||||	1	1	0	31.819876	35.195107
	באר שבע	השווקים 93 באר שבע			||||||	1	1	0	31.240457	34.796138
	תל אביב-יפו	לוינסקי, 78			||||||	1	1	0	32.058290	34.775964
	חדרה	הנשיא, 31			||||||	1	1	0	32.439698	34.920341
	מודיעין עילית	ישועת דוד, 14			||||||	1	1	0	31.922785	35.047897
	חיפה	שבתאי לוי, 2			||||||	1	1	0	32.813054	34.995128
	ירושלים	שער שכם 1			||||||	1	1	0	31.809832	35.109285
	ירושלים	שער שכם 1			||||||	1	1	0	31.781170	35.230460
	ירושלים	אהרן רשיד, 10			||||||	1	1	0	31.807743	35.107818
	ירושלים	חן אל זית 117			||||||	1	1	0	31.768520	35.207702
	ירושלים	רביבים, 26			||||||	1	1	0	31.816540	35.199403
	ירושלים	הרב וינוגרד, 9			||||||	1	1	0	31.839077	35.247477
	רחובות	הרצל, 113			||||||	1	1	0	31.891448	34.812366
	תפרח	רמב"ם, 69			||||||	1	1	0	31.323983	34.680197
	גבעתיים	כצנלסון, 138			||||||	1	1	0	32.075956	34.816428
	ירושלים	דרך יריחו, 64			||||||	1	1	0	31.773301	35.240777
	רמלה	אבא אחימאיר, 7			||||||	1	1	0	31.938702	34.874659
	פרדס חנה כרכור	עציון, 21			||||||	1	1	0	32.466401	34.965101
	ביתר עילית	רחוב רבי עקיבא, 15			||||||	1	1	0	31.697765	35.122799
	אשקלון	דוד רמז, 61			||||||	1	1	0	31.669058	34.584455
	בני ברק	ירושלים, 61			||||||	1	1	0	32.082718	34.826653
	קרית אונו	הרצל, 53			||||||	1	1	0	32.065832	34.855375
	רמת השרון	סוקולוב, 38			||||||	1	1	0	32.142304	34.837200
	אור עקיבא	שדרות הנשיא וייצמן, 43			||||||	1	1	0	32.506092	34.920101
	מודיעין עילית	שדרות יחזקאל, 11			||||||	1	1	0	31.937472	35.036373
	מודיעין עילית	אבני נזר, 46			||||||	1	1	0	31.930104	35.038790
	ירושלים	הנביאים, 37			||||||	1	1	0	31.783606	35.221371
	לוד	יחד שבטי ישראל, 16			||||||	1	1	0	31.936224	34.897468
	ירושלים	הפסגה, 10			||||||	1	1	0	31.769949	35.182174
	ירושלים	שדרות משה דיין, 67			||||||	1	1	0	31.829951	35.236920
	עמנואל	חת"ם סופר, 34			||||||	1	1	0	32.164997	35.136331
	מגדל העמק	קדש, 38			||||||	1	1	0	32.677387	35.239465
	רמת גן	תובל, 36			||||||	1	1	0	32.086835	34.803187
	ירושלים	תחכמוני, 6			||||||	1	1	0	31.787476	35.212312
	כרמיאל	הזית, 3			||||||	1	1	0	32.917821	35.304983
	ירושלים	נרקיס 47			||||||	1	1	0	31.778531	35.209789
	טבריה	שפע חיים, 3			||||||	1	1	0	32.785364	35.514011
	בני ברק	רחוב זאב ז'בוטינסקי, 127			||||||	1	1	0	32.092830	34.839953
	פתח תקווה	טבריה, 48			||||||	1	1	0	32.071455	34.918426
	פתח תקווה	מוטה גור, 4			||||||	1	1	0	32.093424	34.864989
	רעננה	התדהר, 2			||||||	1	1	0	32.192220	34.884760
	נתיבות	גני טל, 2			||||||	1	1	0	31.416813	34.571918
רפי דדון אותנטי	נתיבות	בעלי המלאכה, 17			||||||	1	1	0	31.417789	34.593072
	מודיעין עילית	שדרות הרב מפוניביז 1			||||||	1	1	0	31.924102	35.047259
	דימונה	מרכז מסחרי 65/15			||||||	1	1	0	31.069282	35.033565
	כרמיאל	נתיב הלוטוס, 3			||||||	1	1	0	32.909210	35.301717
מינימרקט לב השכונה	כרמיאל	הפרחים, 52			||||||	1	1	0	32.904142	35.298817
	אריאל	דרך הציונות, 56			||||||	1	1	0	32.107045	35.191560
	רמת גן	זאב ז'בוטינסקי 41			||||||	1	1	0	32.073150	34.813385
	כללי	כללי			||||||	1	1	0	31.792487	34.637728
	קרית גת	האדמו"ר מחב"ד, 7			||||||	1	1	0	31.617236	34.752634
	בית שמש	יחזקאל הנביא, 22			||||||	1	1	0	31.703564	34.983975
	בית שמש	בן איש חי, 43			||||||	1	1	0	31.748696	35.001228
	בית שמש	שדרות האמוראים, 86			||||||	1	1	0	31.700253	34.974190
	לוד	הרב אלישיב, 8			||||||	1	1	0	31.934458	34.897132
	נתניה	שדרות בנימין, 7			||||||	1	1	0	32.327363	34.858377
	חיפה	שדרות בן גוריון, 6			||||||	1	1	0	32.823283	34.991948
	חדרה	רמב"ם, 25			||||||	1	1	0	32.436918	34.913203
	עמנואל	כיכר רמב"ם, 1			||||||	1	1	0	32.161315	35.135514
	רמת גן	שדרות ירושלים, 54			||||||	1	1	0	32.074420	34.825575
	מרחביה	מרחביה			||||||	1	1	0	32.605850	35.307250
	חברון	מערת המכפלה			||||||	1	1	0	31.524705	35.110719
	קרית ארבע	קרית ארבע			||||||	1	1	0	31.529233	35.115352
אלקטרה אפיקים	גוש עציון	מתחם רמי לוי			||||||	1	1	0	31.642300	35.151220
אלקטרה אפיקים	קרית ארבע	תחנת דלק פז yellow			||||||	1	1	0	31.542828	35.131759
אלקטרה אפיקים	מעלה אדומים	דרך קדם, 5			||||||	1	1	0	31.771471	35.298434
הפרלמנט מרקט	ראשון לציון	גבעתי, 8			||||||	1	1	0	31.966806	34.816755
	בת ים	ירושלים, 26			||||||	1	1	0	32.025410	34.745530
	אלעד	יונתן בן עוזיאל, 20			||||||	1	1	0	32.048321	34.959889
	ירושלים	חנוך אלבק, 29			||||||	1	1	0	31.758320	35.225455
	הרצליה	שדרות ח"ן, 7			||||||	1	1	0	32.167999	34.842591
	ירושלים	שדרות גולדה מאיר, 3			||||||	1	1	0	31.796999	35.218153
	בני ברק	בר כוכבא, 7			||||||	1	1	0	32.092034	34.823734
	בני ברק	ז'בוטינסקי, 29			||||||	1	1	0	32.073682	34.811202
	רמת גן	זאב ז'בוטינסקי, 1			||||||	1	1	0	32.073814	34.808844
	ירושלים	הגננת, 218			||||||	1	1	0	31.729606	35.191491
	אלעד	רבן יוחנן בן זכאי 20			||||||	1	1	0	32.049580	34.956807
בייבי שיא	אלעד	רבי מאיר, 16			||||||	1	1	0	32.049608	34.956849
	תל אביב-יפו	דיזנגוף, 173			||||||	1	1	0	32.084951	34.774320
	אבו גוש	דובדבנים, 1			||||||	1	1	0	31.810372	35.108704
	בת ים	הרב ניסנבאום, 37			||||||	1	1	0	32.013338	34.752433
	שער אפריים	שער אפריים			||||||	1	0	0	32.292382	35.010007
	קיבוץ אייל	מערבית לקלקיליה בסמוך לקיבוץ אייל			||||||	1	0	0	32.201616	34.971682
	ירושלים	בכניסה לירושלים מצפון, ליד קלנדיה.			||||||	1	0	0	31.862214	35.227231
	יזרעאל	המעבר נמצא על כביש 60. בצומת יזרעאל יש להמשיך לכיוון דרום, צפונית לג'נין			||||||	1	0	0	32.514420	35.311367
	מעלה אדומים	עיזרייה ליד מעלה אדומים			||||||	1	0	0	31.763776	35.281565
	ירושלים	סוף דרך חברון ירושלים סמוך לקבר רחל			||||||	1	0	0	31.725933	35.204147
	תרקומיא	על כביש 35, מזרחית לתרקומיא			||||||	1	0	0	31.578243	35.014303
	עמק האלה	המעבר ממוקם על ציר 367 בין עמק האלה לגוש עציון - דרומית מזרחית לבית שמש ודרומית מערבית לצומת גוש עציון ובית לחם.			||||||	1	0	0	31.668847	35.074170
	נחלין	נחלין ליד חוסאן ליד ביתר עלית			||||||	1	0	0	31.683327	35.117605
	רמאללה	דרך רמאללה כפר עאקב			||||||	1	0	0	31.870642	35.222893
	ברטעה	מערבית לג'נין ובסמוך לברטעה			||||||	1	0	0	32.451361	35.117102
	מיתר	דרום הר חברון, סמוך ליישוב מיתר			||||||	1	0	0	31.343685	34.933603
	מודיעין עלית	המעבר נמצא על כביש 446 בין מודיעין עלית לנילי			||||||	1	0	0	31.939079	35.033911
	נתניה	אורגד, 1			||||||	1	1	0	32.344704	34.873458
	עפולה	צבי פנקס, 2			||||||	1	1	0	32.632623	35.325531
	תל אביב-יפו	נווה שאנן, 22			||||||	1	1	0	32.058675	34.779858
	ראשון לציון	הרצל, 59			||||||	1	1	0	31.967081	34.803058
	חדרה	הסיגלית, 1			||||||	1	1	0	32.431092	34.914340
	ירושלים	שמואל הנביא, 61			||||||	1	1	0	31.792465	35.223139
סופר לינק	חברון	HEVRON			||||||	1	1	0	31.532569	35.099826
סופר לינק	ג'נין	jenin			||||||	1	1	0	32.464635	35.293859
	salfeet	salfeet			||||||	1	1	0	32.085094	35.180832
	שכם	Nablus - Telfeet			||||||	1	1	0	32.222668	35.262146
סופר לינק	שכם	Nablus			||||||	1	1	0	32.222668	35.262146
	Ramallah	Ramallah			||||||	1	1	0	31.903384	35.203720
סופר לינק	ירושלים	Jerusalem			||||||	1	1	0	31.768350	35.213602
סופר לינק	טולכרם	TOLKERM			||||||	1	1	0	32.319405	35.023986
סופר לינק	קלקיליה	Qalqiya			||||||	1	1	0	32.196015	34.981513
	באר שבע	העצמאות, 10			||||||	1	1	0	31.238497	34.792468
	ירושלים	יצחק טבנקין 1			||||||	1	1	0	31.838231	35.239008
	ירושלים	הס, 3			||||||	1	1	0	31.775744	35.221273
	בת ים	הנביאים, 3			||||||	1	1	0	32.014178	34.748451
	בני ברק	סוקולוב, 2			||||||	1	1	0	32.085939	34.833765
	נס ציונה	אבנר בן נר, 1			||||||	1	1	0	31.922272	34.810419
	בת ים	אריק איינשטיין, 1			||||||	1	1	0	32.006868	34.740443
	תל אביב-יפו	עליית הנוער, 14			||||||	1	1	0	32.076761	34.802036
	חיפה	נתנזון, 16			||||||	1	1	0	32.817909	34.999549
	נס ציונה	פרופסור אברהם פצ'ורניק 17			||||||	1	1	0	31.932048	34.801280
	אשדוד	ינאי 28			||||||	1	1	0	31.805493	34.663606
	ביתר עילית	רחוב בבא סאלי, 20			||||||	1	1	0	31.693312	35.110682
	בית שמש	שדרות נחל הקישון, 19			||||||	1	1	0	31.715231	34.989902
	נשר	ברק, 2			||||||	1	1	0	32.769490	35.047463
	תל אביב-יפו	דרך חיים ברלב, 129			||||||	1	1	0	32.046521	34.802643
	ירושלים	כי"ח, 2			||||||	1	1	0	31.784001	35.214559
	אלעד	יונתן בן עוזיאל 44			||||||	1	1	0	32.048908	34.957072
	בני ברק	הרב עוזיאל, 4			||||||	1	1	0	32.076437	34.840821
	חדרה	האירוס, 2			||||||	1	1	0	32.431316	34.912577
	תל אביב-יפו	דרך מנחם בגין, 74			||||||	1	1	0	32.066538	34.784665
	תל אביב-יפו	שדרות וושינגטון, 28			||||||	1	1	0	32.055194	34.769471
	הר גריזים	מיקוד 44835			||||||	1	1	0	32.200556	35.273333
	תל אביב-יפו	בני ברק, 10			||||||	1	1	0	32.058570	34.779538
	ירושלים	רח' נתיב הַמַזָלוֹת, 23			||||||	1	1	0	31.832494	35.234867
	ירושלים	שדרות נווה יעקב, 7			||||||	1	1	0	31.840275	35.239856
	רמת שלמה	בצלאל זולטי 26			||||||	1	1	0	31.811987	35.216579
	ירושלים	משה סנה, 2			||||||	1	1	0	31.838184	35.231830
	גדרה	תחנה מרכזית גדרה			||||||	1	1	0	31.815529	34.770720
	רעננה	אחוזה, 68			||||||	1	1	0	32.179363	34.881096
	יהוד	וייצמן, 45			||||||	1	1	0	32.032872	34.892658
	קרית אונו	שלמה המלך, 37			||||||	1	1	0	32.055511	34.863594
	נתניה	שדרות טום לנטוס, 26			||||||	1	1	0	32.306939	34.869091
	ירוחם	צבי בורנשטיין, 658			||||||	1	1	0	30.986762	34.932507
	כפר סבא	ויצמן, 153			||||||	1	1	0	32.173902	34.915352
	אלעד	אבן גבירול, 23			||||||	1	1	0	32.054018	34.960531
	אור יהודה	שדרות אליהו סעדון, 120			||||||	1	1	0	32.025088	34.858155
	ערד	תחנה מרכזית ערד			||||||	1	1	0	31.256138	35.210715
	תל אביב-יפו	יצחק שדה, 21			||||||	1	1	0	32.065382	34.786992
	הוד השרון	דרך רמתיים, 35			||||||	1	1	0	32.159351	34.894491
	הרצליה	שדרות בן גוריון, 2			||||||	1	1	0	32.166995	34.842440
	קרית גת	תחנה מרכזית קרית גת			||||||	1	1	0	31.609354	34.770486
	רמת השרון	סוקולוב, 84			||||||	1	1	0	32.147408	34.839318
	תל אביב	דרך מנחם בגין, 102			||||||	1	1	0	32.069844	34.788419
	ירושלים	יחזקאל, 14			||||||	1	1	0	31.790162	35.219159
	בני ברק	עזרא, 38			||||||	1	1	0	32.078735	34.837592
	תל אביב-יפו	מרזוק ועזר, 2			||||||	1	1	0	32.055110	34.756771
	תל אביב-יפו	אלנבי, 43			||||||	0	1	0	32.070481	34.770288
	תל אביב-יפו	אלוף אלברט מנדלר, 11			||||||	0	1	0	32.072289	34.787030
	תל אביב-יפו	שדרות רוטשילד, 11			||||||	0	1	0	32.063228	34.770430
	תל אביב-יפו	טיילת הרברט סמואל 46			||||||	0	1	0	32.064063	34.762509
	חולון	התנאים, 5			||||||	1	1	0	32.005909	34.763689
	בת ים	גבעתי, 18			||||||	1	1	0	32.014285	34.746038
	בית שמש	שדרות האמוראים, 26			||||||	1	1	0	31.707371	34.967261
	חדרה	אחד העם, 13			||||||	1	1	0	32.435703	34.916938
	תל אביב	המסגר, 45			||||||	1	1	0	32.066688	34.786520
	ירושלים	הנגר, 2			||||||	1	1	0	31.787810	35.223651
	מעלה אדומים	הקרן, 9			||||||	1	1	0	31.779523	35.295979
	ירושלים	עלי הכהן 5			||||||	1	1	0	31.790922	35.223576
	מבשרת ציון	שדרות החוצבים, 20			||||||	1	1	0	31.789783	35.141404
	זכרון יעקב	קיבוץ גלויות, 9			||||||	1	1	0	32.561658	34.962214
	פתח תקווה	העצמאות, 65			||||||	1	1	0	32.074285	34.869987
	תל אביב	יונה הנביא, 12			||||||	1	1	0	32.072673	34.766016
עמותה לתיירות ונופר חיפה	חיפה	עמותה לתיירות ונופר חיפה			||||||	0	1	0	32.085300	34.781768
	קרית אתא	העצמאות, 95			||||||	1	1	0	32.810355	35.104432
	עפולה	יצחק שדה, 48			||||||	1	1	0	32.636488	35.322234
עיריית בני ברק	בני ברק	הרב רבינוב, 5			||||||	0	1	0	32.083693	34.843982
עיריית בני ברק	בני ברק	כהנמן 103			||||||	0	1	0	32.079623	34.842385
	בני ברק	אברבנאל, 60			||||||	0	1	0	32.096144	34.837806
	בני ברק	צמח צדיק, 8			||||||	0	1	0	32.075792	34.837661
	בני ברק	הירדן, 31			||||||	0	1	0	32.092167	34.838032
	בני ברק	הרב כהנמן, 103			||||||	0	1	0	32.079714	34.841909
עיריית בני ברק	בני ברק	ז'בוטינסקי, 168			||||||	0	1	0	32.092391	34.841113
עיריית בני ברק	בני ברק	ירושלים, 58			||||||	0	1	0	32.083203	34.827621
	תל אביב-יפו	שדרות הר ציון, 12			||||||	1	1	0	32.058699	34.777408
	ירושלים	הרב עוזיאל, 96			||||||	1	1	0	31.763682	35.188872
	ירושלים	שדרות הרצל, 102			||||||	1	1	0	31.780108	35.187640
	ירושלים	הרב סורוצקין, 45			||||||	1	1	0	31.799096	35.208045
	בני ברק	רבי עקיבא, 53			||||||	1	1	0	32.087090	34.828899
	בית שמש	הרב יעקב אדלשטין, 6			||||||	1	1	0	31.718684	34.983880
	מודיעין עילית	רשב"א			||||||	1	1	0	31.934087	35.049515
	חריש	יחד, 20			||||||	1	1	0	32.456183	35.059852
	עפולה	יצחק שדה, 50			||||||	1	1	0	32.635786	35.322571
	בית שמש	רבי ברכיה, 3			||||||	1	1	0	31.709227	34.962190
	בית שמש	ריש לקיש, 3			||||||	1	1	0	31.711218	34.967721
	ירושלים	שיבת ציון 10			||||||	1	1	0	31.841007	35.239812
	ירושלים	ישראל בן זאב 1			||||||	1	1	0	31.817827	35.190950
	בני ברק	אהבת שלום, 24			||||||	1	1	0	32.075116	34.837863
	מודיעין עילית	נתיבות המשפט, 101			||||||	1	1	0	31.927128	35.040190
	ירושלים	הרב גולד, 8			||||||	1	1	0	31.761845	35.197565
	בני ברק	ישראל מסלנט, 7			||||||	1	1	0	32.089259	34.827605
	בני ברק	אמרי חיים, 8			||||||	1	1	0	32.076073	34.838576
קהילת רבי עקיבא	מודיעין עילית	רבי עקיבא 23			||||||	1	1	0	31.932527	35.041993
	ירושלים	הרב חיים הלר, 8			||||||	1	1	0	31.764915	35.196613
	אלעד	אבן גבירול, 24			||||||	1	1	0	32.053403	34.959416
	מודיעין עילית	רבי יהודה הנשיא, 20			||||||	1	1	0	31.938573	35.043068
	בית ישראל	בית ישראל 3			||||||	1	1	0	31.787765	35.225422
	מודיעין עילית	רבי שמעון בר יוחאי, 53			||||||	1	1	0	31.938737	35.046565
	מודיעין עילית	רבי שמעון בר יוחאי, 21			||||||	1	1	0	31.938094	35.041549
	ירושלים	רחוב איגרות משה, 1			||||||	1	1	0	31.808270	35.224898
	מודיעין עילית	המנחת חינוך, 3			||||||	1	1	0	31.931209	35.043084
	ירושלים	שדרות נווה יעקב, 7			||||||	1	1	0	31.840250	35.239849
	ירושלים	הרב שך, 26 ירושלים			||||||	1	1	0	31.814135	35.214511
	גבעתיים	רחוב ז'בוטינסקי, 67			||||||	1	1	0	32.073221	34.817385
	ירושלים	רחוב אל קירמי 22			||||||	1	1	0	31.778160	35.231051
	מודיעין עילית	רבי יהודה הנשיא, 19			||||||	1	1	0	31.939535	35.041722
	בית שמש	מר עוקבא, 20			||||||	1	1	0	31.707966	34.965099
	כרמיאל	נתיב הלוטוס, 11			||||||	1	1	0	32.908891	35.300818
	ירושלים	הרב סורוצקין, 55			||||||	1	1	0	31.798365	35.209444
	בני ברק	אלחריזי, 5			||||||	1	1	0	32.089016	34.833407
	מודיעין עילית	רבי יהודה הנשיא, 17			||||||	1	1	0	31.939363	35.041064
	בני ברק	בן יעקב 13 בני ברק			||||||	1	1	0	32.065866	34.797679
	ירושלים	מלכי ישראל, 44			||||||	1	1	0	31.791017	35.209565
	בני ברק	קהילות יעקב, 70			||||||	1	1	0	32.071469	34.838285
	ירושלים	עו''ד יעקב רובין, 33			||||||	1	1	0	31.767553	35.220351
	ירושלים	הרב וינוגרד, 1			||||||	1	1	0	31.840478	35.247551
	בני ברק	קהילות יעקב, 72			||||||	1	1	0	32.070885	34.838074
	בני ברק	אוסישקין, 21			||||||	1	1	0	32.094689	34.838724
	רכסים	דרך הרב משקובסקי, 2			||||||	1	1	0	32.746838	35.104962
	נווה יעקב	דב בר יקר 2			||||||	1	1	0	31.841552	35.242853
שלמה רוזנברג	טבריה	דבורה הנביאה, 1			||||||	1	1	0	32.784005	35.502185
	מודיעין עילית	שערי תשובה, 4			||||||	1	1	0	31.927619	35.037880
	בני ברק	יואל, 16			||||||	1	1	0	32.090198	34.836631
	מודיעין עילית	רחוב חפץ חיים, 6			||||||	1	1	0	31.933332	35.045622
	בני ברק	יואל, 18			||||||	1	1	0	32.090266	34.836675
	אשדוד	רבי אליעזר בן הורקנוס, 3			||||||	1	1	0	31.791554	34.660540
	בני ברק	חבקוק, 20			||||||	1	1	0	32.087249	34.837840
	בני ברק	האדמו"ר מגור, 45			||||||	1	1	0	32.082859	34.836245
שלמה רוזנברג	טבריה	דרך מרן			||||||	1	1	0	32.780880	35.537092
	ירושלים	צפרירים, 16			||||||	1	1	0	31.819275	35.199726
	אלעד	אבן גבירול, 6			||||||	1	1	0	32.053250	34.957271
	עפולה	נחלת אברהם			||||||	1	1	0	32.610560	35.287941
	ירושלים	יותם, 1			||||||	1	1	0	31.763466	35.214637
	בני ברק	יעקב רוזנהיים, 6			||||||	1	1	0	32.087120	34.840344
	ירושלים	אבינדב, 19			||||||	1	1	0	31.794669	35.218836
	אלעד	יהודה הנשיא, 36			||||||	1	1	0	32.119969	34.795728
	מודיעין עילית	רבי יהודה הנשיא, 18			||||||	1	1	0	31.789793	34.665779
	ירושלים	דובר שלום, 16			||||||	1	1	0	31.797813	35.207309
	אלעד	רבי מאיר, 7			||||||	1	1	0	32.049035	34.956767
	רכסים	הורדים, 7			||||||	1	1	0	32.756370	35.096513
	בני ברק	הרב דסלר, 22			||||||	1	1	0	32.081936	34.833835
	בני ברק	פלמ"ח, 9			||||||	1	1	0	32.093777	34.839634
שלמה פרג	מודיעין עילית	נתיבות שלום, 11			||||||	1	1	0	31.927968	35.049174
	רכסים	דקל, 35			||||||	1	1	0	32.754205	35.104786
	מודיעין עילית	נתיבות שלום, 11			||||||	1	1	0	31.927968	35.049174
איילת השחר	ירושלים	ג'ולטי 16 ירושלים			||||||	1	1	0	32.094689	34.838724
	ירושלים	בית וגן, 14			||||||	1	1	0	31.771345	35.183743
	ירושלים	בר אילן, 3			||||||	1	1	0	31.795368	35.219556
ערן יעקובי	בית שמש	נחל שורק, 25			||||||	1	1	0	31.714603	34.990366
	בני ברק	רבי עקיבא, 133			||||||	1	1	0	32.085625	34.837594
	ירושלים	המור, 3			||||||	1	1	0	31.734051	35.200019
	אלעד	חוני המעגל, 32			||||||	1	1	0	32.052597	34.950408
	ירושלים	תורה ועבודה, 3			||||||	1	1	0	31.767370	35.179491
	בני ברק	האדמו"ר מגור, 48			||||||	1	1	0	32.083127	34.835952
	בני ברק	רבנו תם, 4			||||||	1	1	0	32.084259	34.835351
	בית שמש	בית שמש			||||||	1	1	0	31.749678	34.986916
	מודיעין עילית	מהריל 7			||||||	1	1	0	31.932527	35.041993
בית הכנסת חניכי הישיבות	בית שמש	אדלשטיין 24 , בית שמש			||||||	1	1	0	31.747013	34.988010
	אופקים	פיניקס 2			||||||	1	1	0	31.311309	34.623038
	ירושלים	יחזקאל, 10			||||||	1	1	0	31.789530	35.218699
	ירושלים	אריה ושבסקי 8 ירושלים			||||||	1	1	0	31.727547	35.217399
	בני ברק	שלמה המלך, 5			||||||	1	1	0	32.080084	34.840235
	בני ברק	האדמו"ר מגור, 47			||||||	1	1	0	32.082691	34.836244
	בית שמש	נחל קישון , 23			||||||	1	1	0	31.715867	34.992233
	חיפה	הרב הרצוג, 5			||||||	1	1	0	32.806622	35.001455
	בני ברק	סורוצקין 9			||||||	1	1	0	32.084983	34.835197
	צפת	צהל			||||||	1	1	0	32.966244	35.487572
	מודיעין עילית	מרומי שדה, 9			||||||	1	1	0	31.927699	35.044020
	בני ברק	ראב"ד, 20			||||||	1	1	0	32.083954	34.832015
	ירושלים	נחמיה, 14			||||||	1	1	0	31.792321	35.216267
	בני ברק	רמח"ל, 2			||||||	1	1	0	32.084510	34.829517
	אלעד	ראב"ד 20			||||||	1	1	0	32.048847	34.964528
	לוד	אלישיב 1			||||||	1	1	0	31.931809	34.908615
	ירושלים	חסידי קרלין, 9			||||||	1	1	0	31.788484	35.223533
	רמות אלון	רובין 37			||||||	1	1	0	31.814253	35.201518
	אלומה	חזון יחזקאל 85			||||||	1	1	0	31.653699	34.742572
	ירושלים	עזרא, 15			||||||	1	1	0	31.790705	35.219204
שירה חדשה	מודיעין עילית	חזון דוד, 17			||||||	1	1	0	31.925739	35.040766
	קרית יערים	הגר"א, 6			||||||	1	1	0	31.803473	35.100945
	ירושלים	שמעון חכם 6			||||||	1	1	0	31.795468	35.218962
	לוד	הרב אלישיב, 5			||||||	1	1	0	31.933876	34.898220
	ירושלים	ויקטור ויוליוס, 608			||||||	1	1	0	31.841214	35.242314
	ירושלים	רובין 32			||||||	1	1	0	31.767715	35.220066
	ירושלים	רח' אריה אלטמן, 3			||||||	1	1	0	31.828498	35.245390
	ירושלים	אליך 1			||||||	1	1	0	31.796651	35.146480
	ירושלים	סולם יעקב, 2			||||||	1	1	0	31.819067	35.201629
	בני ברק	רבי עקיבא, 35			||||||	1	1	0	32.088415	34.827066
	כרמיאל	הגליל, 31			||||||	1	1	0	32.917829	35.304303
	בני ברק	אלחריזי 3			||||||	1	1	0	32.089206	34.832320
	מודיעין עילית	נתיבות המשפט, 73			||||||	1	1	0	31.925852	35.044401
	ביתר עילית	דרכי איש, 12			||||||	1	1	0	31.699175	35.102847
	ירושלים	זכרון יעקב, 6			||||||	1	1	0	31.795639	35.200270
קופה של צדקה	בית שמש	גרוסמן 3			||||||	1	1	0	31.747470	34.990132
	מודיעין עילית	שדה חמד 11			||||||	1	1	0	31.934013	35.043035
דוד דרשן	אלעד	יהודה הנשיא 1			||||||	1	1	0	31.660372	34.577285
	בית חלקיה	התמר 3			||||||	1	1	0	31.790795	34.807971
	בני ברק	קליש, 14 מקווה קליש			||||||	1	1	0	32.087725	34.829572
	אלעד	יהודה הנשיא, 9			||||||	1	1	0	31.755810	35.201492
	בית שמש	גרוסמן 20			||||||	1	1	0	31.747470	34.990132
	נתניה	סעדיה גאון, 10			||||||	1	1	0	32.343692	34.857783
	ירושלים	בתי מחסה, 2			||||||	1	1	0	31.773940	35.232278
	ירושלים	אחינועם 18			||||||	1	1	0	31.693171	35.109879
	בני ברק	רבינא, 16			||||||	1	1	0	32.076941	34.838189
	בית שמש	נהרדעא, 8			||||||	1	1	0	31.700486	34.973892
	בית שמש	בר אילן, 61			||||||	1	1	0	31.741896	34.989562
	רכסים	חרצית, 1			||||||	1	1	0	32.754879	35.098743
	אופקים	רפאל אלנקווה, 44			||||||	1	1	0	31.304828	34.625917
	ירושלים	גולק 8			||||||	1	1	0	31.796139	35.209135
	אופקים	הרב פינקוס, 2			||||||	1	1	0	31.300916	34.620094
	בני ברק	קדושת יום טוב, 7			||||||	1	1	0	32.081166	34.837646
	ירושלים	משה זילברג, 27			||||||	1	1	0	31.759492	35.184986
	טבריה	הרב יוסף שלום אליישיב, 1			||||||	1	1	0	32.782567	35.503829
	ירושלים	רבי נחמן מברסלב, 7			||||||	1	1	0	31.787678	35.218708
	ירושלים	עזרת תורה 47			||||||	1	1	0	31.786096	35.217680
	בית שמש	מרים הנביאה, 14			||||||	1	1	0	31.701672	34.992729
	מודיעין עילית	רחוב רבי עקיבא, 23			||||||	1	1	0	31.941175	35.041885
עטרת שלמה	מודיעין עילית	רחוב נודע ביהודה, 36			||||||	1	1	0	31.935675	35.042951
	מודיעין עילית	מרומי שדה, 13			||||||	1	1	0	31.926552	35.043655
	קרית גת	בית יוסף, 45			||||||	1	1	0	31.618477	34.754777
	מודיעין עילית	רחוב רבי עקיבא, 27			||||||	1	1	0	31.940810	35.042883
ספריית בית יוסף	מודיעין עילית	שדי חמד 11, מודיעין עילית			||||||	1	1	0	31.932878	35.042728
	בני ברק	הרב ש"ך, 35			||||||	1	1	0	32.089977	34.835459
	ירושלים	קהילת אונגוואר, 76			||||||	1	1	0	31.819672	35.196142
	בית שמש	אביי, 3			||||||	1	1	0	31.705160	34.975080
	ירושלים	שמואל הנביא, 79			||||||	1	1	0	31.793822	35.220744
	אופקים	שעורה,14			||||||	1	1	0	31.299414	34.620029
	ירושלים	דברי חיים, 2			||||||	1	1	0	31.796276	35.210574
ישיבת שטרנבוך	בית שמש	מר עוקבא 20			||||||	1	1	0	31.707171	34.983942
	ירושלים	הרב סורוצקין, 3			||||||	1	1	0	31.795135	35.204078
כולל נטיפי דבש	מודיעין עילית	נתיבות המשפט, 81			||||||	1	1	0	31.924599	35.042722
	ביתר עילית	בעל שם טוב, 5			||||||	1	1	0	31.696979	35.123486
	בית שמש	ריש לכיש, 3			||||||	1	1	0	31.713920	34.965510
	ירושלים	בית ישראל, 3			||||||	1	1	0	31.788331	35.224155
בית הכנסת בני הישיבות	מודיעין עילית	שדרות מפונוביז 7 מודיעין עילית			||||||	1	1	0	31.932527	35.041993
	בית שמש	השלושה, 7			||||||	1	1	0	31.703330	35.004778
	ירושלים	פנים מאירות, 1			||||||	1	1	0	31.797229	35.200159
	בני ברק	עזרא, 35			||||||	1	1	0	32.077577	34.837244
	ירושלים	בית ישראל, 20			||||||	1	1	0	31.789362	35.224468
	מודיעין עילית	רמבם 22			||||||	1	1	0	31.816120	35.204659
	בית שמש	האדמו"ר מבעלזא, 8			||||||	1	1	0	31.732123	34.990676
	נתניה	בני יששכר 6 נתניה			||||||	1	1	0	32.343313	34.855568
	ירושלים	חזון אי"ש, 54			||||||	1	1	0	31.809122	35.219248
	בני ברק	סירקין, 10			||||||	1	1	0	32.091198	34.834525
	אלעד	רבי יהודה הנשיא, 17			||||||	1	1	0	32.052301	34.948543
	ירושלים	אבן האזל, 17			||||||	1	1	0	31.796474	35.213306
	בית שמש	אביי, 7			||||||	1	1	0	31.705561	34.975014
	רכסים	חזון איש, 1			||||||	1	1	0	32.749835	35.106072
	ירושלים	שמגר, 23			||||||	1	1	0	31.794903	35.207719
	ירושלים	צונדק 129			||||||	1	1	0	32.085596	34.842254
	קרית גת	נועם ישראל , 3			||||||	1	1	0	31.617174	34.751691
	ירושלים	זריצקי 1			||||||	1	1	0	31.802496	35.187670
	ירושלים	בית ישראל 22			||||||	1	1	0	31.798986	35.221625
	בית שמש	נהרדעא, 24			||||||	1	1	0	31.700725	34.969533
	ירושלים	ויקטור ויוליוס, 608			||||||	1	1	0	31.840923	35.242679
	ירושלים	ויקטור ויוליוס, 608			||||||	1	1	0	31.840819	35.242592
	ירושלים	גבעת שאול, 7			||||||	1	1	0	31.791652	35.194389
	קרית גת	האדמו"ר מחב"ד, 6			||||||	1	1	0	31.618367	34.752775
	טבריה	הרב אליישיב 20			||||||	1	1	0	32.780124	35.537593
	מודיעין עילית	הריטב"א, 1			||||||	1	1	0	31.927709	35.047292
	בית שמש	אדלשטיין 22			||||||	1	1	0	31.747013	34.988010
	ירושלים	צפניה, 23			||||||	1	1	0	31.791157	35.217535
	מודיעין עילית	רח' שדי חמד, 6			||||||	1	1	0	31.933953	35.045298
	מודיעין עילית	נתיבות המשפט, 71			||||||	1	1	0	31.925972	35.044542
	ראשון לציון	רבי עקיבא, 12			||||||	1	1	0	31.947335	34.824822
	ירושלים	הנביאים, 14			||||||	1	1	0	31.782684	35.228306
	תל אביב-יפו	דרך מנחם בגין, 110			||||||	1	1	0	32.070648	34.789288
	ירושלים	מלכי ישראל, 45			||||||	1	1	0	31.789152	35.215214
	ירושלים	גבעת שאול, 25			||||||	1	1	0	31.792510	35.190871
	חדרה	שדרות רוטשילד, 3			||||||	1	1	0	32.432520	34.919434
	ירושלים	מעלות דושינסקי, 9			||||||	1	1	0	31.802382	35.217467
	רחובות	דונדיקוב, 9			||||||	1	1	0	31.895346	34.813235
	תל אביב-יפו	דרך שלמה, 106			||||||	1	1	0	32.054739	34.775527
	עמנואל	חת"ם סופר, 1			||||||	1	1	0	32.161762	35.132790
	חצור הגלילית	בן גוריון, 21			||||||	1	1	0	32.981569	35.544745
	זכרון יעקב	דרך שרה, 32			||||||	1	1	0	32.566637	34.960239
	אשדוד	רשב"י, 4			||||||	1	1	0	31.790169	34.660891
	באר שבע	הצדיק מירושלים, 2			||||||	1	1	0	31.273367	34.782422
	ירושלים	ארץ חפץ, 106			||||||	1	1	0	31.794921	35.223492
	תל אביב-יפו	הירקון, 98			||||||	1	1	0	32.078958	34.767951
	חדרה	אדם יקותיאל, 7			||||||	1	1	0	32.415782	34.951788
	תל אביב-יפו	אלנבי, 71			||||||	1	1	0	32.067576	34.771330
	ירושלים	רש"י, 99			||||||	1	1	0	31.787619	35.208516
	עין בוקק	קניונית ים המלח עין בוקק			||||||	1	1	0	31.200156	35.362522
	חדרה	הגשמה, 18			||||||	0	0	0	32.461554	35.054647
	ירושלים	בית חנינא החדשה 81			||||||	1	1	0	31.829060	35.225318
	ירושלים	שדרות גולדה מאיר, 1			||||||	1	1	0	31.797427	35.217449
	ירושלים	גבעת שאול, 13			||||||	1	1	0	31.791920	35.193399
	ירושלים	ירמיהו, 22			||||||	1	1	0	31.792459	35.212361
	רמות פולין	רמות פולין 60 / ארי המסתרים			||||||	1	1	0	31.820484	35.194085
	ירושלים	הרב סורוצקין, 38			||||||	1	1	0	31.797501	35.205824
	ירושלים	בית ישראל, 2			||||||	1	1	0	31.788067	35.223663
	חולון	שדרות קוגל, 34			||||||	1	1	0	32.024149	34.774227
	בית"ר עילית	אלעזר המודעי, 20			||||||	1	1	0	31.762674	35.213478
	גבעתיים	כצנלסון, 119			||||||	1	1	0	32.077167	34.815132
	תל אביב-יפו	יגאל אלון, 51			||||||	1	1	0	32.061495	34.791515
	תל אביב-יפו	שמחה הולצברג, 7			||||||	1	1	0	32.031964	34.744959
	ירושלים	אוהב ישראל, 1			||||||	1	1	0	31.788233	35.223661
	נוף הגליל	הגפן, 16			||||||	1	1	0	32.693139	35.319177
	טבריה	אור חיים, 1			||||||	1	1	0	32.778846	35.518910
	מגדל העמק	המסגר, 1			||||||	1	1	0	32.665343	35.243724
	בני ברק	אהרונוביץ', 19			||||||	1	1	0	32.091267	34.839513
	ירושלים	אגריפס, 62			||||||	1	1	0	31.784036	35.212602
	מבשרת ציון	הצור, 3			||||||	1	1	0	31.789762	35.139198
	ירושלים	התנופה, 16			||||||	1	1	0	31.751175	35.214312
	פתח תקווה	דרך מנחם בגין 88			||||||	1	1	0	32.056611	34.855014
	עמנואל	בעל שם טוב, 32			||||||	1	1	0	32.084969	34.835992
	מגדל העמק	זבולון, 34			||||||	1	1	0	32.681422	35.233130
	נווה אטי"ב	מזכירות נוווה אטי"ב			||||||	0	1	0	33.261212	35.740043
	נתניה	שער העמק, 4			||||||	1	1	0	32.329156	34.857537
	ירושלים	סן מרטין 27			||||||	1	1	0	31.788911	35.247559
	תל אביב-יפו	שדרות הר ציון, 17			||||||	1	1	0	32.057554	34.777172
	קרית גת	שדרות העצמאות, 187			||||||	1	1	0	31.604014	34.763655
	ירוחם	הרצל 41			||||||	1	1	0	30.988506	34.927951
	ירושלים	רחובות הבוכרים, 2			||||||	1	1	0	31.791364	35.220567
	ירושלים	נווה יעקוב			||||||	1	1	0	31.840953	35.240483
	עפולה	אבן גבירול, 8			||||||	1	1	0	32.624458	35.324518
	לוד	יחד שבטי ישראל 32			||||||	1	1	0	31.928608	35.039783
	ירושלים	מאה שערים, 86			||||||	1	1	0	31.786195	35.224142
	פתח תקווה	אבשלום גיסין, 80			||||||	1	1	0	32.097632	34.863896
	בת ים	יוספטל, 31			||||||	1	1	0	32.017555	34.744842
	בית שמש	שדרות האמוראים, 18			||||||	1	1	0	31.706126	34.971752
	ירושלים	בית וגן, 113			||||||	1	1	0	31.763851	35.187603
	אשדוד	מנחם בגין ,7			||||||	1	1	0	31.770041	34.625801
	ירושלים	סוקולוב 2			||||||	1	1	0	31.773160	35.219698
	חיפה	ארלוזורוב, 80			||||||	1	1	0	32.807495	34.994876
	ירושלים	ראובן גמזון, 2			||||||	1	1	0	31.842428	35.239807
	בת ים	שדרות העצמאות, 79			||||||	1	1	0	32.029444	34.749546
	פתח תקווה	לוחמי הגטו, 33			||||||	1	1	0	32.078839	34.875956
	תל אביב-יפו	דרך יפו, 43			||||||	1	1	0	32.060690	34.773169
	פתח תקווה	יעקב קרול, 4			||||||	1	1	0	32.090832	34.878014
	חולון	סוקולוב, 12			||||||	1	1	0	32.022924	34.771399
	נוף הגליל	דרך אריאל שרון, 13			||||||	1	1	0	32.694617	35.313156
	תל אביב-יפו	שדרות ירושלים, 206			||||||	1	1	0	32.034065	34.751634
	קריית ביאליק	קרן היסוד 84			||||||	1	1	0	32.836856	35.089512
	קרית אתא	זבולון, 71			||||||	1	1	0	32.803999	35.094801
	יוקנעם עילית	הפטל, 2			||||||	1	1	0	32.638613	35.081950
	חדרה	הנשיא וייצמן, 70			||||||	1	1	0	32.779745	35.510420
	ירושלים	הרב ש. שאולזון, 49			||||||	1	1	0	31.785676	35.173954
	ירושלים	התעשייה, 4			||||||	1	1	0	31.748857	35.215103
	יבנה	אבו חצירא, 6			||||||	1	1	0	31.873815	34.746134
	בית שמש	נהרדעא, 16			||||||	1	1	0	31.700513	34.971987
	אור עקיבא	העצמאות, 38			||||||	1	1	0	32.513617	34.922258
	אור עקיבא	זבוטינסקי 1			||||||	1	1	0	32.510769	34.919736
	באר שבע	הנרי קנדל, 4			||||||	1	1	0	31.244033	34.784653
	ירושלים	הרב אור שרגא, 5			||||||	1	1	0	31.825361	35.190265
	בני ברק	אהבת שלום, 4			||||||	1	1	0	32.076496	34.836625
	פתח תקווה	גוטמן 16			||||||	1	1	0	32.083937	34.887934
	פתח תקווה	יהושע שטמפפר, 17			||||||	1	1	0	32.090197	34.885618
	ראשון לציון	יהודה לייב פינסקר, 12			||||||	1	1	0	31.965763	34.807523
	ראשון לציון	החלוץ, 6			||||||	1	1	0	31.986584	34.788898
	חולון	ההסתדרות 60			||||||	1	1	0	32.065860	34.802914
	גבעת זאב	האיילות, 41			||||||	1	1	0	31.866867	35.148827
	אשקלון	הרצל, 44			||||||	1	1	0	31.665261	34.586631
	אופקים	קיבוץ גלויות, 25			||||||	1	1	0	31.319193	34.614374
	אופקים	הרצל, 5			||||||	1	1	0	31.305507	34.618844
	אופקים	ירושלים, 51			||||||	1	1	0	31.299287	34.627511
	בית שמש	רבא, 2			||||||	1	1	0	31.704184	34.973845
	חולון	כיכר סטרומה, 1			||||||	1	1	0	32.023559	34.770039
	צפת	ההסתדרות, 328			||||||	1	1	0	32.967299	35.504263
	ירושלים	הפסגה, 58			||||||	1	1	0	31.765098	35.184770
	ירושלים	בית לחם, 17			||||||	1	1	0	31.760895	35.222623
	מצפה רמון	עין עבדת, 1			||||||	1	1	0	30.610964	34.798543
	ירושלים	ירמיהו, 36			||||||	1	1	0	31.792540	35.207749
	ירושלים	עמוס, 16			||||||	1	1	0	31.789998	35.216209
	נתניה	ישראל זנגוויל, 16			||||||	1	1	0	32.330877	34.861181
	נתניה	דיזנגוף, 12			||||||	1	1	0	32.331055	34.854791
	נתניה	ישראל זנגוויל 16			||||||	1	1	0	31.766022	35.177111
	מודיעין עילית	מהרי"ל 16			||||||	1	1	0	31.929846	35.048012
	באר שבע	חיל הנדסה, 2			||||||	1	1	0	31.243331	34.812547
	שורש	החרוב, 1			||||||	1	1	0	31.797487	35.065296
	בית מאיר	הצפצפה, 1			||||||	1	1	0	31.793467	35.035044
	אלעד	רבנו בחיי, 9			||||||	1	1	0	32.047690	34.960786
	חולון	הרוקמים, 26			||||||	1	1	0	32.007830	34.800502
	קרית גת	שדרות לכיש, 33			||||||	1	1	0	31.610757	34.771803
	בת ים	מסריק, 23			||||||	1	1	0	32.019700	34.740374
	בית שמש	שדרות האמוראים, 35			||||||	0	1	0	31.703521	34.965189
	בית שמש	אביי, 11			||||||	0	1	0	31.706405	34.973316
	בית שמש	שדרות נהר הירדן, 1			||||||	0	1	0	31.736521	34.993268
	אשקלון	הגבורה, 1			||||||	1	1	0	31.665455	34.562950
	ירושלים	הורקניה, 4			||||||	1	1	0	31.755325	35.203099
	תל אביב-יפו	הרכבת, 22			||||||	1	1	0	32.063342	34.778517
	חדרה	הרברט סמואל, 91			||||||	1	1	0	32.435657	34.923089
	ירושלים	מאה שערים, 4			||||||	1	1	0	31.788035	35.220000
	ירושלים	הישיבה 1			||||||	1	1	0	31.796731	35.147377
	רכסים	השקד, 1			||||||	1	1	0	32.751438	35.105658
	ירושלים	עולי הגרדום, 2			||||||	1	1	0	31.752832	35.234256
	ירושלים	המ"ג, 5			||||||	0	1	0	31.790714	35.200012
	בני ברק	רחוב זאב ז'בוטינסקי, 9			||||||	1	1	0	32.092060	34.825777
	בני ברק	הרב הרצוג, 28			||||||	1	1	0	32.087330	34.825573
	ירושלים	אברהם גרנות, 4			||||||	1	1	0	31.769776	35.203302
	ראש העין	שילה, 99			||||||	1	1	0	32.087212	34.958715
	תל אביב-יפו	שלמה אבן גבירול, 10			||||||	1	1	0	32.072430	34.781993
	נתיבות	שלום בונייך, 1			||||||	1	1	0	31.426715	34.587798
	אופקים	צה"ל, 5			||||||	1	1	0	31.312318	34.619734
	ירושלים	שדרות גולדה מאיר, 255			||||||	1	1	0	31.817808	35.194674
	תל אביב-יפו	שדרות הר ציון, 10			||||||	1	1	0	32.058933	34.777549
	גבעת שמואל	שדרות מנחם בגין, 30			||||||	1	1	0	32.077426	34.854328
	לוד	יחד שבטי ישראל, 36			||||||	1	1	0	31.939794	34.899602
	תל אביב-יפו	הגדוד העברי, 38			||||||	1	1	0	32.059166	34.777838
	באר שבע	סנהדרין, 146			||||||	1	1	0	31.269139	34.788172
	ירושלים	הושע 14			||||||	1	1	0	32.065162	34.785789
	נתניה	נביאים 3			||||||	1	1	0	32.297101	34.856674
	בת ים	שדרות העצמאות, 63			||||||	1	1	0	32.026852	34.748106
	פתח תקווה	גליס 47			||||||	1	1	0	32.176478	34.927478
	אשדוד	הרותם, 29			||||||	1	1	0	31.789435	34.652237
	תל אביב-יפו	דרך ההגנה, 80			||||||	1	1	0	32.053678	34.790718
	חדרה	מרדכי רודין, 3			||||||	1	1	0	32.437062	34.920623
	ראש העין	הרב שלום שבזי 30, ראש העין			||||||	1	0	0	32.096251	34.943846
	ירושלים	דהומיי, 3			||||||	1	1	0	31.756764	35.167007
	אשדוד	נתן אלבז, 12			||||||	1	1	0	31.796041	34.653974
	אשדוד	הכלנית, 16			||||||	1	1	0	31.785000	34.653539
	רמת גן	ביאליק, 56			||||||	1	1	0	32.084515	34.813435
	חולון	ההסתדרות, 60			||||||	1	1	0	32.016785	34.774775
	אשדוד	יוספטל, 21			||||||	1	1	0	31.805875	34.653873
	מודיעין עילית	נתיבות המשפט, 22			||||||	1	1	0	31.931312	35.045609
	ירושלים	שמואל הנביא, 110			||||||	1	1	0	31.796336	35.219417
	בני ברק	הירדן, 35			||||||	1	1	0	32.092050	34.838697
	בני ברק	רבי עקיבא, 122			||||||	1	1	0	32.085674	34.834885
	ראשון לציון	ירושלים, 120			||||||	1	1	0	31.960015	34.828642
	ירושלים	נתן שטראוס, 36			||||||	1	1	0	31.787904	35.218678
	ירושלים	שלומציון המלכה, 2			||||||	1	1	0	31.780223	35.221179
	ביתר עילית	רח' הר"ן, 9			||||||	1	1	0	31.704109	35.117892
	גבעתיים	מצולות ים, 11			||||||	1	1	0	32.062216	34.806626
	ירושלים	הגננת, 240			||||||	1	1	0	31.731729	35.193752
	בית שמש	שדרות האמוראים, 68			||||||	1	1	0	31.701618	34.969319
	נוף הגליל	ארבל, 16			||||||	1	1	0	32.711108	35.323986
	ראשון לציון	הרצל 2			||||||	1	1	0	31.959362	34.802523
	רמת גן	שלם, 33			||||||	1	1	0	32.050056	34.814877
	קרית גת	שדרות אבני חושן, 1			||||||	1	1	0	31.627481	34.765375
	נתניה	שדרות חיים וייצמן, 3			||||||	1	1	0	32.328792	34.858339
	ירושלים	צפניה, 35			||||||	1	1	0	31.791667	35.216390
	חולון	אליעזר הופיין, 31			||||||	1	1	0	32.014046	34.768994
	נתניה	פתח תקווה, 76			||||||	1	1	0	32.318395	34.857782
	רחובות	דרך ירושלים, 15			||||||	1	1	0	31.890360	34.830238
	חדרה	האלונים, 1			||||||	1	1	0	32.423651	34.945636
	ירושלים	קק"ל 13			||||||	1	1	0	31.768326	35.213718
	פתח תקווה	אחד העם, 28			||||||	1	1	0	32.084217	34.888452
	בני ברק	אהרונוביץ', 22			||||||	1	1	0	32.088186	34.838611
	חולון	הנשיאים 3 חולון			||||||	1	1	0	32.000877	34.772608
	בני ברק	ראב"ד, 26			||||||	1	1	0	32.083397	34.831908
	רמת השרון	סינימה סיטי גלילות			||||||	1	1	0	32.146903	34.804420
	פתח תקווה	חפץ חיים, 19			||||||	1	1	0	32.083402	34.887374
	רמת גן	ביאליק, 61			||||||	1	1	0	32.084737	34.812458
	גבעתיים	אריאל שרון, 10			||||||	1	1	0	32.080073	34.799811
	באר שבע	שדרות דוד טוביהו, 125			||||||	1	1	0	31.250296	34.771883
	ראשון לציון	הרצל, 64			||||||	1	1	0	31.965397	34.802676
	ירושלים	מאה שערים, 19			||||||	1	1	0	31.788012	35.219643
	אשדוד	אברהם שפירא 36			||||||	1	1	0	31.788659	34.649586
שפע מרקט	אשדוד	הצבעוני, 13			||||||	1	1	0	31.878197	34.747311
	ירושלים	מלכי ישראל, 15			||||||	1	1	0	31.788783	35.216712
	בית שמש	ירמיהו הנביא, 6			||||||	1	1	0	31.700930	34.982151
	יהוד מונוסון	דרך העצמאות, 50			||||||	1	1	0	32.027910	34.890615
	נתניה	פינסקר, 15			||||||	1	1	0	32.326305	34.858619
	אשדוד	מבוא הנרקיס 2			||||||	1	1	0	31.804342	34.655070
סופר שופ	בת ים	בלפור, 73			||||||	1	1	0	32.023126	34.745478
	תל אביב-יפו	יונה קרמנצקי, 2			||||||	1	1	0	32.066800	34.793637
	נתניה	פתח תקווה, 42			||||||	1	1	0	32.321591	34.859357
	תל אביב-יפו	ד"ר ג'ורג' וייז, 20			||||||	1	1	0	32.107663	34.802889
	ראשון לציון	האחים זייגר, 9			||||||	1	1	0	31.971665	34.798913
	ראשון לציון	שדרות זלמן שניאור, 16			||||||	1	1	0	31.984556	34.787315
	רכסים	הנרקיסים, 6			||||||	1	1	0	32.756254	35.102285
	פרדסיה	שדרות הנשיא, 1			||||||	1	1	0	32.304592	34.902132
	אזור	העלייה השנייה, 43			||||||	1	1	0	32.024929	34.802841
	ירושלים	לייב דיין, 1			||||||	1	1	0	31.787612	35.222473
	רחובות	ביל"ו, 64			||||||	1	1	0	31.894816	34.810677
	טבריה	אלחדיף, 5			||||||	1	1	0	32.792885	35.534901
	• ירושלים, القدس, Jerusalem, Y	שדרות גולדה מאיר, 255			||||||	1	1	0	31.817773	35.194409
	יהוד מונוסון	אשכנזי, 21			||||||	1	1	0	32.029297	34.891650
	ירושלים	אל משאהד, 100			||||||	1	1	0	31.730639	35.221442
	אור יהודה	שדרות אליהו סעדון, 126			||||||	1	1	0	32.025774	34.859097
	ראשון לציון	הרצל, 4			||||||	1	1	0	31.971907	34.806157
	ראשון לציון	נחמיה, 105			||||||	1	1	0	31.949026	34.826782
	אשדוד	שדרות הפלמ"ח, 40			||||||	1	1	0	31.795715	34.662458
	בני ברק	ירושלים, 52			||||||	1	1	0	32.083295	34.829048
	מודיעין עילית	רבי שמעון בר יוחאי, 49			||||||	0	1	0	31.938454	35.046355
	ירושלים	רחוב אברהם אידלזון, 26			||||||	1	1	0	31.819200	35.190536
	גבעת שאול	בית הדפוס 7			||||||	1	1	0	31.790433	35.194580
	פתח תקווה	כצנלסון, 10			||||||	1	1	0	32.087655	34.875583
	עפולה	קפלן, 4			||||||	1	1	0	32.630434	35.326521
	באר שבע	הצדיק מירושלים, 2			||||||	1	1	0	31.274179	34.784989
	באר שבע	יצחק אבינו, 5			||||||	1	1	0	31.260962	34.794967
	נתיבות	שד' ירושלים 1			||||||	1	1	0	31.421175	34.572398
	ירושלים	ירמיהו, 68			||||||	1	1	0	31.791291	35.202809
	כפר יונה	עולי הגרדום, 52			||||||	1	1	0	32.318650	34.941763
	תל אביב-יפו	לה גווארדיה, 76			||||||	1	1	0	32.058894	34.800960
	חיפה	הרצל, 6			||||||	1	1	0	32.812678	34.996096
	ראשון לציון	רוטשילד, 110			||||||	1	1	0	31.964736	34.792391
	ירושלים	הנביאים, 67			||||||	1	1	0	31.784926	35.215637
	ירושלים	אגריפס, 79			||||||	1	1	0	31.783772	35.213253
	תל שבע	אלברק			||||||	1	1	0	31.242461	34.859651
	ירושלים	הנצי"ב, 8			||||||	1	1	0	31.781662	35.213795
	בית שמש	מנחת יצחק, 15			||||||	1	1	0	31.738208	34.993935
	מודיעין עילית	רבי שמעון בר יוחאי 22			||||||	1	1	0	31.937725	35.042265
	עפולה	יצחק שדה, 50			||||||	1	1	0	32.636149	35.322675
	בית שמש	נחל שחם, 8			||||||	1	1	0	31.713350	34.989967
	ירושלים	בית ישראל, 17			||||||	1	1	0	31.789510	35.224360
	ביתר עילית	רחוב קדושת לוי, 120			||||||	1	1	0	31.699158	35.101081
	בני ברק	חזון אי"ש, 43			||||||	1	1	0	32.080835	34.834724
	ירושלים	ראובן מס, 132			||||||	0	0	0	31.810419	35.198038
	אשדוד	רבי ינאי, 11			||||||	1	1	0	31.787464	34.666291
	מודיעין עילית	רשב"א, 12			||||||	1	1	0	31.932640	35.048879
	בני ברק	רבי אבא גרוסברד 7			||||||	1	1	0	32.083255	34.832754
	ביתר עילית	כנסת יחזקאל, 26			||||||	1	1	0	31.694627	35.103148
	ביתר עילית	פחד יצחק, 13			||||||	1	1	0	31.701641	35.114855
	גבעת זאב	האיילות, 3			||||||	1	1	0	31.864721	35.143407
	ירושלים	רח מרדכי בוקסבוים, 12			||||||	1	1	0	31.813573	35.219240
	מודיעין עילית	אור החיים, 11			||||||	1	1	0	31.932878	35.042728
	ירושלים	אהרון אשכולי, 109			||||||	1	1	0	31.812068	35.195080
	אשדוד	חטיבת הנגב, 35			||||||	1	1	0	31.800140	34.664818
	בית שמש	אוהל יהושע, 10			||||||	1	1	0	31.735429	34.990025
	מודיעין עילית	נתיבות המשפט, 81			||||||	1	1	0	31.924533	35.042750
	מודיעין עילית	משך חכמה, 41			||||||	1	1	0	31.931896	35.038947
	מודיעין עילית	נתיבות המשפט, 40			||||||	1	1	0	31.929318	35.044547
	ביתר עילית	חתם סופר 8			||||||	1	1	0	31.936715	35.043771
	ביתר עילית	חפץ חיים, 9			||||||	1	1	0	31.694440	35.114318
	ירושלים	טולדנו 27			||||||	1	1	0	31.928169	35.044695
	אשדוד	חטיבת גבעתי, 3			||||||	1	1	0	31.802865	34.663078
	ירושלים	שירת הים, 5			||||||	1	1	0	31.817953	35.199926
	ביתר עילית	מעזריטש 22			||||||	1	1	0	31.703138	35.114533
	ירושלים	הפסגה, 70			||||||	1	1	0	31.764298	35.185860
	ירושלים	זכרון יעקב, 110			||||||	1	1	0	31.793676	35.202278
	תפרח	הישיבה, 1			||||||	1	1	0	31.323974	34.678530
	מודיעין עילית	רחוב רבי עקיבא, 4			||||||	1	1	0	31.939494	35.039303
	יד בנימין	חבקוק, 6			||||||	1	1	0	31.792445	34.819406
	מודיעין עילית	מסילת יוסף, 17			||||||	1	1	0	31.927841	35.042886
	ירושלים	מלכי ישראל, 11			||||||	1	1	0	31.788674	35.216983
	בני ברק	רשב"ם, 23			||||||	1	1	0	32.078565	34.836858
	בני ברק	רבי עקיבא, 80			||||||	1	1	0	32.086325	34.829914
	בני ברק	אהרונוביץ', 10			||||||	1	1	0	32.091171	34.838966
	ביתר עילית	הרב יעקב מוצפי, 36			||||||	1	1	0	31.695280	35.102712
	מודיעין עילית	רשב"י 7			||||||	1	1	0	31.804427	34.655092
	ירושלים	רח' אַבְרָהָם רֵיקָנָטי, 1			||||||	1	1	0	31.814992	35.194034
	ביתר עילית	הרבי מנדבורנא, 3			||||||	1	1	0	31.692887	35.111266
	ביתר עילית	אוהב ישראל 30			||||||	1	1	0	32.095094	34.838125
	אשדוד	רבי מאיר בעל הנס, 38			||||||	1	1	0	31.788396	34.662315
	עפולה	הנרייטה סולד 6			||||||	1	1	0	32.098202	34.837193
	מודיעין עילית	רבי יהודה הנשיא 168			||||||	1	1	0	31.939418	35.042463
	אשדוד	רבי מאיר בעל הנס, 14			||||||	1	1	0	31.789608	34.659776
	ירושלים	הרב אלמושנינו, 1			||||||	1	1	0	31.813963	35.218846
	בני ברק	רבי עקיבא, 130			||||||	1	1	0	32.085493	34.836973
	אשדוד	חטיבת הנגב, 33			||||||	1	1	0	31.800521	34.664724
	ירושלים	בעל השאילתות, 25			||||||	1	1	0	31.790826	35.193593
	מודיעין עילית	רחוב רבי עקיבא, 23			||||||	1	1	0	31.941031	35.041785
	ירושלים	ראובן מס, 132			||||||	0	0	0	31.810413	35.198032
	מודיעין עילית	רבי שמעון בר יוחאי, 33			||||||	1	1	0	31.937354	35.043681
	טבריה	יצחק בן צבי, 6			||||||	1	1	0	32.779094	35.515341
	בית שמש	יונה בן אמיתי, 28			||||||	1	1	0	31.704047	34.987910
	עפולה	האירוסים, 51			||||||	1	1	0	32.614691	35.330931
	ירושלים	מלכי ישראל, 14			||||||	1	1	0	31.788922	35.216970
	ירושלים	הרב סורוצקין, 43			||||||	1	1	0	31.799373	35.206681
	ירושלים	הרב שך, 10			||||||	1	1	0	31.811829	35.213522
	גבעת זאב	האתרוג, 89			||||||	1	1	0	31.856407	35.164499
	מודיעין עילית	חפץ חיים 1			||||||	1	1	0	31.817173	35.197118
	אשדוד	הרותם, 29			||||||	1	1	0	31.789487	34.651933
	מודיעין עילית	הריטב"א, 1			||||||	1	1	0	31.927603	35.047326
	מודיעין עילית	מסילת יוסף, 1			||||||	1	1	0	31.932796	35.045902
	קריית ביאליק	שבטי ישראל, 6			||||||	1	1	0	32.840238	35.088848
	מודיעין עילית	רמב"ם, 4			||||||	1	1	0	31.931025	35.048348
	ירושלים	יפו, 224			||||||	1	1	0	31.789034	35.203325
	ראשון לציון	הרצל, 73			||||||	1	1	0	31.965518	34.803063
	ראשון לציון	ירושלים, 1			||||||	1	1	0	31.962079	34.808177
	ירושלים	אביר יעקב, 2			||||||	1	1	0	31.840894	35.250166
	דימונה	שדרות יגאל אלון, 501			||||||	1	1	0	31.063595	35.037756
	טבריה	הבנים 1			||||||	1	1	0	32.786031	35.541344
	בני ברק	מבצע קדש, 55			||||||	1	1	0	32.098000	34.828636
	חולון	שדרות דב הוז 41			||||||	1	1	0	32.018002	34.770623
	תל אביב-יפו	הברזל, 6			||||||	1	1	0	32.106778	34.835867
	ראשון לציון	מורדי הגטאות, 69			||||||	1	1	0	31.954105	34.824621
	גני מודיעין	אבי דוד 2			||||||	1	1	0	31.930772	35.017131
	ביתר עילית	הרב שך, 14			||||||	1	1	0	31.701756	35.106162
	ראש העין	יהושע בן נון, 77			||||||	1	1	0	32.105061	34.942344
	חיפה	הרצל, 11			||||||	1	1	0	32.812525	34.996711
	חולון	שדרות קוגל, 31			||||||	1	1	0	32.023984	34.774822
	בית שמש	חיים לסקוב,1			||||||	1	1	0	31.742675	34.985946
	ירושלים	חנה, 21			||||||	1	1	0	31.793588	35.212331
	ירושלים	מאיר גרשון, 38			||||||	1	1	0	31.819586	35.249107
	בית שמש	נחל עין גדי			||||||	1	1	0	31.714394	34.984226
	ירושלים	נתן שטראוס, 11			||||||	1	1	0	31.785010	35.218683
	חיפה	הרצליה, 6			||||||	1	1	0	32.812271	34.993729
	זכרון יעקב	הרב עזריאלי, 4			||||||	1	1	0	32.564784	34.959243
	3	חורה			||||||	1	1	0	31.292493	34.942415
	ירושלים	האדמו"ר מבעלז, 2			||||||	1	1	0	31.796385	35.206837
	חיפה	שמריהו לוין, 9			||||||	1	1	0	32.812553	34.997438
	אשקלון	העבודה, 14			||||||	1	1	0	31.666510	34.591294
	אשדוד	דב גור,36			||||||	1	1	0	31.791863	34.655474
	מודיעין עילית	מסוף אוטובוסים מסילת ישרים			||||||	1	1	0	31.932758	35.037870
	ראשון לציון	מרדכי פופל, 9			||||||	1	1	0	31.970201	34.815469
	גבעת זאב	האיילות, 41			||||||	1	1	0	31.866925	35.148730
	חדרה	הנרייטה סולד, 11			||||||	1	1	0	32.435726	34.928509
	חולון	מקווה ישראל, 12			||||||	1	1	0	32.028002	34.777449
	אשקלון	הרצל, 12			||||||	1	1	0	31.662228	34.587401
	בת ים	שדרות העצמאות, 7			||||||	1	1	0	32.022723	34.741159
	בית שמש	שדרות האמוראים, 33			||||||	1	1	0	31.703670	34.965160
	בני ברק	דב הוז, 6			||||||	1	1	0	32.093255	34.837260
	פתח תקווה	קפלן, 45			||||||	1	1	0	32.082891	34.867868
	בית שמש	רבי יהושע, 7			||||||	1	1	0	31.730971	34.992642
	צפת	ירושלים, 7			||||||	1	1	0	32.969130	35.496708
	חולון	פרופסור משה שור, 5			||||||	1	1	0	32.018791	34.788356
	רמת השרון	סוקולוב, 32			||||||	1	1	0	32.141534	34.836829
	קרית אתא	העצמאות, 37			||||||	1	1	0	32.803712	35.103335
קטוף שיווק בע"מ	חיפה	חרמון, 2			||||||	1	1	0	32.805542	35.001005
	רחובות	הרצל, 165			||||||	1	1	0	31.897123	34.810646
	אשקלון	ההסתדרות, 40			||||||	1	1	0	31.655118	34.556291
	מצפה רמון	שדרות דוד בן גוריון, 4			||||||	1	1	0	30.612337	34.803292
	קרית גת	גאון הירדן, 41			||||||	1	1	0	31.610356	34.754767
	ירושלים	צפניה, 1			||||||	1	1	0	31.790322	35.218929
	רמת גן	תובל, 19			||||||	1	1	0	32.084443	34.802234
	תל אביב-יפו	יהודה המכבי, 55			||||||	1	1	0	32.093947	34.790788
	אופקים	חפץ חיים, 33			||||||	1	1	0	31.304596	34.627367
	בית שמש	הרב שלמה זלמן אויירבך, 62			||||||	1	1	0	31.707320	34.996970
	ערד	התעשייה, 6			||||||	1	1	0	31.253802	35.209165
	ראשון לציון	מורדי הגטאות, 44			||||||	1	1	0	31.954360	34.822567
	חדרה	הגיבורים, 59			||||||	1	1	0	32.436720	34.922621
	חצור הגלילית	האתרוג 3			||||||	1	1	0	32.980470	35.543419
	מודיעין עילית	נתיבות המשפט, 64			||||||	1	1	0	31.925816	35.043785
	חולון	מקווה ישראל, 32			||||||	1	1	0	32.027611	34.780839
	בת ים	בלפור, 122			||||||	1	1	0	32.014287	34.742442
	בני ברק	ירושלים, 62			||||||	1	1	0	32.082995	34.827281
	רמת גן	נווה יהושע, 7			||||||	1	1	0	32.060199	34.829265
	ירושלים	הפסגה, 9			||||||	1	1	0	31.770264	35.182610
	קרית גת	שדרות גת, 44			||||||	1	1	0	31.610979	34.765862
	חיפה	הדשנים, 4			||||||	1	1	0	32.810155	35.070418
	רחובות	ההגנה, 37			||||||	1	1	0	31.893916	34.824719
	בני ברק	החלוצים, 22			||||||	1	1	0	32.095121	34.841113
	נחליאל	האודם, 24			||||||	0	1	0	31.995918	34.942118
	תל ציון	אהבת ישראל, 25			||||||	0	1	0	31.878540	35.239899
	תל ציון	אהבת שלום, 25			||||||	0	1	0	31.879314	35.236999
	תל ציון	אהבת שלום, 7			||||||	0	1	0	32.075530	34.837305
	תל ציון	מקום ברוך ,31			||||||	0	1	0	31.880532	35.239397
	ירושלים	שדרות נווה יעקב, 24			||||||	1	1	0	31.842700	35.241082
	בית שמש	נהר הירדן 19			||||||	1	1	0	31.732469	34.993492
	קרית מוצקין	יששכר, 2			||||||	1	1	0	32.833510	35.073505
	בני ברק	נורדאו, 39			||||||	1	1	0	32.094960	34.834864
	עכו	אחד העם, 1			||||||	1	1	0	32.933504	35.091566
	פתח תקווה	טרומפלדור, 26			||||||	1	1	0	32.086044	34.878152
	רמת גן	דרך שיבא, 8			||||||	1	1	0	32.051299	34.838594
	נתניה	טום לנטוס 8			||||||	1	1	0	32.311727	34.869795
	נתיבות	יוסף סמלו, 9			||||||	1	1	0	31.421661	34.599790
	רמלה	יאיר שטרן, 14			||||||	1	1	0	31.937566	34.877788
	ירושלים	ירמיהו, 9			||||||	1	1	0	31.792177	35.209895
	רעננה	אחוזה, 148			||||||	1	1	0	32.181592	34.871016
	ירושלים	בן יהודה, 36			||||||	1	1	0	31.781018	35.215191
	עפולה	ירושלים, 3			||||||	1	1	0	32.608414	35.290912
	תל אביב-יפו	הרב יצחק ידידיה פרנקל, 7			||||||	1	1	0	32.057194	34.767678
תחנה מרכזית חיפה	חיפה	רחוב ההסתדרות 45	סופרבוס		07:00-19:00|07:00-19:00|07:00-19:00|07:00-19:00|07:00-19:00|07:30-13:00|	1	1	0	32.791958	35.033875
מתחם מול כנרת צמח	צמח	צומת צמח, ליד רהיטי הזורע	סופרבוס		09:30-21:00|09:30-21:00|09:30-21:00|09:30-21:00|09:30-21:00|09:30-15:00|10:00-21:00	1	1	0	32.703961	35.582870
מרכזית חוף כרמל צפון	חיפה	חיפה, מטרונית תחנת מרכזית חוף כרמל צ	סופרבוס		07:00-19:00|07:00-19:00|07:00-19:00|07:00-19:00|07:00-19:00|07:00-14:00|	1	1	1	32.793818	34.958408
רכבת בת גלים	חיפה	עליית הנוער, מטרונית תחנת רכבת בת גלים	סופרבוס		00:00-23:59|00:00-23:59|00:00-23:59|00:00-23:59|00:00-23:59|00:00-23:59|00:00-23:59	1	1	1	32.830760	34.982956
מרכזית הקריות דרום	קרית מוצקין	מרכזית הקריות, מטרונית תחנת מרכזית הקריות דרו	סופרבוס		00:00-23:59|00:00-23:59|00:00-23:59|00:00-23:59|00:00-23:59|00:00-23:59|00:00-23:59	1	1	1	32.859319	35.090181
מרכזית המפרץ דרום	חיפה	חיפה, מטרונית תחנת מרכזית המפרץ דרום	סופרבוס		00:00-23:59|00:00-23:59|00:00-23:59|00:00-23:59|00:00-23:59|00:00-23:59|00:00-23:59	1	1	1	32.792612	35.034123
מרכזית המפרץ צפון	חיפה	חיפה, מטרונית תחנת מרכזית המפרץ צפון	סופרבוס		00:00-23:59|00:00-23:59|00:00-23:59|00:00-23:59|00:00-23:59|00:00-23:59|00:00-23:59	1	1	1	32.792605	35.034971
גשר פז דרום	חיפה	חיפה, מטרונית תחנת גשר פז דרום	סופרבוס		00:00-23:59|00:00-23:59|00:00-23:59|00:00-23:59|00:00-23:59|00:00-23:59|00:00-23:59	1	1	1	32.798781	35.018031
גשר פז צפון	חיפה	חיפה, מטרונית תחנת גשר פז צפון	סופרבוס		00:00-23:59|00:00-23:59|00:00-23:59|00:00-23:59|00:00-23:59|00:00-23:59|00:00-23:59	1	1	1	32.798674	35.018159
הקוממיות	בת-ים		תבל מטרו		05:30 - 02:00|05:30 - 02:00|05:30 - 02:00|05:30 - 02:00|05:30 - 02:00|05:30 - 02:00|05:30 - 02:00	1	1	0	32.002287	34.746818
העמל	בת-ים		תבל מטרו		05:30 - 02:00|05:30 - 02:00|05:30 - 02:00|05:30 - 02:00|05:30 - 02:00|05:30 - 02:00|05:30 - 02:00	1	1	0	32.005878	34.748970
כ״ט בנובמבר	בת-ים		תבל מטרו		05:30 - 02:00|05:30 - 02:00|05:30 - 02:00|05:30 - 02:00|05:30 - 02:00|05:30 - 02:00|05:30 - 02:00	1	1	0	32.010852	34.751500
יוספטל	בת-ים		תבל מטרו		05:30 - 02:00|05:30 - 02:00|05:30 - 02:00|05:30 - 02:00|05:30 - 02:00|05:30 - 02:00|05:30 - 02:00	1	1	0	32.015397	34.752178
בנימין	בת-ים		תבל מטרו		05:30 - 02:00|05:30 - 02:00|05:30 - 02:00|05:30 - 02:00|05:30 - 02:00|05:30 - 02:00|05:30 - 02:00	1	1	0	32.016384	34.748389
בלפור	בת-ים		תבל מטרו		05:30 - 02:00|05:30 - 02:00|05:30 - 02:00|05:30 - 02:00|05:30 - 02:00|05:30 - 02:00|05:30 - 02:00	1	1	0	32.017457	34.744716
ז'בוטינסקי	בת-ים		תבל מטרו		05:30 - 02:00|05:30 - 02:00|05:30 - 02:00|05:30 - 02:00|05:30 - 02:00|05:30 - 02:00|05:30 - 02:00	1	1	0	32.021674	34.743238
רוטשילד	בת-ים		תבל מטרו		05:30 - 02:00|05:30 - 02:00|05:30 - 02:00|05:30 - 02:00|05:30 - 02:00|05:30 - 02:00|05:30 - 02:00	1	1	0	32.026704	34.744437
העצמאות	בת-ים		תבל מטרו		05:30 - 02:00|05:30 - 02:00|05:30 - 02:00|05:30 - 02:00|05:30 - 02:00|05:30 - 02:00|05:30 - 02:00	1	1	0	32.028191	34.748986
מחרוזת	בת-ים		תבל מטרו		05:30 - 02:00|05:30 - 02:00|05:30 - 02:00|05:30 - 02:00|05:30 - 02:00|05:30 - 02:00|05:30 - 02:00	1	1	0	32.033272	34.751559
הבעש"ט	בת-ים		תבל מטרו		05:30 - 02:00|05:30 - 02:00|05:30 - 02:00|05:30 - 02:00|05:30 - 02:00|05:30 - 02:00|05:30 - 02:00	1	1	0	32.038772	34.755811
איסקוב	בת-ים		תבל מטרו		05:30 - 02:00|05:30 - 02:00|05:30 - 02:00|05:30 - 02:00|05:30 - 02:00|05:30 - 02:00|05:30 - 02:00	1	1	0	32.042205	34.757079
ארליך	תל-אביב יפו		תבל מטרו		05:30 - 02:00|05:30 - 02:00|05:30 - 02:00|05:30 - 02:00|05:30 - 02:00|05:30 - 02:00|05:30 - 02:00	1	1	0	32.046052	34.758356
אצטדיון בלומפילד	תל-אביב יפו		תבל מטרו		05:30 - 02:00|05:30 - 02:00|05:30 - 02:00|05:30 - 02:00|05:30 - 02:00|05:30 - 02:00|05:30 - 02:00	1	1	0	32.050300	34.758947
שַׁלְמָה (סַלַמֶה)	תל-אביב יפו		תבל מטרו		05:30 - 02:00|05:30 - 02:00|05:30 - 02:00|05:30 - 02:00|05:30 - 02:00|05:30 - 02:00|05:30 - 02:00	1	1	0	32.054357	34.759484
אליפלט	תל-אביב יפו		תבל מטרו		05:30 - 02:00|05:30 - 02:00|05:30 - 02:00|05:30 - 02:00|05:30 - 02:00|05:30 - 02:00|05:30 - 02:00	1	1	0	32.058423	34.763033
אלנבי	תל-אביב יפו		תבל מטרו		05:30 - 02:00|05:30 - 02:00|05:30 - 02:00|05:30 - 02:00|05:30 - 02:00|05:30 - 02:00|05:30 - 02:00	1	1	0	32.062791	34.775131
קרליבך	תל-אביב יפו		תבל מטרו		05:30 - 02:00|05:30 - 02:00|05:30 - 02:00|05:30 - 02:00|05:30 - 02:00|05:30 - 02:00|05:30 - 02:00	1	1	0	32.065272	34.782824
יהודית	תל-אביב יפו		תבל מטרו		05:30 - 02:00|05:30 - 02:00|05:30 - 02:00|05:30 - 02:00|05:30 - 02:00|05:30 - 02:00|05:30 - 02:00	1	1	0	32.070168	34.788406
שאול המלך	תל-אביב יפו		תבל מטרו		05:30 - 02:00|05:30 - 02:00|05:30 - 02:00|05:30 - 02:00|05:30 - 02:00|05:30 - 02:00|05:30 - 02:00	1	1	0	32.076636	34.792005
ארלוזורוב	תל-אביב יפו		תבל מטרו		05:30 - 02:00|05:30 - 02:00|05:30 - 02:00|05:30 - 02:00|05:30 - 02:00|05:30 - 02:00|05:30 - 02:00	1	1	0	32.081554	34.796524
אבא הלל	רמת גן		תבל מטרו		05:30 - 02:00|05:30 - 02:00|05:30 - 02:00|05:30 - 02:00|05:30 - 02:00|05:30 - 02:00|05:30 - 02:00	1	1	0	32.082911	34.802729
ביאליק	רמת גן		תבל מטרו		05:30 - 02:00|05:30 - 02:00|05:30 - 02:00|05:30 - 02:00|05:30 - 02:00|05:30 - 02:00|05:30 - 02:00	1	1	0	32.087285	34.812851
בן־גוריון	בני ברק		תבל מטרו		05:30 - 02:00|05:30 - 02:00|05:30 - 02:00|05:30 - 02:00|05:30 - 02:00|05:30 - 02:00|05:30 - 02:00	1	1	0	32.091009	34.823592
אהרונוביץ'	בני ברק		תבל מטרו		05:30 - 02:00|05:30 - 02:00|05:30 - 02:00|05:30 - 02:00|05:30 - 02:00|05:30 - 02:00|05:30 - 02:00	1	1	0	32.092685	34.838868
גשר אם המושבות	בני ברק		תבל מטרו		05:30 - 02:00|05:30 - 02:00|05:30 - 02:00|05:30 - 02:00|05:30 - 02:00|05:30 - 02:00|05:30 - 02:00	1	1	0	32.099237	34.846378
קריית אריה	פתח-תקווה		תבל מטרו		05:30 - 02:00|05:30 - 02:00|05:30 - 02:00|05:30 - 02:00|05:30 - 02:00|05:30 - 02:00|05:30 - 02:00	1	1	0	32.105931	34.861896
שנקר	פתח-תקווה		תבל מטרו		05:30 - 02:00|05:30 - 02:00|05:30 - 02:00|05:30 - 02:00|05:30 - 02:00|05:30 - 02:00|05:30 - 02:00	1	1	0	32.092669	34.853254
שחם	פתח-תקווה		תבל מטרו		05:30 - 02:00|05:30 - 02:00|05:30 - 02:00|05:30 - 02:00|05:30 - 02:00|05:30 - 02:00|05:30 - 02:00	1	1	0	32.091952	34.861300
בילינסון	פתח-תקווה		תבל מטרו		05:30 - 02:00|05:30 - 02:00|05:30 - 02:00|05:30 - 02:00|05:30 - 02:00|05:30 - 02:00|05:30 - 02:00	1	1	0	32.091462	34.866804
דנקנר	פתח-תקווה		תבל מטרו		05:30 - 02:00|05:30 - 02:00|05:30 - 02:00|05:30 - 02:00|05:30 - 02:00|05:30 - 02:00|05:30 - 02:00	1	1	0	32.090949	34.872167
קרול	פתח-תקווה		תבל מטרו		05:30 - 02:00|05:30 - 02:00|05:30 - 02:00|05:30 - 02:00|05:30 - 02:00|05:30 - 02:00|05:30 - 02:00	1	1	0	32.091913	34.877506
פינסקר	פתח-תקווה		תבל מטרו		05:30 - 02:00|05:30 - 02:00|05:30 - 02:00|05:30 - 02:00|05:30 - 02:00|05:30 - 02:00|05:30 - 02:00	1	1	0	32.093731	34.882201
תחנה מרכזית פתח תקווה	פתח-תקווה		תבל מטרו		05:30 - 02:00|05:30 - 02:00|05:30 - 02:00|05:30 - 02:00|05:30 - 02:00|05:30 - 02:00|05:30 - 02:00	1	1	0	32.094693	34.886538
